source,family,size,index,problem,mode,engine_requested,jobs,test_period,timeout_s,run,copies,expected,verdict,reason,checked,engine,fragment,occurrences,multiplicity,time_ms,nodes,memo_hits,memo_entries,splits,links,tests,recursion_limit,cpu_ms,wait_ms,bias,forward_copies,check_ms,memory_limit,copies_reached,pool_after
spec,benchmarks/bug_tracking,,,x0_BUG_REPORT_q6.spec,intuitionistic-affine,horn,1,,5,0,3,,unprovable,,,horn,IMELL,272355,5184,26.902,0,0,1,0,0,0,2048,30.000,0.102,auto,30,,1073741824,0,
spec,benchmarks/bug_tracking,,,x0_CLOSED_q5.spec,intuitionistic-affine,horn,1,,5,0,3,,unprovable,,,horn,IMELL,272355,5184,25.108,0,0,1,0,0,0,2048,30.000,0.134,auto,30,,1073741824,0,
spec,benchmarks/bug_tracking,,,x0_FIXED_q1.spec,intuitionistic-affine,horn,1,,5,0,3,,unprovable,,,horn,IMELL,272355,5184,25.671,0,0,1,0,0,0,2048,30.000,0.081,auto,30,,1073741824,0,
spec,benchmarks/bug_tracking,,,x0_FIXED_q8.spec,intuitionistic-affine,horn,1,,5,0,3,,unknown,timeout,,horn,IMELL,272355,5184,5014.295,19098724,17214833,1883892,0,0,0,2048,5000.000,7.235,auto,30,,1073741824,0,
spec,benchmarks/bug_tracking,,,x0_FIX_AGAIN_q3.spec,intuitionistic-affine,horn,1,,5,0,3,,unprovable,,,horn,IMELL,272355,5184,26.955,0,0,1,0,0,0,2048,30.000,0.091,auto,30,,1073741824,0,
spec,benchmarks/bug_tracking,,,x0_MORE_INFO_q6.spec,intuitionistic-affine,horn,1,,5,0,3,,unprovable,,,horn,IMELL,272355,5184,26.872,0,0,1,0,0,0,2048,30.000,0.093,auto,30,,1073741824,0,
spec,benchmarks/bug_tracking,,,x0_MUST_FIX_q5.spec,intuitionistic-affine,horn,1,,5,0,3,,unprovable,,,horn,IMELL,272355,5184,26.867,0,0,1,0,0,0,2048,30.000,0.084,auto,30,,1073741824,0,
spec,benchmarks/bug_tracking,,,x0_PENDING_q3_buggy.spec,intuitionistic-affine,horn,1,,5,0,3,,unknown,timeout,,horn,IMELL,272355,5184,5012.769,20612086,19276437,1335650,0,0,0,2048,4990.000,15.608,auto,30,,1073741824,0,
spec,benchmarks/bug_tracking,,,x0_PENDING_q8.spec,intuitionistic-affine,horn,1,,5,0,3,,unknown,timeout,,horn,IMELL,272355,5184,5005.860,27886831,26960523,926309,0,0,0,2048,4990.000,6.164,auto,30,,1073741824,0,
spec,benchmarks/bug_tracking,,,x0_VERIFIED_q6.spec,intuitionistic-affine,horn,1,,5,0,3,,unprovable,,,horn,IMELL,272355,5184,25.973,0,0,1,0,0,0,2048,20.000,0.065,auto,30,,1073741824,0,
spec,benchmarks/medical,,,x0_AA_q5.spec,intuitionistic-affine,horn,1,,5,0,3,,unprovable,,,horn,IMELL,57592,1152,4926.186,18714010,18002511,711500,0,0,0,2048,4910.000,5.382,auto,30,,1073741824,0,
spec,benchmarks/medical,,,x0_HA_q1.spec,intuitionistic-affine,horn,1,,5,0,3,,unprovable,,,horn,IMELL,57592,1152,4.872,0,0,1,0,0,0,2048,0.000,0.033,auto,30,,1073741824,0,
spec,benchmarks/medical,,,x0_HQ_q2.spec,intuitionistic-affine,horn,1,,5,0,3,,unprovable,,,horn,IMELL,57592,1152,4.853,0,0,1,0,0,0,2048,0.000,0.024,auto,30,,1073741824,0,
spec,benchmarks/mist/PN,,,MultiME.spec,intuitionistic-affine,horn,1,,5,0,3,,unprovable,,,horn,IMELL,102,5,0.113,253,192,62,0,0,0,2048,0.000,0.000,auto,30,,1073741824,0,
spec,benchmarks/mist/PN,,,basicME.spec,intuitionistic-affine,horn,1,,5,0,3,unprovable,unprovable,,,horn,IMELL,56,4,0.052,47,32,16,0,0,0,2048,0.000,0.000,auto,30,,1073741824,0,
spec,benchmarks/mist/PN,,,bingham_h25.spec,intuitionistic-affine,horn,1,,5,0,3,,unprovable,,,horn,IMELL,319,28,0.129,265,115,151,0,0,0,2048,0.000,0.000,auto,30,,1073741824,0,
spec,benchmarks/mist/PN,,,extendedread-write.spec,intuitionistic-affine,horn,1,,5,0,3,,unknown,timeout,,horn,IMELL,1809,275,5002.218,508966,418177,90790,0,0,0,2048,4970.000,9.069,auto,30,,1073741824,0,
spec,benchmarks/mist/PN,,,leabasicapproach.spec,intuitionistic-affine,horn,1,,5,0,3,,proved,,ok,horn,IMELL,91,3,0.088,38,7,31,0,0,0,2048,0.000,0.000,auto,30,0.009,1073741824,0,
spec,benchmarks/mist/PN,,,pncsasemiliv.spec,intuitionistic-affine,horn,1,,5,0,3,,proved,,ok,horn,IMELL,225,5,0.108,44,11,33,0,0,0,2048,0.000,0.000,auto,30,0.013,1073741824,0,
spec,benchmarks/mist/boundedPN,,,newdekker.spec,intuitionistic-affine,horn,1,,5,0,3,unprovable,unprovable,,,horn,IMELL,136,5,0.747,2074,1783,292,0,0,0,2048,0.000,0.000,auto,30,,1073741824,0,
spec,benchmarks/soter,,,finite_leader__single_leader__depth_0.spec,intuitionistic-affine,horn,1,,5,0,3,,proved,,ok,horn,IMELL,649,55,317.373,1035780,892057,143723,0,0,0,2048,300.000,0.465,auto,30,0.029,1073741824,0,
spec,benchmarks/soter,,,firewall__no_pred_called_with_zero__depth_1.spec,intuitionistic-affine,horn,1,,5,0,3,,unprovable,,,horn,IMELL,1327,127,0.278,648,537,112,0,0,0,2048,0.000,0.000,auto,30,,1073741824,0,
spec,benchmarks/soter,,,howait__all_workers_finished_if_wait_over__depth_2.spec,intuitionistic-affine,horn,1,,5,0,3,,unknown,timeout,,horn,IMELL,19185,2118,5017.735,36686425,35242029,1444397,0,0,0,2048,4820.000,182.489,auto,30,,1073741824,0,
spec,benchmarks/soter,,,pipe__single_message_in_mailbox__depth_0.spec,intuitionistic-affine,horn,1,,5,0,3,,unprovable,,,horn,IMELL,241,20,0.128,198,107,92,0,0,0,2048,0.000,0.000,auto,30,,1073741824,0,
spec,benchmarks/soter,,,reslock__critical__depth_2.spec,intuitionistic-affine,horn,1,,5,0,3,,unprovable,,,horn,IMELL,2241,220,5.177,25742,19904,5839,0,0,0,2048,0.000,0.022,auto,30,,1073741824,0,
spec,benchmarks/soter,,,reslockbeh__critical__depth_1.spec,intuitionistic-affine,horn,1,,5,0,3,,unprovable,,,horn,IMELL,1497,148,4.148,10047,7895,2153,0,0,0,2048,0.000,2.082,auto,30,,1073741824,0,
spec,benchmarks/soter,,,safe_send__sending_to_non-pid_1__depth_1.spec,intuitionistic-affine,horn,1,,5,0,3,,unprovable,,,horn,IMELL,959,79,138.990,539025,460072,78954,0,0,0,2048,130.000,0.230,auto,30,,1073741824,0,
spec,benchmarks/soter,,,safe_send__sending_to_non-pid_3__depth_1.spec,intuitionistic-affine,horn,1,,5,0,3,,unprovable,,,horn,IMELL,959,79,2.434,12973,10845,2129,0,0,0,2048,0.000,0.022,auto,30,,1073741824,0,
spec,benchmarks/soter,,,safe_send__sending_to_non-pid__depth_0.spec,intuitionistic-affine,horn,1,,5,0,3,,proved,,ok,horn,IMELL,463,39,4.288,29512,23800,5712,0,0,0,2048,0.000,0.040,auto,30,0.023,1073741824,0,
spec,benchmarks/soter,,,sieve__single_message_in_filter_mailbox__depth_0.spec,intuitionistic-affine,horn,1,,5,0,3,,unprovable,,,horn,IMELL,601,50,0.695,2356,1481,876,0,0,0,2048,0.000,0.000,auto,30,,1073741824,0,
spec,benchmarks/soter,,,state_factory__single_message_in_mailbox__depth_1.spec,intuitionistic-affine,horn,1,,5,0,3,,unprovable,,,horn,IMELL,57209,6574,3533.201,23484783,21611597,1873187,0,0,0,2048,3510.000,6.768,auto,30,,1073741824,0,
spec,benchmarks/soter,,,unsafe_send__sending_to_non-pid__depth_0.spec,intuitionistic-affine,horn,1,,5,0,3,,proved,,ok,horn,IMELL,111,8,0.139,345,212,133,0,0,0,2048,0.000,0.000,auto,30,0.012,1073741824,0,
spec,benchmarks/wahl-kroening/Boop_simple_vf_satabs.2,,,main.spec,intuitionistic-affine,horn,1,,5,0,3,,proved,,ok,horn,IMELL,59911,296,34.567,303921,266136,37785,0,0,0,2048,30.000,0.103,auto,30,0.590,1073741824,0,
spec,benchmarks/wahl-kroening/conditionals_vs_satabs.2,,,main.spec,intuitionistic-affine,horn,1,,5,0,3,,unprovable,,,horn,IMELL,2247,248,0.279,0,0,1,0,0,0,2048,0.000,0.000,auto,30,,1073741824,0,
spec,benchmarks/wahl-kroening/dekker_vs_satabs.2,,,main.spec,intuitionistic-affine,horn,1,,5,0,3,,proved,,ok,horn,IMELL,10823,64,10.627,102982,93296,9686,0,0,0,2048,0.000,0.079,auto,30,0.105,1073741824,0,
spec,benchmarks/wahl-kroening/double_lock_p2_vs_satabs.1,,,main.spec,intuitionistic-affine,horn,1,,5,0,3,,proved,,ok,horn,IMELL,1727,43,1.485,9814,8361,1453,0,0,0,2048,0.000,0.065,auto,30,0.026,1073741824,0,
spec,benchmarks/wahl-kroening/double_lock_p3_vs_satabs.3,,,main.spec,intuitionistic-affine,horn,1,,5,0,3,,proved,,ok,horn,IMELL,25351,128,130.625,886324,792495,93829,0,0,0,2048,120.000,0.563,auto,30,0.211,1073741824,0,
spec,benchmarks/wahl-kroening/lu-fig2_fixed_vs_satabs.1,,,main.spec,intuitionistic-affine,horn,1,,5,0,3,,proved,,ok,horn,IMELL,297,18,0.153,300,208,92,0,0,0,2048,0.000,0.000,auto,30,0.012,1073741824,0,
spec,benchmarks/wahl-kroening/peterson_vs_satabs.2,,,main.spec,intuitionistic-affine,horn,1,,5,0,3,,proved,,ok,horn,IMELL,16007,128,37.642,401760,366398,35362,0,0,0,2048,30.000,0.074,auto,30,0.157,1073741824,0,
spec,benchmarks/wahl-kroening/pthread5_vs_satabs.4,,,main.spec,intuitionistic-affine,horn,1,,5,0,3,,proved,,ok,horn,IMELL,15239,64,46.724,439793,400771,39022,0,0,0,2048,40.000,0.143,auto,30,0.165,1073741824,0,
spec,benchmarks/wahl-kroening/rand_lock_p0_vs_satabs.2,,,main.spec,intuitionistic-affine,horn,1,,5,0,3,,proved,,ok,horn,IMELL,2327,125,0.696,3509,3062,447,0,0,0,2048,0.000,0.000,auto,30,0.032,1073741824,0,
spec,benchmarks/wahl-kroening/spin2003_vs_satabs.1,,,main.spec,intuitionistic-affine,horn,1,,5,0,3,,proved,,ok,horn,IMELL,283,13,0.161,340,251,89,0,0,0,2048,0.000,0.000,auto,30,0.012,1073741824,0,
spec,benchmarks/wahl-kroening/stack_cas_p0_vs_satabs.3,,,main.spec,intuitionistic-affine,horn,1,,5,0,3,,proved,,ok,horn,IMELL,2775,108,1.435,13135,12119,1016,0,0,0,2048,0.000,0.067,auto,30,0.040,1073741824,0,
spec,benchmarks/wahl-kroening/szymanski_vs_satabs.2,,,main.spec,intuitionistic-affine,horn,1,,5,0,3,,proved,,ok,horn,IMELL,66823,256,193.019,2082532,1943174,139358,0,0,0,2048,190.000,0.271,auto,30,0.617,1073741824,0,
spec,benchmarks/bug_tracking,,,x0_BUG_REPORT_q1.spec,intuitionistic-affine,horn,1,,5,0,3,,unprovable,,,horn,IMELL,272355,5184,26.532,0,0,1,0,0,0,2048,20.000,0.095,auto,30,,1073741824,0,
spec,benchmarks/bug_tracking,,,x0_BUG_REPORT_q8.spec,intuitionistic-affine,horn,1,,5,0,3,,unknown,timeout,,horn,IMELL,272355,5184,5030.737,14928550,11069249,3859302,0,0,0,2048,5020.000,8.625,auto,30,,1073741824,0,
spec,benchmarks/bug_tracking,,,x0_CLOSED_q6.spec,intuitionistic-affine,horn,1,,5,0,3,,unprovable,,,horn,IMELL,272355,5184,25.913,0,0,1,0,0,0,2048,30.000,0.071,auto,30,,1073741824,0,
spec,benchmarks/bug_tracking,,,x0_FIXED_q3.spec,intuitionistic-affine,horn,1,,5,0,3,,unprovable,,,horn,IMELL,272355,5184,26.509,0,0,1,0,0,0,2048,20.000,0.102,auto,30,,1073741824,0,
spec,benchmarks/bug_tracking,,,x0_FIX_AGAIN_q5.spec,intuitionistic-affine,horn,1,,5,0,3,,unprovable,,,horn,IMELL,272355,5184,27.018,0,0,1,0,0,0,2048,20.000,0.090,auto,30,,1073741824,0,
spec,benchmarks/bug_tracking,,,x0_MORE_INFO_q1.spec,intuitionistic-affine,horn,1,,5,0,3,,unprovable,,,horn,IMELL,272355,5184,27.753,0,0,1,0,0,0,2048,30.000,0.093,auto,30,,1073741824,0,
spec,benchmarks/bug_tracking,,,x0_MORE_INFO_q8.spec,intuitionistic-affine,horn,1,,5,0,3,,unknown,timeout,,horn,IMELL,272355,5184,5017.744,18857351,16868825,1988527,0,0,0,2048,5000.000,8.965,auto,30,,1073741824,0,
spec,benchmarks/bug_tracking,,,x0_MUST_FIX_q6.spec,intuitionistic-affine,horn,1,,5,0,3,,unprovable,,,horn,IMELL,272355,5184,26.101,0,0,1,0,0,0,2048,20.000,0.136,auto,30,,1073741824,0,
spec,benchmarks/bug_tracking,,,x0_PENDING_q3.spec,intuitionistic-affine,horn,1,,5,0,3,,unprovable,,,horn,IMELL,272355,5184,25.648,0,0,1,0,0,0,2048,20.000,0.066,auto,30,,1073741824,0,
spec,benchmarks/bug_tracking,,,x0_VERIFIED_q1.spec,intuitionistic-affine,horn,1,,5,0,3,,unprovable,,,horn,IMELL,272355,5184,26.160,0,0,1,0,0,0,2048,30.000,0.088,auto,30,,1073741824,0,
spec,benchmarks/bug_tracking,,,x0_VERIFIED_q8.spec,intuitionistic-affine,horn,1,,5,0,3,,unknown,timeout,,horn,IMELL,272355,5184,5022.467,17940515,15369259,2571257,0,0,0,2048,5000.000,7.363,auto,30,,1073741824,0,
spec,benchmarks/medical,,,x0_AR_q1.spec,intuitionistic-affine,horn,1,,5,0,3,,unprovable,,,horn,IMELL,57592,1152,4.835,0,0,1,0,0,0,2048,0.000,0.035,auto,30,,1073741824,0,
spec,benchmarks/medical,,,x0_HA_q2.spec,intuitionistic-affine,horn,1,,5,0,3,,unprovable,,,horn,IMELL,57592,1152,4.870,0,0,1,0,0,0,2048,0.000,0.100,auto,30,,1073741824,0,
spec,benchmarks/medical,,,x0_HQ_q5.spec,intuitionistic-affine,horn,1,,5,0,3,,unprovable,,,horn,IMELL,57592,1152,4.789,0,0,1,0,0,0,2048,0.000,0.024,auto,30,,1073741824,0,
spec,benchmarks/mist/PN,,,bingham_h150.spec,intuitionistic-affine,horn,1,,5,0,3,,unprovable,,,horn,IMELL,1819,153,4.787,37149,25578,11572,0,0,0,2048,0.000,0.065,auto,30,,1073741824,0,
spec,benchmarks/mist/PN,,,bingham_h50.spec,intuitionistic-affine,horn,1,,5,0,3,,unprovable,,,horn,IMELL,619,53,0.324,1605,759,847,0,0,0,2048,0.000,0.000,auto,30,,1073741824,0,
spec,benchmarks/mist/PN,,,fms_attic.spec,intuitionistic-affine,horn,1,,5,0,3,,unprovable,,,horn,IMELL,132,5,0.088,64,24,41,0,0,0,2048,0.000,0.000,auto,30,,1073741824,0,
spec,benchmarks/mist/PN,,,manufacturing.spec,intuitionistic-affine,horn,1,,5,0,3,,unprovable,,,horn,IMELL,85,4,0.044,0,0,1,0,0,0,2048,0.000,0.000,auto,30,,1073741824,0,
spec,benchmarks/mist/PN,,,multipool.spec,intuitionistic-affine,horn,1,,5,0,3,unprovable,unprovable,,,horn,IMELL,122,11,0.086,49,9,41,0,0,0,2048,0.000,0.000,auto,30,,1073741824,0,
spec,benchmarks/mist/boundedPN,,,newrtp.spec,intuitionistic-affine,horn,1,,5,0,3,unprovable,unprovable,,,horn,IMELL,52,4,0.045,12,1,12,0,0,0,2048,0.000,0.000,auto,30,,1073741824,0,
spec,benchmarks/soter,,,concdb__single_client_writes__depth_0.spec,intuitionistic-affine,horn,1,,5,0,3,,unprovable,,,horn,IMELL,1209,110,1.790,12073,10349,1725,0,0,0,2048,0.000,0.064,auto,30,,1073741824,0,
spec,benchmarks/soter,,,finite_leader__single_leader__depth_1.spec,intuitionistic-affine,horn,1,,5,0,3,,unprovable,,,horn,IMELL,985,90,2.427,13445,10745,2701,0,0,0,2048,0.000,0.067,auto,30,,1073741824,0,
spec,benchmarks/soter,,,firewall__no_pred_called_with_zero__depth_2.spec,intuitionistic-affine,horn,1,,5,0,3,,unprovable,,,horn,IMELL,11343,1255,1.849,5425,4948,478,0,0,0,2048,0.000,0.000,auto,30,,1073741824,0,
spec,benchmarks/soter,,,parikh__should_already_be_initialized__depth_0.spec,intuitionistic-affine,horn,1,,5,0,3,,unprovable,,,horn,IMELL,263,20,0.191,552,331,222,0,0,0,2048,0.000,0.000,auto,30,,1073741824,0,
spec,benchmarks/soter,,,pipe__single_message_in_mailbox__depth_1.spec,intuitionistic-affine,horn,1,,5,0,3,,unprovable,,,horn,IMELL,16073,1703,245.117,2113958,1841483,272476,0,0,0,2048,240.000,0.522,auto,30,,1073741824,0,
spec,benchmarks/soter,,,reslockbeh__critical__depth_2.spec,intuitionistic-affine,horn,1,,5,0,3,,unprovable,,,horn,IMELL,2521,253,5.894,32765,25486,7280,0,0,0,2048,0.000,0.022,auto,30,,1073741824,0,
spec,benchmarks/soter,,,ring__single_message_in_mailbox__depth_0.spec,intuitionistic-affine,horn,1,,5,0,3,,unprovable,,,horn,IMELL,481,40,0.352,991,594,398,0,0,0,2048,0.000,0.000,auto,30,,1073741824,0,
spec,benchmarks/soter,,,safe_send__sending_to_non-pid_1__depth_2.spec,intuitionistic-affine,horn,1,,5,0,3,,unprovable,,,horn,IMELL,959,79,132.132,539025,460072,78954,0,0,0,2048,120.000,0.298,auto,30,,1073741824,0,
spec,benchmarks/soter,,,safe_send__sending_to_non-pid_3__depth_2.spec,intuitionistic-affine,horn,1,,5,0,3,,unprovable,,,horn,IMELL,959,79,2.303,12973,10845,2129,0,0,0,2048,0.000,0.067,auto,30,,1073741824,0,
spec,benchmarks/soter,,,sieve__single_message_in_counter_mailbox__depth_0.spec,intuitionistic-affine,horn,1,,5,0,3,,unprovable,,,horn,IMELL,593,50,0.624,2297,1510,788,0,0,0,2048,0.000,0.000,auto,30,,1073741824,0,
spec,benchmarks/soter,,,sieve__single_message_in_sieve_mailbox__depth_0.spec,intuitionistic-affine,horn,1,,5,0,3,,unprovable,,,horn,IMELL,585,50,0.674,2260,1597,664,0,0,0,2048,0.000,0.098,auto,30,,1073741824,0,
spec,benchmarks/soter,,,stutter__we_abhorr_as__depth_0.spec,intuitionistic-affine,horn,1,,5,0,3,,proved,,ok,horn,IMELL,183,15,0.375,2105,1613,492,0,0,0,2048,0.000,0.000,auto,30,0.016,1073741824,0,
spec,benchmarks/soter,,,unsafe_send__sending_to_non-pid__depth_1.spec,intuitionistic-affine,horn,1,,5,0,3,,proved,,ok,horn,IMELL,111,8,0.144,345,212,133,0,0,0,2048,0.000,0.000,auto,30,0.011,1073741824,0,
spec,benchmarks/wahl-kroening/Function_Pointer3_vs_satabs.1,,,main.spec,intuitionistic-affine,horn,1,,5,0,3,,proved,,ok,horn,IMELL,575,30,0.173,379,306,73,0,0,0,2048,0.000,0.000,auto,30,0.013,1073741824,0,
spec,benchmarks/wahl-kroening/buggy_spaghetti_vf_satabs.1,,,main.spec,intuitionistic-affine,horn,1,,5,0,3,,proved,,ok,horn,IMELL,919,114,0.250,2525,2486,39,0,0,0,2048,0.000,0.000,auto,30,0.016,1073741824,0,
spec,benchmarks/wahl-kroening/constants_vf_satabs.1,,,main.spec,intuitionistic-affine,horn,1,,5,0,3,,proved,,ok,horn,IMELL,199,24,0.082,173,161,12,0,0,0,2048,0.000,0.000,auto,30,0.008,1073741824,0,
spec,benchmarks/wahl-kroening/double_lock_p1_vs_satabs.1,,,main.spec,intuitionistic-affine,horn,1,,5,0,3,,proved,,ok,horn,IMELL,1663,40,1.408,9654,8205,1449,0,0,0,2048,0.000,0.079,auto,30,0.023,1073741824,0,
spec,benchmarks/wahl-kroening/double_lock_p2_vs_satabs.2,,,main.spec,intuitionistic-affine,horn,1,,5,0,3,,proved,,ok,horn,IMELL,14855,64,59.830,379135,332177,46958,0,0,0,2048,50.000,0.137,auto,30,0.142,1073741824,0,
spec,benchmarks/wahl-kroening/lu-fig2_fixed_vs_satabs.2,,,main.spec,intuitionistic-affine,horn,1,,5,0,3,,proved,,ok,horn,IMELL,1487,25,0.429,1543,1053,490,0,0,0,2048,0.000,0.000,auto,30,0.024,1073741824,0,
spec,benchmarks/wahl-kroening/pthread5_vs_satabs.1,,,main.spec,intuitionistic-affine,horn,1,,5,0,3,,proved,,ok,horn,IMELL,3335,41,1.535,11122,9197,1925,0,0,0,2048,0.000,0.061,auto,30,0.037,1073741824,0,
spec,benchmarks/wahl-kroening/rand_cas_vs_satabs.1,,,main.spec,intuitionistic-affine,horn,1,,5,0,3,,proved,,ok,horn,IMELL,427,40,0.190,922,826,96,0,0,0,2048,0.000,0.000,auto,30,0.014,1073741824,0,
spec,benchmarks/wahl-kroening/rand_lock_p0_vs_satabs.3,,,main.spec,intuitionistic-affine,horn,1,,5,0,3,,proved,,ok,horn,IMELL,6215,349,2.500,24890,23093,1797,0,0,0,2048,0.000,0.064,auto,30,0.059,1073741824,0,
spec,benchmarks/wahl-kroening/spin2003_vs_satabs.2,,,main.spec,intuitionistic-affine,horn,1,,5,0,3,,proved,,ok,horn,IMELL,1463,21,0.809,4127,3215,912,0,0,0,2048,0.000,0.000,auto,30,0.023,1073741824,0,
spec,benchmarks/wahl-kroening/stack_lock_p0_vs_satabs.1,,,main.spec,intuitionistic-affine,horn,1,,5,0,3,,proved,,ok,horn,IMELL,475,20,0.193,691,551,140,0,0,0,2048,0.000,0.000,auto,30,0.015,1073741824,0,
spec,benchmarks/bug_tracking,,,x0_BUG_REPORT_q3.spec,intuitionistic-affine,horn,1,,5,0,3,,unprovable,,,horn,IMELL,272355,5184,38.189,0,0,1,0,0,0,2048,40.000,0.154,auto,30,,1073741824,0,
spec,benchmarks/bug_tracking,,,x0_CLOSED_q1.spec,intuitionistic-affine,horn,1,,5,0,3,,unprovable,,,horn,IMELL,272355,5184,35.350,0,0,1,0,0,0,2048,40.000,0.182,auto,30,,1073741824,0,
spec,benchmarks/bug_tracking,,,x0_CLOSED_q8.spec,intuitionistic-affine,horn,1,,5,0,3,,unknown,timeout,,horn,IMELL,272355,5184,5024.077,12652796,10372315,2280482,0,0,0,2048,4990.000,12.342,auto,30,,1073741824,0,
spec,benchmarks/bug_tracking,,,x0_FIXED_q5.spec,intuitionistic-affine,horn,1,,5,0,3,,unprovable,,,horn,IMELL,272355,5184,36.960,0,0,1,0,0,0,2048,40.000,0.139,auto,30,,1073741824,0,
spec,benchmarks/bug_tracking,,,x0_FIX_AGAIN_q6.spec,intuitionistic-affine,horn,1,,5,0,3,,unprovable,,,horn,IMELL,272355,5184,38.786,0,0,1,0,0,0,2048,40.000,0.153,auto,30,,1073741824,0,
spec,benchmarks/bug_tracking,,,x0_MORE_INFO_q3.spec,intuitionistic-affine,horn,1,,5,0,3,,unprovable,,,horn,IMELL,272355,5184,36.889,0,0,1,0,0,0,2048,40.000,0.226,auto,30,,1073741824,0,
spec,benchmarks/bug_tracking,,,x0_MUST_FIX_q1.spec,intuitionistic-affine,horn,1,,5,0,3,,unprovable,,,horn,IMELL,272355,5184,34.892,0,0,1,0,0,0,2048,30.000,0.115,auto,30,,1073741824,0,
spec,benchmarks/bug_tracking,,,x0_MUST_FIX_q8.spec,intuitionistic-affine,horn,1,,5,0,3,,unknown,timeout,,horn,IMELL,272355,5184,5029.257,8790634,5576370,3214265,0,0,0,2048,5000.000,13.742,auto,30,,1073741824,0,
spec,benchmarks/bug_tracking,,,x0_PENDING_q5.spec,intuitionistic-affine,horn,1,,5,0,3,,unprovable,,,horn,IMELL,272355,5184,32.572,0,0,1,0,0,0,2048,40.000,0.239,auto,30,,1073741824,0,
spec,benchmarks/bug_tracking,,,x0_VERIFIED_q3.spec,intuitionistic-affine,horn,1,,5,0,3,,unprovable,,,horn,IMELL,272355,5184,33.383,0,0,1,0,0,0,2048,40.000,0.099,auto,30,,1073741824,0,
spec,benchmarks/medical,,,x0_AA_q1.spec,intuitionistic-affine,horn,1,,5,0,3,,unprovable,,,horn,IMELL,57592,1152,6.126,0,0,1,0,0,0,2048,10.000,0.034,auto,30,,1073741824,0,
spec,benchmarks/medical,,,x0_AR_q2.spec,intuitionistic-affine,horn,1,,5,0,3,,unprovable,,,horn,IMELL,57592,1152,6.341,0,0,1,0,0,0,2048,10.000,0.037,auto,30,,1073741824,0,
spec,benchmarks/medical,,,x0_HA_q5.spec,intuitionistic-affine,horn,1,,5,0,3,,unknown,timeout,,horn,IMELL,57592,1152,5013.347,9291753,8467960,823794,0,0,0,2048,4990.000,9.931,auto,30,,1073741824,0,
spec,benchmarks/mist/PN,,,bingham_h250_attic.spec,intuitionistic-affine,horn,1,,5,0,3,,unprovable,,,horn,IMELL,74929,8990,58.386,155635,68665,86971,0,0,0,2048,60.000,0.189,auto,30,,1073741824,0,
spec,benchmarks/mist/PN,,,csm.spec,intuitionistic-affine,horn,1,,5,0,3,unprovable,unprovable,,,horn,IMELL,85,4,0.102,34,9,26,0,0,0,2048,0.000,0.000,auto,30,,1073741824,0,
spec,benchmarks/mist/PN,,,fms.spec,intuitionistic-affine,horn,1,,5,0,3,unprovable,unprovable,,,horn,IMELL,118,4,0.096,24,12,13,0,0,0,2048,0.000,0.000,auto,30,,1073741824,0,
spec,benchmarks/mist/PN,,,mesh2x2.spec,intuitionistic-affine,horn,1,,5,0,3,unprovable,unprovable,,,horn,IMELL,195,4,0.174,171,108,64,0,0,0,2048,0.000,0.000,auto,30,,1073741824,0,
spec,benchmarks/mist/PN,,,pingpong.spec,intuitionistic-affine,horn,1,,5,0,3,,unprovable,,,horn,IMELL,48,4,0.067,54,35,20,0,0,0,2048,0.000,0.000,auto,30,,1073741824,0,
spec,benchmarks/mist/boundedPN,,,kanban.spec,intuitionistic-affine,horn,1,,5,0,3,,unprovable,,,horn,IMELL,123,7,0.085,11,1,11,0,0,0,2048,0.000,0.000,auto,30,,1073741824,0,
spec,benchmarks/mist/boundedPN,,,peterson.spec,intuitionistic-affine,horn,1,,5,0,3,unprovable,unprovable,,,horn,IMELL,104,4,0.459,1216,1023,194,0,0,0,2048,0.000,0.000,auto,30,,1073741824,0,
spec,benchmarks/soter,,,concdb__single_client_writes__depth_1.spec,intuitionistic-affine,horn,1,,5,0,3,,unprovable,,,horn,IMELL,5385,537,56.386,311786,268541,43246,0,0,0,2048,50.000,0.262,auto,30,,1073741824,0,
spec,benchmarks/soter,,,finite_leader__single_leader__depth_2.spec,intuitionistic-affine,horn,1,,5,0,3,,unprovable,,,horn,IMELL,985,90,3.362,13445,10745,2701,0,0,0,2048,0.000,0.116,auto,30,,1073741824,0,
spec,benchmarks/soter,,,howait__all_workers_finished_if_wait_over__depth_0.spec,intuitionistic-affine,horn,1,,5,0,3,,proved,,ok,horn,IMELL,401,36,8.163,28793,23660,5133,0,0,0,2048,0.000,0.133,auto,30,0.026,1073741824,0,
spec,benchmarks/soter,,,parikh__should_already_be_initialized__depth_1.spec,intuitionistic-affine,horn,1,,5,0,3,,unprovable,,,horn,IMELL,327,24,0.365,932,593,340,0,0,0,2048,0.000,0.000,auto,30,,1073741824,0,
spec,benchmarks/soter,,,pipe__single_message_in_mailbox__depth_2.spec,intuitionistic-affine,horn,1,,5,0,3,,unprovable,,,horn,IMELL,5761,569,65.688,373932,296948,76985,0,0,0,2048,60.000,0.176,auto,30,,1073741824,0,
spec,benchmarks/soter,,,reslock__critical__depth_0.spec,intuitionistic-affine,horn,1,,5,0,3,,unprovable,,,horn,IMELL,473,40,0.741,1972,1442,531,0,0,0,2048,0.000,0.000,auto,30,,1073741824,0,
spec,benchmarks/soter,,,ring__single_message_in_mailbox__depth_1.spec,intuitionistic-affine,horn,1,,5,0,3,,unknown,timeout,,horn,IMELL,95481,10803,5017.784,17119522,15298852,1820671,0,0,0,2048,4990.000,9.757,auto,30,,1073741824,0,
spec,benchmarks/soter,,,safe_send__sending_to_non-pid_2__depth_1.spec,intuitionistic-affine,horn,1,,5,0,3,,unprovable,,,horn,IMELL,959,79,231.636,614742,521646,93097,0,0,0,2048,220.000,0.479,auto,30,,1073741824,0,
spec,benchmarks/soter,,,safe_send__sending_to_non-pid_4__depth_1.spec,intuitionistic-affine,horn,1,,5,0,3,,unprovable,,,horn,IMELL,959,79,52.643,183090,162883,20208,0,0,0,2048,50.000,0.197,auto,30,,1073741824,0,
spec,benchmarks/soter,,,sieve__single_message_in_counter_mailbox__depth_1.spec,intuitionistic-affine,horn,1,,5,0,3,,unprovable,,,horn,IMELL,6001,666,25.216,140338,126991,13348,0,0,0,2048,20.000,0.147,auto,30,,1073741824,0,
spec,benchmarks/soter,,,state_factory__after_receive_if_no_mail__depth_0.spec,intuitionistic-affine,horn,1,,5,0,3,,unprovable,,,horn,IMELL,297,23,0.269,459,274,186,0,0,0,2048,0.000,0.000,auto,30,,1073741824,0,
spec,benchmarks/soter,,,stutter__we_abhorr_as__depth_1.spec,intuitionistic-affine,horn,1,,5,0,3,,proved,,ok,horn,IMELL,231,19,1.075,4144,3185,959,0,0,0,2048,0.000,0.000,auto,30,0.021,1073741824,0,
spec,benchmarks/soter,,,unsafe_send__sending_to_non-pid__depth_2.spec,intuitionistic-affine,horn,1,,5,0,3,,proved,,ok,horn,IMELL,111,8,0.192,345,212,133,0,0,0,2048,0.000,0.000,auto,30,0.013,1073741824,0,
spec,benchmarks/wahl-kroening/Function_Pointer3_vs_satabs.2,,,main.spec,intuitionistic-affine,horn,1,,5,0,3,,proved,,ok,horn,IMELL,6791,380,5.975,42003,38957,3046,0,0,0,2048,0.000,0.136,auto,30,0.082,1073741824,0,
spec,benchmarks/wahl-kroening/buggy_spaghetti_vf_satabs.2,,,main.spec,intuitionistic-affine,horn,1,,5,0,3,,proved,,ok,horn,IMELL,5575,696,2.648,37351,37252,99,0,0,0,2048,0.000,0.108,auto,30,0.071,1073741824,0,
spec,benchmarks/wahl-kroening/constants_vf_satabs.2,,,main.spec,intuitionistic-affine,horn,1,,5,0,3,,proved,,ok,horn,IMELL,3143,392,1.506,20301,20196,105,0,0,0,2048,0.000,0.030,auto,30,0.045,1073741824,0,
spec,benchmarks/wahl-kroening/double_lock_p1_vs_satabs.2,,,main.spec,intuitionistic-affine,horn,1,,5,0,3,,proved,,ok,horn,IMELL,61575,256,2392.480,7380782,6816677,564105,0,0,0,2048,2380.000,6.240,auto,30,0.733,1073741824,0,
spec,benchmarks/wahl-kroening/double_lock_p3_vs_satabs.1,,,main.spec,intuitionistic-affine,horn,1,,5,0,3,,proved,,ok,horn,IMELL,655,27,0.444,1604,1313,291,0,0,0,2048,0.000,0.000,auto,30,0.019,1073741824,0,
spec,benchmarks/wahl-kroening/lu-fig2_fixed_vs_satabs.3,,,main.spec,intuitionistic-affine,horn,1,,5,0,3,,proved,,ok,horn,IMELL,12999,64,59.377,341602,303126,38476,0,0,0,2048,50.000,0.299,auto,30,0.148,1073741824,0,
spec,benchmarks/wahl-kroening/pthread5_vs_satabs.2,,,main.spec,intuitionistic-affine,horn,1,,5,0,3,,proved,,ok,horn,IMELL,3327,41,2.206,10964,9059,1905,0,0,0,2048,0.000,0.100,auto,30,0.048,1073741824,0,
spec,benchmarks/wahl-kroening/rand_cas_vs_satabs.2,,,main.spec,intuitionistic-affine,horn,1,,5,0,3,,unprovable,,,horn,IMELL,1119,114,0.221,0,0,1,0,0,0,2048,0.000,0.000,auto,30,,1073741824,0,
spec,benchmarks/wahl-kroening/simple_loop5_vs_satabs.1,,,main.spec,intuitionistic-affine,horn,1,,5,0,3,,proved,,ok,horn,IMELL,399,19,0.210,309,216,93,0,0,0,2048,0.000,0.000,auto,30,0.015,1073741824,0,
spec,benchmarks/wahl-kroening/stack_cas_p0_vs_satabs.1,,,main.spec,intuitionistic-affine,horn,1,,5,0,3,,proved,,ok,horn,IMELL,571,23,0.326,989,840,149,0,0,0,2048,0.000,0.000,auto,30,0.023,1073741824,0,
spec,benchmarks/wahl-kroening/stack_lock_p0_vs_satabs.2,,,main.spec,intuitionistic-affine,horn,1,,5,0,3,,proved,,ok,horn,IMELL,5095,62,4.670,21968,19114,2854,0,0,0,2048,0.000,0.176,auto,30,0.074,1073741824,0,
spec,benchmarks/bug_tracking,,,x0_BUG_REPORT_q5.spec,intuitionistic-affine,horn,1,,5,0,3,,unprovable,,,horn,IMELL,272355,5184,37.824,0,0,1,0,0,0,2048,40.000,0.154,auto,30,,1073741824,0,
spec,benchmarks/bug_tracking,,,x0_CLOSED_q3.spec,intuitionistic-affine,horn,1,,5,0,3,,unprovable,,,horn,IMELL,272355,5184,34.235,0,0,1,0,0,0,2048,30.000,0.241,auto,30,,1073741824,0,
spec,benchmarks/bug_tracking,,,x0_FIXED_q6.spec,intuitionistic-affine,horn,1,,5,0,3,,unprovable,,,horn,IMELL,272355,5184,34.446,0,0,1,0,0,0,2048,40.000,0.201,auto,30,,1073741824,0,
spec,benchmarks/bug_tracking,,,x0_FIX_AGAIN_q1.spec,intuitionistic-affine,horn,1,,5,0,3,,unprovable,,,horn,IMELL,272355,5184,34.133,0,0,1,0,0,0,2048,30.000,0.147,auto,30,,1073741824,0,
spec,benchmarks/bug_tracking,,,x0_FIX_AGAIN_q8.spec,intuitionistic-affine,horn,1,,5,0,3,,unknown,timeout,,horn,IMELL,272355,5184,5015.020,11206534,9649944,1556591,0,0,0,2048,4990.000,12.494,auto,30,,1073741824,0,
spec,benchmarks/bug_tracking,,,x0_MORE_INFO_q5.spec,intuitionistic-affine,horn,1,,5,0,3,,unprovable,,,horn,IMELL,272355,5184,36.972,0,0,1,0,0,0,2048,30.000,0.129,auto,30,,1073741824,0,
spec,benchmarks/bug_tracking,,,x0_MUST_FIX_q3.spec,intuitionistic-affine,horn,1,,5,0,3,,unprovable,,,horn,IMELL,272355,5184,35.523,0,0,1,0,0,0,2048,40.000,0.107,auto,30,,1073741824,0,
spec,benchmarks/bug_tracking,,,x0_PENDING_q1.spec,intuitionistic-affine,horn,1,,5,0,3,,unprovable,,,horn,IMELL,272355,5184,37.670,0,0,1,0,0,0,2048,30.000,0.125,auto,30,,1073741824,0,
spec,benchmarks/bug_tracking,,,x0_PENDING_q6.spec,intuitionistic-affine,horn,1,,5,0,3,,unprovable,,,horn,IMELL,272355,5184,36.870,0,0,1,0,0,0,2048,40.000,0.122,auto,30,,1073741824,0,
spec,benchmarks/bug_tracking,,,x0_VERIFIED_q5.spec,intuitionistic-affine,horn,1,,5,0,3,,unprovable,,,horn,IMELL,272355,5184,35.856,0,0,1,0,0,0,2048,40.000,0.119,auto,30,,1073741824,0,
spec,benchmarks/medical,,,x0_AA_q2.spec,intuitionistic-affine,horn,1,,5,0,3,,unprovable,,,horn,IMELL,57592,1152,6.712,0,0,1,0,0,0,2048,10.000,0.051,auto,30,,1073741824,0,
spec,benchmarks/medical,,,x0_AR_q5.spec,intuitionistic-affine,horn,1,,5,0,3,,unprovable,,,horn,IMELL,57592,1152,6.726,0,0,1,0,0,0,2048,0.000,0.090,auto,30,,1073741824,0,
spec,benchmarks/medical,,,x0_HQ_q1.spec,intuitionistic-affine,horn,1,,5,0,3,,unprovable,,,horn,IMELL,57592,1152,6.680,0,0,1,0,0,0,2048,10.000,0.055,auto,30,,1073741824,0,
spec,benchmarks/mist/PN,,,bingham_h250.spec,intuitionistic-affine,horn,1,,5,0,3,,unprovable,,,horn,IMELL,3019,253,26.593,126005,94129,31877,0,0,0,2048,20.000,0.163,auto,30,,1073741824,0,
spec,benchmarks/mist/PN,,,extendedread-write-smallconsts.spec,intuitionistic-affine,horn,1,,5,0,3,,unprovable,,,horn,IMELL,409,35,127.347,93355,82190,11166,0,0,0,2048,120.000,0.353,auto,30,,1073741824,0,
spec,benchmarks/mist/PN,,,kanban.spec,intuitionistic-affine,horn,1,,5,0,3,,proved,,ok,horn,IMELL,131,7,0.656,1382,649,733,0,0,0,2048,0.000,0.000,auto,30,0.028,1073741824,0,
spec,benchmarks/mist/PN,,,mesh3x2.spec,intuitionistic-affine,horn,1,,5,0,3,unprovable,unprovable,,,horn,IMELL,323,5,0.201,202,127,76,0,0,0,2048,0.000,0.000,auto,30,,1073741824,0,
spec,benchmarks/mist/PN,,,pncsacover.spec,intuitionistic-affine,horn,1,,5,0,3,provable,proved,,ok,horn,IMELL,231,5,4.570,12135,7660,4475,0,0,0,2048,0.000,0.111,auto,30,0.022,1073741824,0,
spec,benchmarks/mist/boundedPN,,,lamport.spec,intuitionistic-affine,horn,1,,5,0,3,unprovable,unprovable,,,horn,IMELL,73,4,0.155,306,227,80,0,0,0,2048,0.000,0.000,auto,30,,1073741824,0,
spec,benchmarks/mist/boundedPN,,,read-write.spec,intuitionistic-affine,horn,1,,5,0,3,unprovable,unprovable,,,horn,IMELL,87,6,0.084,23,8,16,0,0,0,2048,0.000,0.000,auto,30,,1073741824,0,
spec,benchmarks/soter,,,concdb__single_client_writes__depth_2.spec,intuitionistic-affine,horn,1,,5,0,3,,unprovable,,,horn,IMELL,19833,2015,4262.218,16868749,16055418,813332,0,0,0,2048,4230.000,11.040,auto,30,,1073741824,0,
spec,benchmarks/soter,,,firewall__no_pred_called_with_zero__depth_0.spec,intuitionistic-affine,horn,1,,5,0,3,,proved,,ok,horn,IMELL,455,37,13.047,51587,39587,12000,0,0,0,2048,10.000,0.129,auto,30,0.023,1073741824,0,
spec,benchmarks/soter,,,howait__all_workers_finished_if_wait_over__depth_1.spec,intuitionistic-affine,horn,1,,5,0,3,,proved,,ok,horn,IMELL,5657,622,4856.572,19790830,18983557,807273,0,0,0,2048,4830.000,8.824,auto,30,0.080,1073741824,0,
spec,benchmarks/soter,,,parikh__should_already_be_initialized__depth_2.spec,intuitionistic-affine,horn,1,,5,0,3,,unprovable,,,horn,IMELL,327,24,0.354,932,593,340,0,0,0,2048,0.000,0.000,auto,30,,1073741824,0,
spec,benchmarks/soter,,,reslock__critical__depth_1.spec,intuitionistic-affine,horn,1,,5,0,3,,unprovable,,,horn,IMELL,1289,125,2.535,9286,7118,2169,0,0,0,2048,0.000,0.087,auto,30,,1073741824,0,
spec,benchmarks/soter,,,reslockbeh__critical__depth_0.spec,intuitionistic-affine,horn,1,,5,0,3,,unprovable,,,horn,IMELL,513,45,0.629,1874,1440,435,0,0,0,2048,0.000,0.000,auto,30,,1073741824,0,
spec,benchmarks/soter,,,ring__single_message_in_mailbox__depth_2.spec,intuitionistic-affine,horn,1,,5,0,3,,unknown,timeout,,horn,IMELL,1709009,198708,5021.789,27070363,25062419,2007945,0,0,0,2048,5000.000,10.106,auto,30,,1073741824,0,
spec,benchmarks/soter,,,safe_send__sending_to_non-pid_2__depth_2.spec,intuitionistic-affine,horn,1,,5,0,3,,unprovable,,,horn,IMELL,959,79,233.221,614742,521646,93097,0,0,0,2048,220.000,0.731,auto,30,,1073741824,0,
spec,benchmarks/soter,,,safe_send__sending_to_non-pid_4__depth_2.spec,intuitionistic-affine,horn,1,,5,0,3,,unprovable,,,horn,IMELL,959,79,52.167,183090,162883,20208,0,0,0,2048,50.000,0.165,auto,30,,1073741824,0,
spec,benchmarks/soter,,,sieve__single_message_in_counter_mailbox__depth_2.spec,intuitionistic-affine,horn,1,,5,0,3,,unprovable,,,horn,IMELL,15641,1812,81.710,545685,513740,31946,0,0,0,2048,80.000,0.280,auto,30,,1073741824,0,
spec,benchmarks/soter,,,state_factory__single_message_in_mailbox__depth_0.spec,intuitionistic-affine,horn,1,,5,0,3,,unprovable,,,horn,IMELL,289,23,0.259,446,280,167,0,0,0,2048,0.000,0.000,auto,30,,1073741824,0,
spec,benchmarks/soter,,,stutter__we_abhorr_as__depth_2.spec,intuitionistic-affine,horn,1,,5,0,3,,proved,,ok,horn,IMELL,231,19,1.039,4144,3185,959,0,0,0,2048,0.000,0.000,auto,30,0.020,1073741824,0,
spec,benchmarks/wahl-kroening/Boop_simple_vf_satabs.1,,,main.spec,intuitionistic-affine,horn,1,,5,0,3,,proved,,ok,horn,IMELL,247,28,0.143,404,363,41,0,0,0,2048,0.000,0.000,auto,30,0.013,1073741824,0,
spec,benchmarks/wahl-kroening/Function_Pointer3_vs_satabs.3,,,main.spec,intuitionistic-affine,horn,1,,5,0,3,,proved,,ok,horn,IMELL,72199,4160,1101.648,7144750,7021740,123010,0,0,0,2048,1100.000,2.921,auto,30,0.815,1073741824,0,
spec,benchmarks/wahl-kroening/conditionals_vs_satabs.1,,,main.spec,intuitionistic-affine,horn,1,,5,0,3,,proved,,ok,horn,IMELL,439,46,0.250,701,614,87,0,0,0,2048,0.000,0.000,auto,30,0.019,1073741824,0,
spec,benchmarks/wahl-kroening/dekker_vs_satabs.1,,,main.spec,intuitionistic-affine,horn,1,,5,0,3,,proved,,ok,horn,IMELL,975,33,0.458,2049,1868,181,0,0,0,2048,0.000,0.000,auto,30,0.023,1073741824,0,
spec,benchmarks/wahl-kroening/double_lock_p1_vs_satabs.3,,,main.spec,intuitionistic-affine,horn,1,,5,0,3,,proved,,ok,horn,IMELL,61319,256,2387.080,7310766,6745243,565523,0,0,0,2048,2370.000,7.315,auto,30,0.742,1073741824,0,
spec,benchmarks/wahl-kroening/double_lock_p3_vs_satabs.2,,,main.spec,intuitionistic-affine,horn,1,,5,0,3,,proved,,ok,horn,IMELL,6023,39,10.227,49316,41618,7698,0,0,0,2048,10.000,0.119,auto,30,0.123,1073741824,0,
spec,benchmarks/wahl-kroening/peterson_vs_satabs.1,,,main.spec,intuitionistic-affine,horn,1,,5,0,3,,proved,,ok,horn,IMELL,527,19,0.294,757,616,141,0,0,0,2048,0.000,0.000,auto,30,0.016,1073741824,0,
spec,benchmarks/wahl-kroening/pthread5_vs_satabs.3,,,main.spec,intuitionistic-affine,horn,1,,5,0,3,,proved,,ok,horn,IMELL,15271,64,63.084,441577,402368,39209,0,0,0,2048,60.000,0.129,auto,30,0.190,1073741824,0,
spec,benchmarks/wahl-kroening/rand_lock_p0_vs_satabs.1,,,main.spec,intuitionistic-affine,horn,1,,5,0,3,,proved,,ok,horn,IMELL,347,17,0.185,213,144,69,0,0,0,2048,0.000,0.000,auto,30,0.013,1073741824,0,
spec,benchmarks/wahl-kroening/simple_loop5_vs_satabs.2,,,main.spec,intuitionistic-affine,horn,1,,5,0,3,,proved,,ok,horn,IMELL,3943,32,4.919,25681,22113,3568,0,0,0,2048,0.000,0.147,auto,30,0.061,1073741824,0,
spec,benchmarks/wahl-kroening/stack_cas_p0_vs_satabs.2,,,main.spec,intuitionistic-affine,horn,1,,5,0,3,,proved,,ok,horn,IMELL,1263,48,0.754,3537,3115,422,0,0,0,2048,0.000,0.000,auto,30,0.031,1073741824,0,
spec,benchmarks/wahl-kroening/szymanski_vs_satabs.1,,,main.spec,intuitionistic-affine,horn,1,,5,0,3,,proved,,ok,horn,IMELL,1807,59,0.807,5904,5652,252,0,0,0,2048,0.000,0.000,auto,30,0.034,1073741824,0,
spec,benchmarks/bug_tracking,,,x0_BUG_REPORT_q6.spec,intuitionistic-affine,two-sided,1,,5,0,30,,unknown,timeout,,two-sided,IMELL,272355,5184,5009.560,1026,0,1025,4403200,0,0,2048,5000.000,4.144,factors,30,,1073741824,1,
spec,benchmarks/bug_tracking,,,x0_CLOSED_q5.spec,intuitionistic-affine,two-sided,1,,5,0,30,,unknown,timeout,,two-sided,IMELL,272355,5184,5007.487,1026,0,1025,4587520,0,0,2048,4990.000,4.631,factors,30,,1073741824,1,
spec,benchmarks/bug_tracking,,,x0_FIXED_q1.spec,intuitionistic-affine,two-sided,1,,5,0,30,,unknown,timeout,,two-sided,IMELL,272355,5184,5004.752,1026,0,1025,4550656,0,0,2048,4990.000,4.098,factors,30,,1073741824,1,
spec,benchmarks/bug_tracking,,,x0_FIXED_q8.spec,intuitionistic-affine,two-sided,1,,5,0,30,,unknown,timeout,,two-sided,IMELL,272355,5184,5006.869,1026,0,1025,4501504,0,0,2048,4990.000,4.145,factors,30,,1073741824,1,
spec,benchmarks/bug_tracking,,,x0_FIX_AGAIN_q3.spec,intuitionistic-affine,two-sided,1,,5,0,30,,unknown,timeout,,two-sided,IMELL,272355,5184,5004.364,1026,0,1025,4460544,0,0,2048,4990.000,4.251,factors,30,,1073741824,1,
spec,benchmarks/bug_tracking,,,x0_MORE_INFO_q6.spec,intuitionistic-affine,two-sided,1,,5,0,30,,unknown,timeout,,two-sided,IMELL,272355,5184,5006.868,1026,0,1025,4435968,0,0,2048,4990.000,4.736,factors,30,,1073741824,1,
spec,benchmarks/bug_tracking,,,x0_MUST_FIX_q5.spec,intuitionistic-affine,two-sided,1,,5,0,30,,unknown,timeout,,two-sided,IMELL,272355,5184,5007.690,1026,0,1025,4456448,0,0,2048,4990.000,4.190,factors,30,,1073741824,1,
spec,benchmarks/bug_tracking,,,x0_PENDING_q3_buggy.spec,intuitionistic-affine,two-sided,1,,5,0,30,,unknown,timeout,,two-sided,IMELL,272355,5184,5007.636,1026,0,1025,4489216,0,0,2048,5000.000,3.960,factors,30,,1073741824,1,
spec,benchmarks/bug_tracking,,,x0_PENDING_q8.spec,intuitionistic-affine,two-sided,1,,5,0,30,,unknown,timeout,,two-sided,IMELL,272355,5184,5007.591,1026,0,1025,4460544,0,0,2048,4990.000,4.075,factors,30,,1073741824,1,
spec,benchmarks/bug_tracking,,,x0_VERIFIED_q6.spec,intuitionistic-affine,two-sided,1,,5,0,30,,unknown,timeout,,two-sided,IMELL,272355,5184,5007.121,1026,0,1025,4481024,0,0,2048,5000.000,4.602,factors,30,,1073741824,1,
spec,benchmarks/medical,,,x0_AA_q5.spec,intuitionistic-affine,two-sided,1,,5,0,30,,unknown,timeout,,two-sided,IMELL,57592,1152,5002.486,2050,0,2049,35790848,0,0,2048,4990.000,4.047,factors,30,,1073741824,1,
spec,benchmarks/medical,,,x0_HA_q1.spec,intuitionistic-affine,two-sided,1,,5,0,30,,unknown,timeout,,two-sided,IMELL,57592,1152,5003.054,2050,0,2049,35831808,0,0,2048,4990.000,4.388,factors,30,,1073741824,1,
spec,benchmarks/medical,,,x0_HQ_q2.spec,intuitionistic-affine,two-sided,1,,5,0,30,,unknown,timeout,,two-sided,IMELL,57592,1152,5002.168,2050,0,2049,35885056,0,0,2048,4990.000,4.469,factors,30,,1073741824,1,
spec,benchmarks/mist/PN,,,MultiME.spec,intuitionistic-affine,two-sided,1,,5,0,30,,unknown,timeout,,two-sided,IMELL,102,5,5001.500,288405,275906,3439,143282176,0,0,2048,4980.000,4.714,factors,30,,1073741824,12,
spec,benchmarks/mist/PN,,,basicME.spec,intuitionistic-affine,two-sided,1,,5,0,30,unprovable,unknown,timeout,,two-sided,IMELL,56,4,5001.495,150327,139049,1615,164958208,0,0,2048,4980.000,5.114,factors,30,,1073741824,25,
spec,benchmarks/mist/PN,,,bingham_h25.spec,intuitionistic-affine,two-sided,1,,5,0,30,,unknown,timeout,,two-sided,IMELL,319,28,5001.561,254131,214063,10934,192937984,0,0,2048,4980.000,4.581,factors,30,,1073741824,19,
spec,benchmarks/mist/PN,,,extendedread-write.spec,intuitionistic-affine,two-sided,1,,5,0,30,,unknown,timeout,,two-sided,IMELL,1809,275,5001.427,2,0,1,108285952,0,0,2048,4980.000,4.280,factors,30,,1073741824,1,
spec,benchmarks/mist/PN,,,leabasicapproach.spec,intuitionistic-affine,two-sided,1,,5,0,30,,proved,,ok,two-sided,IMELL,91,3,24.526,7018,6009,733,749673,0,0,2048,20.000,0.094,factors,30,0.008,1073741824,4,
spec,benchmarks/mist/PN,,,pncsasemiliv.spec,intuitionistic-affine,two-sided,1,,5,0,30,,unknown,timeout,,two-sided,IMELL,225,5,5001.519,3205998,3174538,10589,146060236,0,0,2048,4980.000,5.284,factors,30,,1073741824,8,
spec,benchmarks/mist/boundedPN,,,newdekker.spec,intuitionistic-affine,two-sided,1,,5,0,30,unprovable,unknown,copy_bound,,two-sided,IMELL,136,5,1708.470,50241,44218,523,55160007,0,0,2048,1700.000,1.234,factors,30,,1073741824,30,
spec,benchmarks/soter,,,finite_leader__single_leader__depth_0.spec,intuitionistic-affine,two-sided,1,,5,0,30,,unknown,timeout,,two-sided,IMELL,649,55,5001.349,56483,50746,3144,128727571,0,0,2048,4980.000,4.428,factors,30,,1073741824,14,
spec,benchmarks/soter,,,firewall__no_pred_called_with_zero__depth_1.spec,intuitionistic-affine,two-sided,1,,5,0,30,,unknown,timeout,,two-sided,IMELL,1327,127,5001.278,46470,39771,4189,105398272,0,0,2048,4980.000,4.968,factors,30,,1073741824,10,
spec,benchmarks/soter,,,howait__all_workers_finished_if_wait_over__depth_2.spec,intuitionistic-affine,two-sided,1,,5,0,30,,unknown,timeout,,two-sided,IMELL,19185,2118,5000.928,971,551,306,21831680,0,0,2048,4990.000,4.523,factors,30,,1073741824,5,
spec,benchmarks/soter,,,pipe__single_message_in_mailbox__depth_0.spec,intuitionistic-affine,two-sided,1,,5,0,30,,unknown,timeout,,two-sided,IMELL,241,20,5001.451,263661,248229,3664,142499840,0,0,2048,4980.000,4.762,factors,30,,1073741824,15,
spec,benchmarks/soter,,,reslock__critical__depth_2.spec,intuitionistic-affine,two-sided,1,,5,0,30,,unknown,timeout,,two-sided,IMELL,2241,220,5001.302,24791,18790,4257,84848640,0,0,2048,4980.000,5.129,factors,30,,1073741824,8,
spec,benchmarks/soter,,,reslockbeh__critical__depth_1.spec,intuitionistic-affine,two-sided,1,,5,0,30,,unknown,timeout,,two-sided,IMELL,1497,148,5001.150,48677,39837,6286,103075840,0,0,2048,4980.000,4.777,factors,30,,1073741824,9,
spec,benchmarks/soter,,,safe_send__sending_to_non-pid_1__depth_1.spec,intuitionistic-affine,two-sided,1,,5,0,30,,unknown,timeout,,two-sided,IMELL,959,79,5001.253,49060,44591,1905,124755968,0,0,2048,4980.000,4.901,factors,30,,1073741824,21,
spec,benchmarks/soter,,,safe_send__sending_to_non-pid_3__depth_1.spec,intuitionistic-affine,two-sided,1,,5,0,30,,unknown,timeout,,two-sided,IMELL,959,79,5001.353,46992,42631,1882,119713792,0,0,2048,4970.000,5.845,factors,30,,1073741824,21,
spec,benchmarks/soter,,,safe_send__sending_to_non-pid__depth_0.spec,intuitionistic-affine,two-sided,1,,5,0,30,,unknown,timeout,,two-sided,IMELL,463,39,5001.407,90541,82969,3026,131641344,0,0,2048,4980.000,5.360,factors,30,,1073741824,24,
spec,benchmarks/soter,,,sieve__single_message_in_filter_mailbox__depth_0.spec,intuitionistic-affine,two-sided,1,,5,0,30,,unknown,timeout,,two-sided,IMELL,601,50,5001.249,79124,72597,3003,128947413,0,0,2048,4980.000,4.454,factors,30,,1073741824,15,
spec,benchmarks/soter,,,state_factory__single_message_in_mailbox__depth_1.spec,intuitionistic-affine,two-sided,1,,5,0,30,,unknown,timeout,,two-sided,IMELL,57209,6574,5003.162,111,49,42,7663616,0,0,2048,4990.000,6.025,factors,30,,1073741824,3,
spec,benchmarks/soter,,,unsafe_send__sending_to_non-pid__depth_0.spec,intuitionistic-affine,two-sided,1,,5,0,30,,proved,,ok,two-sided,IMELL,111,8,54.144,5325,4457,342,1606677,0,0,2048,50.000,0.112,factors,30,0.014,1073741824,13,
spec,benchmarks/wahl-kroening/Boop_simple_vf_satabs.2,,,main.spec,intuitionistic-affine,two-sided,1,,5,0,30,,unknown,timeout,,two-sided,IMELL,59911,296,5000.869,599,369,183,34271232,0,0,2048,4980.000,5.853,factors,30,,1073741824,4,
spec,benchmarks/wahl-kroening/conditionals_vs_satabs.2,,,main.spec,intuitionistic-affine,two-sided,1,,5,0,30,,unknown,timeout,,two-sided,IMELL,2247,248,5001.366,33246,30257,1965,78036992,0,0,2048,4980.000,5.199,factors,30,,1073741824,6,
spec,benchmarks/wahl-kroening/dekker_vs_satabs.2,,,main.spec,intuitionistic-affine,two-sided,1,,5,0,30,,unknown,timeout,,two-sided,IMELL,10823,64,5003.128,8191,6310,1449,87805952,0,0,2048,4990.000,4.862,factors,30,,1073741824,5,
spec,benchmarks/wahl-kroening/double_lock_p2_vs_satabs.1,,,main.spec,intuitionistic-affine,two-sided,1,,5,0,30,,unknown,timeout,,two-sided,IMELL,1727,43,5001.199,62333,54383,5559,136007680,0,0,2048,4980.000,4.848,factors,30,,1073741824,7,
spec,benchmarks/wahl-kroening/double_lock_p3_vs_satabs.3,,,main.spec,intuitionistic-affine,two-sided,1,,5,0,30,,unknown,timeout,,two-sided,IMELL,25351,128,5003.268,2469,1745,562,61964288,0,0,2048,4980.000,5.623,factors,30,,1073741824,5,
spec,benchmarks/wahl-kroening/lu-fig2_fixed_vs_satabs.1,,,main.spec,intuitionistic-affine,two-sided,1,,5,0,30,,proved,,ok,two-sided,IMELL,297,18,1040.333,23145,20908,1229,30753396,0,0,2048,1030.000,0.893,factors,30,0.014,1073741824,8,
spec,benchmarks/wahl-kroening/peterson_vs_satabs.2,,,main.spec,intuitionistic-affine,two-sided,1,,5,0,30,,unknown,timeout,,two-sided,IMELL,16007,128,5001.332,4379,3270,867,71401472,0,0,2048,4980.000,4.730,factors,30,,1073741824,5,
spec,benchmarks/wahl-kroening/pthread5_vs_satabs.4,,,main.spec,intuitionistic-affine,two-sided,1,,5,0,30,,unknown,timeout,,two-sided,IMELL,15239,64,5001.002,5148,3894,977,78667776,0,0,2048,4980.000,5.818,factors,30,,1073741824,5,
spec,benchmarks/wahl-kroening/rand_lock_p0_vs_satabs.2,,,main.spec,intuitionistic-affine,two-sided,1,,5,0,30,,unknown,timeout,,two-sided,IMELL,2327,125,5001.180,38395,33850,3056,95784960,0,0,2048,4970.000,6.666,factors,30,,1073741824,6,
spec,benchmarks/wahl-kroening/spin2003_vs_satabs.1,,,main.spec,intuitionistic-affine,two-sided,1,,5,0,30,,unknown,timeout,,two-sided,IMELL,283,13,5001.457,327282,307200,7449,143405056,0,0,2048,4980.000,6.899,factors,30,,1073741824,8,
spec,benchmarks/wahl-kroening/stack_cas_p0_vs_satabs.3,,,main.spec,intuitionistic-affine,two-sided,1,,5,0,30,,unknown,timeout,,two-sided,IMELL,2775,108,5001.138,32899,28850,2771,98082816,0,0,2048,4970.000,7.413,factors,30,,1073741824,6,
spec,benchmarks/wahl-kroening/szymanski_vs_satabs.2,,,main.spec,intuitionistic-affine,two-sided,1,,5,0,30,,unknown,timeout,,two-sided,IMELL,66823,256,5001.068,517,313,160,33030144,0,0,2048,4980.000,6.022,factors,30,,1073741824,4,
spec,benchmarks/bug_tracking,,,x0_BUG_REPORT_q1.spec,intuitionistic-affine,two-sided,1,,5,0,30,,unknown,timeout,,two-sided,IMELL,272355,5184,5010.081,1026,0,1025,4415488,0,0,2048,5000.000,2.849,factors,30,,1073741824,1,
spec,benchmarks/bug_tracking,,,x0_BUG_REPORT_q8.spec,intuitionistic-affine,two-sided,1,,5,0,30,,unknown,timeout,,two-sided,IMELL,272355,5184,5004.552,1026,0,1025,4341760,0,0,2048,4990.000,2.949,factors,30,,1073741824,1,
spec,benchmarks/bug_tracking,,,x0_CLOSED_q6.spec,intuitionistic-affine,two-sided,1,,5,0,30,,unknown,timeout,,two-sided,IMELL,272355,5184,5008.503,1026,0,1025,4546560,0,0,2048,5000.000,3.060,factors,30,,1073741824,1,
spec,benchmarks/bug_tracking,,,x0_FIXED_q3.spec,intuitionistic-affine,two-sided,1,,5,0,30,,unknown,timeout,,two-sided,IMELL,272355,5184,5005.844,1026,0,1025,4521984,0,0,2048,4990.000,3.005,factors,30,,1073741824,1,
spec,benchmarks/bug_tracking,,,x0_FIX_AGAIN_q5.spec,intuitionistic-affine,two-sided,1,,5,0,30,,unknown,timeout,,two-sided,IMELL,272355,5184,5006.008,1026,0,1025,4481024,0,0,2048,5000.000,3.162,factors,30,,1073741824,1,
spec,benchmarks/bug_tracking,,,x0_MORE_INFO_q1.spec,intuitionistic-affine,two-sided,1,,5,0,30,,unknown,timeout,,two-sided,IMELL,272355,5184,5004.450,1026,0,1025,4476928,0,0,2048,4990.000,3.156,factors,30,,1073741824,1,
spec,benchmarks/bug_tracking,,,x0_MORE_INFO_q8.spec,intuitionistic-affine,two-sided,1,,5,0,30,,unknown,timeout,,two-sided,IMELL,272355,5184,5009.100,1026,0,1025,4509696,0,0,2048,5000.000,2.948,factors,30,,1073741824,1,
spec,benchmarks/bug_tracking,,,x0_MUST_FIX_q6.spec,intuitionistic-affine,two-sided,1,,5,0,30,,unknown,timeout,,two-sided,IMELL,272355,5184,5009.640,1026,0,1025,4513792,0,0,2048,5000.000,2.838,factors,30,,1073741824,1,
spec,benchmarks/bug_tracking,,,x0_PENDING_q3.spec,intuitionistic-affine,two-sided,1,,5,0,30,,unknown,timeout,,two-sided,IMELL,272355,5184,5006.037,1026,0,1025,4485120,0,0,2048,4990.000,3.008,factors,30,,1073741824,1,
spec,benchmarks/bug_tracking,,,x0_VERIFIED_q1.spec,intuitionistic-affine,two-sided,1,,5,0,30,,unknown,timeout,,two-sided,IMELL,272355,5184,5005.677,1026,0,1025,4493312,0,0,2048,4990.000,2.939,factors,30,,1073741824,1,
spec,benchmarks/bug_tracking,,,x0_VERIFIED_q8.spec,intuitionistic-affine,two-sided,1,,5,0,30,,unknown,timeout,,two-sided,IMELL,272355,5184,5009.646,1026,0,1025,4505600,0,0,2048,5000.000,2.857,factors,30,,1073741824,1,
spec,benchmarks/medical,,,x0_AR_q1.spec,intuitionistic-affine,two-sided,1,,5,0,30,,unknown,timeout,,two-sided,IMELL,57592,1152,5002.836,2050,0,2049,35942400,0,0,2048,4990.000,2.852,factors,30,,1073741824,1,
spec,benchmarks/medical,,,x0_HA_q2.spec,intuitionistic-affine,two-sided,1,,5,0,30,,unknown,timeout,,two-sided,IMELL,57592,1152,5002.098,2050,0,2049,35913728,0,0,2048,4990.000,2.784,factors,30,,1073741824,1,
spec,benchmarks/medical,,,x0_HQ_q5.spec,intuitionistic-affine,two-sided,1,,5,0,30,,unknown,timeout,,two-sided,IMELL,57592,1152,5002.779,2050,0,2049,36175872,0,0,2048,5000.000,2.701,factors,30,,1073741824,1,
spec,benchmarks/mist/PN,,,bingham_h150.spec,intuitionistic-affine,two-sided,1,,5,0,30,,unknown,timeout,,two-sided,IMELL,1819,153,5001.355,45797,36998,2755,163635200,0,0,2048,4980.000,3.465,factors,30,,1073741824,14,
spec,benchmarks/mist/PN,,,bingham_h50.spec,intuitionistic-affine,two-sided,1,,5,0,30,,unknown,timeout,,two-sided,IMELL,619,53,5001.456,135745,112959,6554,188497920,0,0,2048,4980.000,3.369,factors,30,,1073741824,17,
spec,benchmarks/mist/PN,,,fms_attic.spec,intuitionistic-affine,two-sided,1,,5,0,30,,unknown,timeout,,two-sided,IMELL,132,5,5001.527,72342,66887,5042,185667584,0,0,2048,4980.000,3.092,factors,30,,1073741824,3,
spec,benchmarks/mist/PN,,,manufacturing.spec,intuitionistic-affine,two-sided,1,,5,0,30,,unprovable,,,two-sided,IMELL,85,4,0.057,2,0,1,36,0,0,2048,0.000,0.000,factors,30,,1073741824,1,
spec,benchmarks/mist/PN,,,multipool.spec,intuitionistic-affine,two-sided,1,,5,0,30,unprovable,unknown,timeout,,two-sided,IMELL,122,11,5001.502,297496,281611,13830,182943744,0,0,2048,4990.000,3.166,factors,30,,1073741824,3,
spec,benchmarks/mist/boundedPN,,,newrtp.spec,intuitionistic-affine,two-sided,1,,5,0,30,unprovable,unknown,copy_bound,,two-sided,IMELL,52,4,0.581,1378,1054,24,9000,0,0,2048,0.000,0.000,factors,30,,1073741824,30,
spec,benchmarks/soter,,,concdb__single_client_writes__depth_0.spec,intuitionistic-affine,two-sided,1,,5,0,30,,unknown,timeout,,two-sided,IMELL,1209,110,5001.311,47344,41433,3774,117260288,0,0,2048,4980.000,3.266,factors,30,,1073741824,12,
spec,benchmarks/soter,,,finite_leader__single_leader__depth_1.spec,intuitionistic-affine,two-sided,1,,5,0,30,,unknown,timeout,,two-sided,IMELL,985,90,5001.336,35592,31431,2306,123785216,0,0,2048,4990.000,3.082,factors,30,,1073741824,14,
spec,benchmarks/soter,,,firewall__no_pred_called_with_zero__depth_2.spec,intuitionistic-affine,two-sided,1,,5,0,30,,unknown,timeout,,two-sided,IMELL,11343,1255,5002.813,1911,1113,509,32411648,0,0,2048,4990.000,2.889,factors,30,,1073741824,5,
spec,benchmarks/soter,,,parikh__should_already_be_initialized__depth_0.spec,intuitionistic-affine,two-sided,1,,5,0,30,,unknown,timeout,,two-sided,IMELL,263,20,5001.440,182378,171439,3506,147611648,0,0,2048,4980.000,3.452,factors,30,,1073741824,28,
spec,benchmarks/soter,,,pipe__single_message_in_mailbox__depth_1.spec,intuitionistic-affine,two-sided,1,,5,0,30,,unknown,timeout,,two-sided,IMELL,16073,1703,5003.027,2536,1260,972,28487680,0,0,2048,4990.000,3.261,factors,30,,1073741824,4,
spec,benchmarks/soter,,,reslockbeh__critical__depth_2.spec,intuitionistic-affine,two-sided,1,,5,0,30,,unknown,timeout,,two-sided,IMELL,2521,253,5001.779,19875,14870,3439,82481152,0,0,2048,4980.000,3.141,factors,30,,1073741824,8,
spec,benchmarks/soter,,,ring__single_message_in_mailbox__depth_0.spec,intuitionistic-affine,two-sided,1,,5,0,30,,unknown,timeout,,two-sided,IMELL,481,40,5001.488,106021,97244,4179,139214848,0,0,2048,4990.000,3.303,factors,30,,1073741824,14,
spec,benchmarks/soter,,,safe_send__sending_to_non-pid_1__depth_2.spec,intuitionistic-affine,two-sided,1,,5,0,30,,unknown,timeout,,two-sided,IMELL,959,79,5001.323,50117,45623,1905,126509056,0,0,2048,4980.000,3.496,factors,30,,1073741824,21,
spec,benchmarks/soter,,,safe_send__sending_to_non-pid_3__depth_2.spec,intuitionistic-affine,two-sided,1,,5,0,30,,unknown,timeout,,two-sided,IMELL,959,79,5001.360,50148,45652,1905,126636032,0,0,2048,4980.000,3.422,factors,30,,1073741824,21,
spec,benchmarks/soter,,,sieve__single_message_in_counter_mailbox__depth_0.spec,intuitionistic-affine,two-sided,1,,5,0,30,,unknown,timeout,,two-sided,IMELL,593,50,5001.406,82767,76139,3003,130420736,0,0,2048,4980.000,3.680,factors,30,,1073741824,15,
spec,benchmarks/soter,,,sieve__single_message_in_sieve_mailbox__depth_0.spec,intuitionistic-affine,two-sided,1,,5,0,30,,unknown,timeout,,two-sided,IMELL,585,50,5001.515,81655,75190,2919,126361600,0,0,2048,4970.000,4.205,factors,30,,1073741824,15,
spec,benchmarks/soter,,,stutter__we_abhorr_as__depth_0.spec,intuitionistic-affine,two-sided,1,,5,0,30,,proved,,ok,two-sided,IMELL,183,15,2614.332,123049,114633,2284,72415247,0,0,2048,2600.000,2.364,factors,30,0.019,1073741824,19,
spec,benchmarks/soter,,,unsafe_send__sending_to_non-pid__depth_1.spec,intuitionistic-affine,two-sided,1,,5,0,30,,proved,,ok,two-sided,IMELL,111,8,54.708,5325,4457,342,1606677,0,0,2048,50.000,0.121,factors,30,0.014,1073741824,13,
spec,benchmarks/wahl-kroening/Function_Pointer3_vs_satabs.1,,,main.spec,intuitionistic-affine,two-sided,1,,5,0,30,,proved,,ok,two-sided,IMELL,575,30,2071.054,51856,46643,2934,55238940,0,0,2048,2060.000,2.135,factors,30,0.019,1073741824,7,
spec,benchmarks/wahl-kroening/buggy_spaghetti_vf_satabs.1,,,main.spec,intuitionistic-affine,two-sided,1,,5,0,30,,unknown,timeout,,two-sided,IMELL,919,114,5001.450,136434,127817,5270,108490752,0,0,2048,4980.000,3.666,factors,30,,1073741824,7,
spec,benchmarks/wahl-kroening/constants_vf_satabs.1,,,main.spec,intuitionistic-affine,two-sided,1,,5,0,30,,unknown,timeout,,two-sided,IMELL,199,24,5001.561,619119,598871,4820,134094848,0,0,2048,4990.000,3.511,factors,30,,1073741824,8,
spec,benchmarks/wahl-kroening/double_lock_p1_vs_satabs.1,,,main.spec,intuitionistic-affine,two-sided,1,,5,0,30,,unknown,timeout,,two-sided,IMELL,1663,40,5001.451,65355,57003,5872,137961472,0,0,2048,4980.000,3.490,factors,30,,1073741824,7,
spec,benchmarks/wahl-kroening/double_lock_p2_vs_satabs.2,,,main.spec,intuitionistic-affine,two-sided,1,,5,0,30,,unknown,timeout,,two-sided,IMELL,14855,64,5002.266,5626,4246,1074,82808832,0,0,2048,4980.000,3.653,factors,30,,1073741824,5,
spec,benchmarks/wahl-kroening/lu-fig2_fixed_vs_satabs.2,,,main.spec,intuitionistic-affine,two-sided,1,,5,0,30,,unknown,timeout,,two-sided,IMELL,1487,25,5001.354,73937,64905,6337,142090240,0,0,2048,4980.000,3.851,factors,30,,1073741824,7,
spec,benchmarks/wahl-kroening/pthread5_vs_satabs.1,,,main.spec,intuitionistic-affine,two-sided,1,,5,0,30,,unknown,timeout,,two-sided,IMELL,3335,41,5001.134,35198,29358,4411,125059946,0,0,2048,4980.000,3.436,factors,30,,1073741824,6,
spec,benchmarks/wahl-kroening/rand_cas_vs_satabs.1,,,main.spec,intuitionistic-affine,two-sided,1,,5,0,30,,unknown,timeout,,two-sided,IMELL,427,40,5001.485,195809,186961,2602,131375104,0,0,2048,4980.000,3.541,factors,30,,1073741824,8,
spec,benchmarks/wahl-kroening/rand_lock_p0_vs_satabs.3,,,main.spec,intuitionistic-affine,two-sided,1,,5,0,30,,unknown,timeout,,two-sided,IMELL,6215,349,5000.789,9752,8000,1264,60977152,0,0,2048,4980.000,4.207,factors,30,,1073741824,5,
spec,benchmarks/wahl-kroening/spin2003_vs_satabs.2,,,main.spec,intuitionistic-affine,two-sided,1,,5,0,30,,unknown,timeout,,two-sided,IMELL,1463,21,5001.398,85570,73767,8704,140636160,0,0,2048,4980.000,3.444,factors,30,,1073741824,7,
spec,benchmarks/wahl-kroening/stack_lock_p0_vs_satabs.1,,,main.spec,intuitionistic-affine,two-sided,1,,5,0,30,,unknown,timeout,,two-sided,IMELL,475,20,5001.482,197079,183868,5785,151965696,0,0,2048,4980.000,3.714,factors,30,,1073741824,8,
spec,benchmarks/bug_tracking,,,x0_BUG_REPORT_q3.spec,intuitionistic-affine,two-sided,1,,5,0,30,,unknown,timeout,,two-sided,IMELL,272355,5184,5012.729,1026,0,1025,2478080,0,0,2048,5000.000,4.656,factors,30,,1073741824,1,
spec,benchmarks/bug_tracking,,,x0_CLOSED_q1.spec,intuitionistic-affine,two-sided,1,,5,0,30,,unknown,timeout,,two-sided,IMELL,272355,5184,5010.412,1026,0,1025,2719744,0,0,2048,5000.000,5.704,factors,30,,1073741824,1,
spec,benchmarks/bug_tracking,,,x0_CLOSED_q8.spec,intuitionistic-affine,two-sided,1,,5,0,30,,unknown,timeout,,two-sided,IMELL,272355,5184,5007.482,1026,0,1025,2707456,0,0,2048,4990.000,5.506,factors,30,,1073741824,1,
spec,benchmarks/bug_tracking,,,x0_FIXED_q5.spec,intuitionistic-affine,two-sided,1,,5,0,30,,unknown,timeout,,two-sided,IMELL,272355,5184,5013.385,1026,0,1025,2625536,0,0,2048,5000.000,7.760,factors,30,,1073741824,1,
spec,benchmarks/bug_tracking,,,x0_FIX_AGAIN_q6.spec,intuitionistic-affine,two-sided,1,,5,0,30,,unknown,timeout,,two-sided,IMELL,272355,5184,5009.668,1026,0,1025,2281472,0,0,2048,5000.000,4.917,factors,30,,1073741824,1,
spec,benchmarks/bug_tracking,,,x0_MORE_INFO_q3.spec,intuitionistic-affine,two-sided,1,,5,0,30,,unknown,timeout,,two-sided,IMELL,272355,5184,5007.335,1026,0,1025,2658304,0,0,2048,5000.000,4.981,factors,30,,1073741824,1,
spec,benchmarks/bug_tracking,,,x0_MUST_FIX_q1.spec,intuitionistic-affine,two-sided,1,,5,0,30,,unknown,timeout,,two-sided,IMELL,272355,5184,5008.808,1026,0,1025,2670592,0,0,2048,4990.000,4.872,factors,30,,1073741824,1,
spec,benchmarks/bug_tracking,,,x0_MUST_FIX_q8.spec,intuitionistic-affine,two-sided,1,,5,0,30,,unknown,timeout,,two-sided,IMELL,272355,5184,5013.967,1026,0,1025,2699264,0,0,2048,5000.000,4.174,factors,30,,1073741824,1,
spec,benchmarks/bug_tracking,,,x0_PENDING_q5.spec,intuitionistic-affine,two-sided,1,,5,0,30,,unknown,timeout,,two-sided,IMELL,272355,5184,5007.453,1026,0,1025,2670592,0,0,2048,5000.000,4.625,factors,30,,1073741824,1,
spec,benchmarks/bug_tracking,,,x0_VERIFIED_q3.spec,intuitionistic-affine,two-sided,1,,5,0,30,,unknown,timeout,,two-sided,IMELL,272355,5184,5008.556,1026,0,1025,2584576,0,0,2048,4990.000,5.388,factors,30,,1073741824,1,
spec,benchmarks/medical,,,x0_AA_q1.spec,intuitionistic-affine,two-sided,1,,5,0,30,,unknown,timeout,,two-sided,IMELL,57592,1152,5003.961,2050,0,2049,21688320,0,0,2048,4990.000,5.217,factors,30,,1073741824,1,
spec,benchmarks/medical,,,x0_AR_q2.spec,intuitionistic-affine,two-sided,1,,5,0,30,,unknown,timeout,,two-sided,IMELL,57592,1152,5003.464,2050,0,2049,21708800,0,0,2048,4980.000,4.533,factors,30,,1073741824,1,
spec,benchmarks/medical,,,x0_HA_q5.spec,intuitionistic-affine,two-sided,1,,5,0,30,,unknown,timeout,,two-sided,IMELL,57592,1152,5004.107,2050,0,2049,21692416,0,0,2048,4990.000,4.834,factors,30,,1073741824,1,
spec,benchmarks/mist/PN,,,bingham_h250_attic.spec,intuitionistic-affine,two-sided,1,,5,0,30,,unknown,timeout,,two-sided,IMELL,74929,8990,5002.207,71,31,25,14221312,0,0,2048,4990.000,5.317,factors,30,,1073741824,3,
spec,benchmarks/mist/PN,,,csm.spec,intuitionistic-affine,two-sided,1,,5,0,30,unprovable,unknown,timeout,,two-sided,IMELL,85,4,5001.486,1229806,1202258,7446,142655674,0,0,2048,4980.000,5.103,factors,30,,1073741824,11,
spec,benchmarks/mist/PN,,,fms.spec,intuitionistic-affine,two-sided,1,,5,0,30,unprovable,unknown,timeout,,two-sided,IMELL,118,4,5001.534,795003,773126,17156,137238144,0,0,2048,4980.000,4.694,factors,30,,1073741824,4,
spec,benchmarks/mist/PN,,,mesh2x2.spec,intuitionistic-affine,two-sided,1,,5,0,30,unprovable,unknown,timeout,,two-sided,IMELL,195,4,5001.593,343681,319117,19954,119980032,0,0,2048,4980.000,4.623,factors,30,,1073741824,4,
spec,benchmarks/mist/PN,,,pingpong.spec,intuitionistic-affine,two-sided,1,,5,0,30,,unprovable,,,two-sided,IMELL,48,4,0.158,32,4,10,1886,0,0,2048,0.000,0.000,factors,30,,1073741824,5,
spec,benchmarks/mist/boundedPN,,,kanban.spec,intuitionistic-affine,two-sided,1,,5,0,30,,unknown,timeout,,two-sided,IMELL,123,7,5001.540,2463,1980,205,98885632,0,0,2048,4980.000,4.560,factors,30,,1073741824,7,
spec,benchmarks/mist/boundedPN,,,peterson.spec,intuitionistic-affine,two-sided,1,,5,0,30,unprovable,unknown,copy_bound,,two-sided,IMELL,104,4,591.569,34855,31458,337,15146622,0,0,2048,590.000,0.623,factors,30,,1073741824,30,
spec,benchmarks/soter,,,concdb__single_client_writes__depth_1.spec,intuitionistic-affine,two-sided,1,,5,0,30,,unknown,timeout,,two-sided,IMELL,5385,537,5001.211,5376,4082,941,39690240,0,0,2048,4980.000,4.638,factors,30,,1073741824,9,
spec,benchmarks/soter,,,finite_leader__single_leader__depth_2.spec,intuitionistic-affine,two-sided,1,,5,0,30,,unknown,timeout,,two-sided,IMELL,985,90,5001.385,28239,24784,1830,96129024,0,0,2048,4980.000,4.745,factors,30,,1073741824,14,
spec,benchmarks/soter,,,howait__all_workers_finished_if_wait_over__depth_0.spec,intuitionistic-affine,two-sided,1,,5,0,30,,unknown,timeout,,two-sided,IMELL,401,36,5001.376,102662,95004,3775,115697830,0,0,2048,4980.000,4.881,factors,30,,1073741824,14,
spec,benchmarks/soter,,,parikh__should_already_be_initialized__depth_1.spec,intuitionistic-affine,two-sided,1,,5,0,30,,unknown,timeout,,two-sided,IMELL,327,24,5001.218,125361,116207,3319,125399040,0,0,2048,4980.000,4.686,factors,30,,1073741824,26,
spec,benchmarks/soter,,,pipe__single_message_in_mailbox__depth_2.spec,intuitionistic-affine,two-sided,1,,5,0,30,,unknown,timeout,,two-sided,IMELL,5761,569,5003.046,4456,2629,1194,38038204,0,0,2048,4980.000,4.722,factors,30,,1073741824,5,
spec,benchmarks/soter,,,reslock__critical__depth_0.spec,intuitionistic-affine,two-sided,1,,5,0,30,,unknown,timeout,,two-sided,IMELL,473,40,5001.369,83026,77031,2668,116072448,0,0,2048,4980.000,6.223,factors,30,,1073741824,15,
spec,benchmarks/soter,,,ring__single_message_in_mailbox__depth_1.spec,intuitionistic-affine,two-sided,1,,5,0,30,,unknown,timeout,,two-sided,IMELL,95481,10803,5004.827,29,6,16,2809856,0,0,2048,4990.000,8.651,factors,30,,1073741824,3,
spec,benchmarks/soter,,,safe_send__sending_to_non-pid_2__depth_1.spec,intuitionistic-affine,two-sided,1,,5,0,30,,unknown,timeout,,two-sided,IMELL,959,79,5001.474,40732,36861,1680,101040128,0,0,2048,4970.000,9.861,factors,30,,1073741824,20,
spec,benchmarks/soter,,,safe_send__sending_to_non-pid_4__depth_1.spec,intuitionistic-affine,two-sided,1,,5,0,30,,unknown,timeout,,two-sided,IMELL,959,79,5001.339,40003,36149,1680,100114432,0,0,2048,4980.000,7.431,factors,30,,1073741824,20,
spec,benchmarks/soter,,,sieve__single_message_in_counter_mailbox__depth_1.spec,intuitionistic-affine,two-sided,1,,5,0,30,,unknown,timeout,,two-sided,IMELL,6001,666,5000.991,2366,1771,318,32120832,0,0,2048,4980.000,5.458,factors,30,,1073741824,9,
spec,benchmarks/soter,,,state_factory__after_receive_if_no_mail__depth_0.spec,intuitionistic-affine,two-sided,1,,5,0,30,,unknown,timeout,,two-sided,IMELL,297,23,5001.354,141095,130247,4047,115294208,0,0,2048,4970.000,8.353,factors,30,,1073741824,21,
spec,benchmarks/soter,,,stutter__we_abhorr_as__depth_1.spec,intuitionistic-affine,two-sided,1,,5,0,30,,unknown,timeout,,two-sided,IMELL,231,19,5000.683,149859,140058,3272,117208119,0,0,2048,4980.000,6.605,factors,30,,1073741824,18,
spec,benchmarks/soter,,,unsafe_send__sending_to_non-pid__depth_2.spec,intuitionistic-affine,two-sided,1,,5,0,30,,proved,,ok,two-sided,IMELL,111,8,60.601,5325,4457,342,1606677,0,0,2048,60.000,0.144,factors,30,0.013,1073741824,13,
spec,benchmarks/wahl-kroening/Function_Pointer3_vs_satabs.2,,,main.spec,intuitionistic-affine,two-sided,1,,5,0,30,,unknown,timeout,,two-sided,IMELL,6791,380,5000.400,6094,4903,874,40636416,0,0,2048,4980.000,4.728,factors,30,,1073741824,5,
spec,benchmarks/wahl-kroening/buggy_spaghetti_vf_satabs.2,,,main.spec,intuitionistic-affine,two-sided,1,,5,0,30,,unknown,timeout,,two-sided,IMELL,5575,696,5000.825,5762,4808,704,31588352,0,0,2048,4980.000,7.018,factors,30,,1073741824,5,
spec,benchmarks/wahl-kroening/constants_vf_satabs.2,,,main.spec,intuitionistic-affine,two-sided,1,,5,0,30,,unknown,timeout,,two-sided,IMELL,3143,392,5000.981,14080,12226,1286,43651072,0,0,2048,4970.000,9.021,factors,30,,1073741824,6,
spec,benchmarks/wahl-kroening/double_lock_p1_vs_satabs.2,,,main.spec,intuitionistic-affine,two-sided,1,,5,0,30,,unknown,timeout,,two-sided,IMELL,61575,256,5000.505,391,221,134,21516288,0,0,2048,4980.000,7.789,factors,30,,1073741824,4,
spec,benchmarks/wahl-kroening/double_lock_p3_vs_satabs.1,,,main.spec,intuitionistic-affine,two-sided,1,,5,0,30,,unknown,timeout,,two-sided,IMELL,655,27,5001.515,100110,91521,4381,120504320,0,0,2048,4980.000,5.782,factors,30,,1073741824,8,
spec,benchmarks/wahl-kroening/lu-fig2_fixed_vs_satabs.3,,,main.spec,intuitionistic-affine,two-sided,1,,5,0,30,,unknown,timeout,,two-sided,IMELL,12999,64,5001.406,4964,3730,965,65130496,0,0,2048,4980.000,6.565,factors,30,,1073741824,5,
spec,benchmarks/wahl-kroening/pthread5_vs_satabs.2,,,main.spec,intuitionistic-affine,two-sided,1,,5,0,30,,unknown,timeout,,two-sided,IMELL,3327,41,5000.908,25491,21020,3403,92233728,0,0,2048,4970.000,8.536,factors,30,,1073741824,6,
spec,benchmarks/wahl-kroening/rand_cas_vs_satabs.2,,,main.spec,intuitionistic-affine,two-sided,1,,5,0,30,,unknown,timeout,,two-sided,IMELL,1119,114,5001.338,60547,56627,2000,78495744,0,0,2048,4980.000,6.589,factors,30,,1073741824,7,
spec,benchmarks/wahl-kroening/simple_loop5_vs_satabs.1,,,main.spec,intuitionistic-affine,two-sided,1,,5,0,30,,unknown,timeout,,two-sided,IMELL,399,19,5001.515,254254,237505,9011,112218112,0,0,2048,4970.000,8.859,factors,30,,1073741824,7,
spec,benchmarks/wahl-kroening/stack_cas_p0_vs_satabs.1,,,main.spec,intuitionistic-affine,two-sided,1,,5,0,30,,unknown,timeout,,two-sided,IMELL,571,23,5001.516,117150,108108,4372,110624768,0,0,2048,4960.000,11.181,factors,30,,1073741824,8,
spec,benchmarks/wahl-kroening/stack_lock_p0_vs_satabs.2,,,main.spec,intuitionistic-affine,two-sided,1,,5,0,30,,unknown,timeout,,two-sided,IMELL,5095,62,5001.816,14847,11860,2269,77908670,0,0,2048,4970.000,10.631,factors,30,,1073741824,6,
spec,benchmarks/bug_tracking,,,x0_BUG_REPORT_q5.spec,intuitionistic-affine,two-sided,1,,5,0,30,,unknown,timeout,,two-sided,IMELL,272355,5184,5006.372,1026,0,1025,2482176,0,0,2048,4990.000,4.405,factors,30,,1073741824,1,
spec,benchmarks/bug_tracking,,,x0_CLOSED_q3.spec,intuitionistic-affine,two-sided,1,,5,0,30,,unknown,timeout,,two-sided,IMELL,272355,5184,5013.030,1026,0,1025,2715648,0,0,2048,5000.000,4.240,factors,30,,1073741824,1,
spec,benchmarks/bug_tracking,,,x0_FIXED_q6.spec,intuitionistic-affine,two-sided,1,,5,0,30,,unknown,timeout,,two-sided,IMELL,272355,5184,5011.704,1026,0,1025,2600960,0,0,2048,4990.000,4.970,factors,30,,1073741824,1,
spec,benchmarks/bug_tracking,,,x0_FIX_AGAIN_q1.spec,intuitionistic-affine,two-sided,1,,5,0,30,,unknown,timeout,,two-sided,IMELL,272355,5184,5007.260,1026,0,1025,2711552,0,0,2048,5000.000,4.409,factors,30,,1073741824,1,
spec,benchmarks/bug_tracking,,,x0_FIX_AGAIN_q8.spec,intuitionistic-affine,two-sided,1,,5,0,30,,unknown,timeout,,two-sided,IMELL,272355,5184,5011.472,1026,0,1025,2658304,0,0,2048,4990.000,4.618,factors,30,,1073741824,1,
spec,benchmarks/bug_tracking,,,x0_MORE_INFO_q5.spec,intuitionistic-affine,two-sided,1,,5,0,30,,unknown,timeout,,two-sided,IMELL,272355,5184,5006.914,1026,0,1025,2658304,0,0,2048,4990.000,4.369,factors,30,,1073741824,1,
spec,benchmarks/bug_tracking,,,x0_MUST_FIX_q3.spec,intuitionistic-affine,two-sided,1,,5,0,30,,unknown,timeout,,two-sided,IMELL,272355,5184,5012.445,1026,0,1025,2678784,0,0,2048,5010.000,4.396,factors,30,,1073741824,1,
spec,benchmarks/bug_tracking,,,x0_PENDING_q1.spec,intuitionistic-affine,two-sided,1,,5,0,30,,unknown,timeout,,two-sided,IMELL,272355,5184,5013.735,1026,0,1025,2519040,0,0,2048,5000.000,5.135,factors,30,,1073741824,1,
spec,benchmarks/bug_tracking,,,x0_PENDING_q6.spec,intuitionistic-affine,two-sided,1,,5,0,30,,unknown,timeout,,two-sided,IMELL,272355,5184,5009.670,1026,0,1025,2695168,0,0,2048,5000.000,4.027,factors,30,,1073741824,1,
spec,benchmarks/bug_tracking,,,x0_VERIFIED_q5.spec,intuitionistic-affine,two-sided,1,,5,0,30,,unknown,timeout,,two-sided,IMELL,272355,5184,5011.833,1026,0,1025,2674688,0,0,2048,5000.000,4.706,factors,30,,1073741824,1,
spec,benchmarks/medical,,,x0_AA_q2.spec,intuitionistic-affine,two-sided,1,,5,0,30,,unknown,timeout,,two-sided,IMELL,57592,1152,5005.329,2050,0,2049,21737472,0,0,2048,5000.000,4.395,factors,30,,1073741824,1,
spec,benchmarks/medical,,,x0_AR_q5.spec,intuitionistic-affine,two-sided,1,,5,0,30,,unknown,timeout,,two-sided,IMELL,57592,1152,5004.258,2050,0,2049,21741568,0,0,2048,5000.000,4.172,factors,30,,1073741824,1,
spec,benchmarks/medical,,,x0_HQ_q1.spec,intuitionistic-affine,two-sided,1,,5,0,30,,unknown,timeout,,two-sided,IMELL,57592,1152,5004.557,2050,0,2049,20246528,0,0,2048,4990.000,4.938,factors,30,,1073741824,1,
spec,benchmarks/mist/PN,,,bingham_h250.spec,intuitionistic-affine,two-sided,1,,5,0,30,,unknown,timeout,,two-sided,IMELL,3019,253,5000.942,21958,17253,1554,116858880,0,0,2048,4980.000,4.832,factors,30,,1073741824,12,
spec,benchmarks/mist/PN,,,extendedread-write-smallconsts.spec,intuitionistic-affine,two-sided,1,,5,0,30,,unknown,timeout,,two-sided,IMELL,409,35,5001.418,2,0,1,161398784,0,0,2048,4980.000,4.381,factors,30,,1073741824,1,
spec,benchmarks/mist/PN,,,kanban.spec,intuitionistic-affine,two-sided,1,,5,0,30,,unknown,timeout,,two-sided,IMELL,131,7,5001.503,65,8,53,102260736,0,0,2048,4980.000,4.449,factors,30,,1073741824,2,
spec,benchmarks/mist/PN,,,mesh3x2.spec,intuitionistic-affine,two-sided,1,,5,0,30,unprovable,unknown,timeout,,two-sided,IMELL,323,5,5001.421,44196,33280,10913,103141376,0,0,2048,4980.000,4.489,factors,30,,1073741824,2,
spec,benchmarks/mist/PN,,,pncsacover.spec,intuitionistic-affine,two-sided,1,,5,0,30,provable,unknown,timeout,,two-sided,IMELL,231,5,5001.479,1041081,1025955,6747,142888960,0,0,2048,4980.000,4.408,factors,30,,1073741824,8,
spec,benchmarks/mist/boundedPN,,,lamport.spec,intuitionistic-affine,two-sided,1,,5,0,30,unprovable,unknown,copy_bound,,two-sided,IMELL,73,4,49.787,8055,6371,97,1330119,0,0,2048,50.000,0.127,factors,30,,1073741824,30,
spec,benchmarks/mist/boundedPN,,,read-write.spec,intuitionistic-affine,two-sided,1,,5,0,30,unprovable,unknown,timeout,,two-sided,IMELL,87,6,5001.548,3623,2989,355,126197760,0,0,2048,4980.000,4.779,factors,30,,1073741824,7,
spec,benchmarks/soter,,,concdb__single_client_writes__depth_2.spec,intuitionistic-affine,two-sided,1,,5,0,30,,unknown,timeout,,two-sided,IMELL,19833,2015,5001.835,370,196,115,13520896,0,0,2048,4980.000,4.976,factors,30,,1073741824,6,
spec,benchmarks/soter,,,firewall__no_pred_called_with_zero__depth_0.spec,intuitionistic-affine,two-sided,1,,5,0,30,,unknown,timeout,,two-sided,IMELL,455,37,5001.430,96143,89252,3504,117149696,0,0,2048,4980.000,4.833,factors,30,,1073741824,15,
spec,benchmarks/soter,,,howait__all_workers_finished_if_wait_over__depth_1.spec,intuitionistic-affine,two-sided,1,,5,0,30,,unknown,timeout,,two-sided,IMELL,5657,622,5000.926,6261,4384,1388,37060608,0,0,2048,4980.000,4.465,factors,30,,1073741824,7,
spec,benchmarks/soter,,,parikh__should_already_be_initialized__depth_2.spec,intuitionistic-affine,two-sided,1,,5,0,30,,unknown,timeout,,two-sided,IMELL,327,24,5001.419,125482,116326,3319,125490983,0,0,2048,4980.000,4.646,factors,30,,1073741824,26,
spec,benchmarks/soter,,,reslock__critical__depth_1.spec,intuitionistic-affine,two-sided,1,,5,0,30,,unknown,timeout,,two-sided,IMELL,1289,125,5001.490,45032,36801,5834,83320832,0,0,2048,4980.000,4.921,factors,30,,1073741824,9,
spec,benchmarks/soter,,,reslockbeh__critical__depth_0.spec,intuitionistic-affine,two-sided,1,,5,0,30,,unknown,timeout,,two-sided,IMELL,513,45,5001.346,72504,67021,2497,111120384,0,0,2048,4980.000,5.032,factors,30,,1073741824,14,
spec,benchmarks/soter,,,ring__single_message_in_mailbox__depth_2.spec,intuitionistic-affine,two-sided,1,,5,0,30,,unknown,timeout,,two-sided,IMELL,1709009,198708,5121.631,3,0,2,393216,0,0,2048,5100.000,9.783,factors,30,,1073741824,1,
spec,benchmarks/soter,,,safe_send__sending_to_non-pid_2__depth_2.spec,intuitionistic-affine,two-sided,1,,5,0,30,,unknown,timeout,,two-sided,IMELL,959,79,5001.219,40318,36456,1680,100475596,0,0,2048,4980.000,7.192,factors,30,,1073741824,20,
spec,benchmarks/soter,,,safe_send__sending_to_non-pid_4__depth_2.spec,intuitionistic-affine,two-sided,1,,5,0,30,,unknown,timeout,,two-sided,IMELL,959,79,5001.258,38422,34677,1645,95883264,0,0,2048,4970.000,8.418,factors,30,,1073741824,20,
spec,benchmarks/soter,,,sieve__single_message_in_counter_mailbox__depth_2.spec,intuitionistic-affine,two-sided,1,,5,0,30,,unknown,timeout,,two-sided,IMELL,15641,1812,5001.337,471,276,123,13578240,0,0,2048,4980.000,8.304,factors,30,,1073741824,6,
spec,benchmarks/soter,,,state_factory__single_message_in_mailbox__depth_0.spec,intuitionistic-affine,two-sided,1,,5,0,30,,unknown,timeout,,two-sided,IMELL,289,23,5001.405,157034,145468,4130,123006976,0,0,2048,4980.000,4.833,factors,30,,1073741824,22,
spec,benchmarks/soter,,,stutter__we_abhorr_as__depth_2.spec,intuitionistic-affine,two-sided,1,,5,0,30,,unknown,timeout,,two-sided,IMELL,231,19,5001.469,148806,139047,3272,116682752,0,0,2048,4980.000,5.585,factors,30,,1073741824,18,
spec,benchmarks/wahl-kroening/Boop_simple_vf_satabs.1,,,main.spec,intuitionistic-affine,two-sided,1,,5,0,30,,unknown,timeout,,two-sided,IMELL,247,28,5001.467,301727,290270,2141,107470848,0,0,2048,4980.000,6.095,factors,30,,1073741824,8,
spec,benchmarks/wahl-kroening/Function_Pointer3_vs_satabs.3,,,main.spec,intuitionistic-affine,two-sided,1,,5,0,30,,unknown,timeout,,two-sided,IMELL,72199,4160,5002.394,82,32,41,4923392,0,0,2048,4980.000,9.011,factors,30,,1073741824,3,
spec,benchmarks/wahl-kroening/conditionals_vs_satabs.1,,,main.spec,intuitionistic-affine,two-sided,1,,5,0,30,,unknown,timeout,,two-sided,IMELL,439,46,5001.526,201917,193270,2414,106254336,0,0,2048,4980.000,6.596,factors,30,,1073741824,7,
spec,benchmarks/wahl-kroening/dekker_vs_satabs.1,,,main.spec,intuitionistic-affine,two-sided,1,,5,0,30,,unknown,timeout,,two-sided,IMELL,975,33,5001.662,90300,79502,7559,115048448,0,0,2048,4980.000,5.004,factors,30,,1073741824,7,
spec,benchmarks/wahl-kroening/double_lock_p1_vs_satabs.3,,,main.spec,intuitionistic-affine,two-sided,1,,5,0,30,,unknown,timeout,,two-sided,IMELL,61319,256,5003.059,391,221,134,20647936,0,0,2048,4990.000,5.915,factors,30,,1073741824,4,
spec,benchmarks/wahl-kroening/double_lock_p3_vs_satabs.2,,,main.spec,intuitionistic-affine,two-sided,1,,5,0,30,,unknown,timeout,,two-sided,IMELL,6023,39,5003.363,13356,10592,2090,81563648,0,0,2048,4980.000,8.779,factors,30,,1073741824,6,
spec,benchmarks/wahl-kroening/peterson_vs_satabs.1,,,main.spec,intuitionistic-affine,two-sided,1,,5,0,30,,unknown,timeout,,two-sided,IMELL,527,19,5001.601,158161,141407,11439,108146688,0,0,2048,4970.000,10.143,factors,30,,1073741824,7,
spec,benchmarks/wahl-kroening/pthread5_vs_satabs.3,,,main.spec,intuitionistic-affine,two-sided,1,,5,0,30,,unknown,timeout,,two-sided,IMELL,15271,64,5001.258,3600,2630,758,54468608,0,0,2048,4960.000,12.338,factors,30,,1073741824,5,
spec,benchmarks/wahl-kroening/rand_lock_p0_vs_satabs.1,,,main.spec,intuitionistic-affine,two-sided,1,,5,0,30,,unknown,timeout,,two-sided,IMELL,347,17,5001.417,214069,199631,6229,116527104,0,0,2048,4960.000,10.767,factors,30,,1073741824,8,
spec,benchmarks/wahl-kroening/simple_loop5_vs_satabs.2,,,main.spec,intuitionistic-affine,two-sided,1,,5,0,30,,unknown,timeout,,two-sided,IMELL,3943,32,5000.832,21730,17614,3171,88793088,0,0,2048,4960.000,12.324,factors,30,,1073741824,6,
spec,benchmarks/wahl-kroening/stack_cas_p0_vs_satabs.2,,,main.spec,intuitionistic-affine,two-sided,1,,5,0,30,,unknown,timeout,,two-sided,IMELL,1263,48,5001.255,61116,55066,3787,97058816,0,0,2048,4970.000,10.089,factors,30,,1073741824,7,
spec,benchmarks/wahl-kroening/szymanski_vs_satabs.1,,,main.spec,intuitionistic-affine,two-sided,1,,5,0,30,,unknown,timeout,,two-sided,IMELL,1807,59,5001.297,38890,33351,3921,86994944,0,0,2048,4970.000,9.159,factors,30,,1073741824,6,
spec,benchmarks/bug_tracking,,,x0_BUG_REPORT_q6.spec,intuitionistic-affine,auto,1,,5,0,none,,unknown,timeout,,two-sided,IMELL,272355,5184,5023.747,430191,422525,7664,872136,0,0,2048,5000.000,12.736,auto,30,,1073741824,1,
spec,benchmarks/bug_tracking,,,x0_CLOSED_q5.spec,intuitionistic-affine,auto,1,,5,0,none,,unknown,timeout,,two-sided,IMELL,272355,5184,5002.018,852673,850655,2016,2000905,0,0,2048,4980.000,12.036,auto,30,,1073741824,1,
spec,benchmarks/bug_tracking,,,x0_FIXED_q1.spec,intuitionistic-affine,auto,1,,5,0,none,,unknown,timeout,,two-sided,IMELL,272355,5184,5003.646,849085,847067,2016,1993659,0,0,2048,4980.000,11.324,auto,30,,1073741824,1,
spec,benchmarks/bug_tracking,,,x0_FIXED_q8.spec,intuitionistic-affine,auto,1,,5,0,none,,unknown,timeout,,two-sided,IMELL,272355,5184,5001.859,846591,844573,2016,1988606,0,0,2048,4980.000,12.342,auto,30,,1073741824,1,
spec,benchmarks/bug_tracking,,,x0_FIX_AGAIN_q3.spec,intuitionistic-affine,auto,1,,5,0,none,,unknown,timeout,,two-sided,IMELL,272355,5184,5001.732,842146,840128,2016,1979586,0,0,2048,4980.000,13.209,auto,30,,1073741824,1,
spec,benchmarks/bug_tracking,,,x0_MORE_INFO_q6.spec,intuitionistic-affine,auto,1,,5,0,none,,unknown,timeout,,two-sided,IMELL,272355,5184,5001.602,844796,842778,2016,1984953,0,0,2048,4980.000,12.398,auto,30,,1073741824,1,
spec,benchmarks/bug_tracking,,,x0_MUST_FIX_q5.spec,intuitionistic-affine,auto,1,,5,0,none,,unknown,timeout,,two-sided,IMELL,272355,5184,5001.768,840605,838587,2016,1976437,0,0,2048,4980.000,12.104,auto,30,,1073741824,1,
spec,benchmarks/bug_tracking,,,x0_PENDING_q3_buggy.spec,intuitionistic-affine,auto,1,,5,0,none,,unknown,timeout,,two-sided,IMELL,272355,5184,5003.526,848547,846529,2016,1992573,0,0,2048,4970.000,12.537,auto,30,,1073741824,1,
spec,benchmarks/bug_tracking,,,x0_PENDING_q8.spec,intuitionistic-affine,auto,1,,5,0,none,,unknown,timeout,,two-sided,IMELL,272355,5184,5001.101,855811,853793,2016,2007227,0,0,2048,4990.000,11.550,auto,30,,1073741824,1,
spec,benchmarks/bug_tracking,,,x0_VERIFIED_q6.spec,intuitionistic-affine,auto,1,,5,0,none,,unknown,timeout,,two-sided,IMELL,272355,5184,5001.249,858009,855991,2016,2011639,0,0,2048,4960.000,19.165,auto,30,,1073741824,1,
spec,benchmarks/medical,,,x0_AA_q5.spec,intuitionistic-affine,auto,1,,5,0,none,,unknown,timeout,,two-sided,IMELL,57592,1152,5003.904,4465990,4461520,4468,9844196,0,0,2048,4980.000,7.955,auto,30,,1073741824,1,
spec,benchmarks/medical,,,x0_HA_q1.spec,intuitionistic-affine,auto,1,,5,0,none,,unknown,timeout,,two-sided,IMELL,57592,1152,5004.526,4552398,4547814,4582,10023401,0,0,2048,4980.000,6.720,auto,30,,1073741824,1,
spec,benchmarks/medical,,,x0_HQ_q2.spec,intuitionistic-affine,auto,1,,5,0,none,,unknown,timeout,,two-sided,IMELL,57592,1152,5005.904,4596954,4592348,4604,10115042,0,0,2048,4990.000,6.511,auto,30,,1073741824,1,
spec,benchmarks/mist/PN,,,MultiME.spec,intuitionistic-affine,auto,1,,5,0,none,,unknown,timeout,,two-sided,IMELL,102,5,5001.743,10560490,10505257,20984,131739648,0,0,2048,4970.000,10.585,auto,30,,1073741824,10,
spec,benchmarks/mist/PN,,,basicME.spec,intuitionistic-affine,auto,1,,5,0,none,unprovable,unknown,timeout,,two-sided,IMELL,56,4,5001.546,13225241,13012152,10136,134316328,0,0,2048,4980.000,5.853,auto,30,,1073741824,17,
spec,benchmarks/mist/PN,,,bingham_h25.spec,intuitionistic-affine,auto,1,,5,0,none,,unknown,timeout,,two-sided,IMELL,319,28,5004.936,36742368,36103669,445747,99170711,0,0,2048,4980.000,5.541,auto,30,,1073741824,6,
spec,benchmarks/mist/PN,,,extendedread-write.spec,intuitionistic-affine,auto,1,,5,0,none,,unknown,timeout,,two-sided,IMELL,1809,275,5001.424,2,0,1,104706048,0,0,2048,4980.000,5.870,auto,30,,1073741824,1,
spec,benchmarks/mist/PN,,,leabasicapproach.spec,intuitionistic-affine,auto,1,,5,0,none,,proved,,ok,two-sided,IMELL,91,3,0.725,766,527,194,15790,0,0,2048,0.000,0.000,auto,30,0.009,1073741824,2,
spec,benchmarks/mist/PN,,,pncsasemiliv.spec,intuitionistic-affine,auto,1,,5,0,none,,unknown,timeout,,two-sided,IMELL,225,5,5002.194,25812612,25690376,73217,113623907,0,0,2048,4970.000,5.731,auto,30,,1073741824,7,
spec,benchmarks/mist/boundedPN,,,newdekker.spec,intuitionistic-affine,auto,1,,5,0,none,unprovable,unknown,timeout,,two-sided,IMELL,136,5,5001.511,32339676,32269648,11901,113835497,0,0,2048,4980.000,5.810,auto,30,,1073741824,14,
spec,benchmarks/soter,,,finite_leader__single_leader__depth_0.spec,intuitionistic-affine,auto,1,,5,0,none,,unknown,timeout,,two-sided,IMELL,649,55,5001.595,2866721,2839549,22609,128008192,0,0,2048,4980.000,5.090,auto,30,,1073741824,15,
spec,benchmarks/soter,,,firewall__no_pred_called_with_zero__depth_1.spec,intuitionistic-affine,auto,1,,5,0,none,,unknown,timeout,,two-sided,IMELL,1327,127,5002.408,2966044,2904146,58364,103895040,0,0,2048,4980.000,5.553,auto,30,,1073741824,10,
spec,benchmarks/soter,,,howait__all_workers_finished_if_wait_over__depth_2.spec,intuitionistic-affine,auto,1,,5,0,none,,unknown,timeout,,two-sided,IMELL,19185,2118,5010.668,225542,183062,41716,18952192,0,0,2048,4990.000,4.856,auto,30,,1073741824,3,
spec,benchmarks/soter,,,pipe__single_message_in_mailbox__depth_0.spec,intuitionistic-affine,auto,1,,5,0,none,,unknown,timeout,,two-sided,IMELL,241,20,5001.578,4225512,4201166,9037,129990656,0,0,2048,4980.000,8.123,auto,30,,1073741824,16,
spec,benchmarks/soter,,,reslock__critical__depth_2.spec,intuitionistic-affine,auto,1,,5,0,none,,unknown,timeout,,two-sided,IMELL,2241,220,5004.246,2092809,2001213,89885,78745600,0,0,2048,4980.000,5.617,auto,30,,1073741824,8,
spec,benchmarks/soter,,,reslockbeh__critical__depth_1.spec,intuitionistic-affine,auto,1,,5,0,none,,unknown,timeout,,two-sided,IMELL,1497,148,5003.332,3791953,3684338,104763,94037719,0,0,2048,4980.000,5.866,auto,30,,1073741824,9,
spec,benchmarks/soter,,,safe_send__sending_to_non-pid_1__depth_1.spec,intuitionistic-affine,auto,1,,5,0,none,,unknown,timeout,,two-sided,IMELL,959,79,5001.490,926943,913736,8114,120737792,0,0,2048,4970.000,7.224,auto,30,,1073741824,19,
spec,benchmarks/soter,,,safe_send__sending_to_non-pid_3__depth_1.spec,intuitionistic-affine,auto,1,,5,0,none,,unknown,timeout,,two-sided,IMELL,959,79,5001.502,932362,919135,8123,121450496,0,0,2048,4980.000,6.503,auto,30,,1073741824,19,
spec,benchmarks/soter,,,safe_send__sending_to_non-pid__depth_0.spec,intuitionistic-affine,auto,1,,5,0,none,,proved,,ok,two-sided,IMELL,463,39,2438.574,746036,734805,8592,62953069,0,0,2048,2420.000,2.857,auto,30,0.026,1073741824,24,
spec,benchmarks/soter,,,sieve__single_message_in_filter_mailbox__depth_0.spec,intuitionistic-affine,auto,1,,5,0,none,,unknown,timeout,,two-sided,IMELL,601,50,5001.407,1424438,1410694,8838,126368468,0,0,2048,4970.000,10.864,auto,30,,1073741824,16,
spec,benchmarks/soter,,,state_factory__single_message_in_mailbox__depth_1.spec,intuitionistic-affine,auto,1,,5,0,none,,unknown,timeout,,two-sided,IMELL,57209,6574,5035.945,361753,277300,65408,5185536,0,0,2048,5000.000,11.716,auto,30,,1073741824,3,
spec,benchmarks/soter,,,unsafe_send__sending_to_non-pid__depth_0.spec,intuitionistic-affine,auto,1,,5,0,none,,proved,,ok,two-sided,IMELL,111,8,57.726,5325,4457,342,1606677,0,0,2048,50.000,0.161,auto,30,0.016,1073741824,13,
spec,benchmarks/wahl-kroening/Boop_simple_vf_satabs.2,,,main.spec,intuitionistic-affine,auto,1,,5,0,none,,unknown,timeout,,two-sided,IMELL,59911,296,5033.395,1640887,1546109,62400,5720934,0,0,2048,5010.000,10.681,auto,30,,1073741824,2,
spec,benchmarks/wahl-kroening/conditionals_vs_satabs.2,,,main.spec,intuitionistic-affine,auto,1,,5,0,none,,unknown,timeout,,two-sided,IMELL,2247,248,5004.084,23643144,23558608,72966,63451002,0,0,2048,4970.000,8.391,auto,30,,1073741824,4,
spec,benchmarks/wahl-kroening/dekker_vs_satabs.2,,,main.spec,intuitionistic-affine,auto,1,,5,0,none,,unknown,timeout,,two-sided,IMELL,10823,64,5007.250,8760653,8730980,26737,38902838,0,0,2048,4980.000,8.481,auto,30,,1073741824,3,
spec,benchmarks/wahl-kroening/double_lock_p2_vs_satabs.1,,,main.spec,intuitionistic-affine,auto,1,,5,0,none,,unknown,timeout,,two-sided,IMELL,1727,43,5007.156,18190690,18004923,158806,86405228,0,0,2048,4980.000,7.493,auto,30,,1073741824,5,
spec,benchmarks/wahl-kroening/double_lock_p3_vs_satabs.3,,,main.spec,intuitionistic-affine,auto,1,,5,0,none,,unknown,timeout,,two-sided,IMELL,25351,128,5013.754,4181204,4135517,45050,18829889,0,0,2048,4990.000,8.360,auto,30,,1073741824,2,
spec,benchmarks/wahl-kroening/lu-fig2_fixed_vs_satabs.1,,,main.spec,intuitionistic-affine,auto,1,,5,0,none,,unknown,timeout,,two-sided,IMELL,297,18,5001.951,21522532,21454745,43424,122808184,0,0,2048,4970.000,7.824,auto,30,,1073741824,7,
spec,benchmarks/wahl-kroening/peterson_vs_satabs.2,,,main.spec,intuitionistic-affine,auto,1,,5,0,none,,unknown,timeout,,two-sided,IMELL,16007,128,5008.198,6684882,6666412,16858,29136692,0,0,2048,4980.000,8.010,auto,30,,1073741824,2,
spec,benchmarks/wahl-kroening/pthread5_vs_satabs.4,,,main.spec,intuitionistic-affine,auto,1,,5,0,none,,unknown,timeout,,two-sided,IMELL,15239,64,5002.734,6176608,6154508,19782,38109184,0,0,2048,4970.000,8.215,auto,30,,1073741824,2,
spec,benchmarks/wahl-kroening/rand_lock_p0_vs_satabs.2,,,main.spec,intuitionistic-affine,auto,1,,5,0,none,,unknown,timeout,,two-sided,IMELL,2327,125,5004.144,15048380,14953952,77859,83312640,0,0,2048,4980.000,6.396,auto,30,,1073741824,5,
spec,benchmarks/wahl-kroening/spin2003_vs_satabs.1,,,main.spec,intuitionistic-affine,auto,1,,5,0,none,,unknown,timeout,,two-sided,IMELL,283,13,5001.933,19714318,19648060,38587,125602469,0,0,2048,4970.000,7.513,auto,30,,1073741824,7,
spec,benchmarks/wahl-kroening/stack_cas_p0_vs_satabs.3,,,main.spec,intuitionistic-affine,auto,1,,5,0,none,,unknown,timeout,,two-sided,IMELL,2775,108,5003.994,11801560,11720435,69386,92199447,0,0,2048,4980.000,6.167,auto,30,,1073741824,5,
spec,benchmarks/wahl-kroening/szymanski_vs_satabs.2,,,main.spec,intuitionistic-affine,auto,1,,5,0,none,,unknown,timeout,,two-sided,IMELL,66823,256,5043.802,1385749,1231572,55936,4677525,0,0,2048,5030.000,8.959,auto,30,,1073741824,2,
spec,benchmarks/bug_tracking,,,x0_BUG_REPORT_q1.spec,intuitionistic-affine,auto,1,,5,0,none,,unknown,timeout,,two-sided,IMELL,272355,5184,5023.298,455650,447564,8084,923472,0,0,2048,4990.000,10.410,auto,30,,1073741824,1,
spec,benchmarks/bug_tracking,,,x0_BUG_REPORT_q8.spec,intuitionistic-affine,auto,1,,5,0,none,,unknown,timeout,,two-sided,IMELL,272355,5184,5023.370,450283,442254,8027,912683,0,0,2048,5000.000,10.684,auto,30,,1073741824,1,
spec,benchmarks/bug_tracking,,,x0_CLOSED_q6.spec,intuitionistic-affine,auto,1,,5,0,none,,unknown,timeout,,two-sided,IMELL,272355,5184,5001.344,893558,891526,2030,2084568,0,0,2048,4970.000,7.795,auto,30,,1073741824,1,
spec,benchmarks/bug_tracking,,,x0_FIXED_q3.spec,intuitionistic-affine,auto,1,,5,0,none,,unknown,timeout,,two-sided,IMELL,272355,5184,5001.160,887287,885256,2029,2071759,0,0,2048,4980.000,8.530,auto,30,,1073741824,1,
spec,benchmarks/bug_tracking,,,x0_FIX_AGAIN_q5.spec,intuitionistic-affine,auto,1,,5,0,none,,unknown,timeout,,two-sided,IMELL,272355,5184,5002.002,895725,893692,2031,2089002,0,0,2048,4980.000,7.587,auto,30,,1073741824,1,
spec,benchmarks/bug_tracking,,,x0_MORE_INFO_q1.spec,intuitionistic-affine,auto,1,,5,0,none,,unknown,timeout,,two-sided,IMELL,272355,5184,5003.786,894907,892874,2031,2087309,0,0,2048,4990.000,6.630,auto,30,,1073741824,1,
spec,benchmarks/bug_tracking,,,x0_MORE_INFO_q8.spec,intuitionistic-affine,auto,1,,5,0,none,,unknown,timeout,,two-sided,IMELL,272355,5184,5001.303,876806,874778,2026,2050296,0,0,2048,4980.000,9.387,auto,30,,1073741824,1,
spec,benchmarks/bug_tracking,,,x0_MUST_FIX_q6.spec,intuitionistic-affine,auto,1,,5,0,none,,unknown,timeout,,two-sided,IMELL,272355,5184,5001.806,876490,874462,2026,2049656,0,0,2048,4980.000,12.211,auto,30,,1073741824,1,
spec,benchmarks/bug_tracking,,,x0_PENDING_q3.spec,intuitionistic-affine,auto,1,,5,0,none,,unknown,timeout,,two-sided,IMELL,272355,5184,5001.324,866972,864947,2023,2030166,0,0,2048,4980.000,9.780,auto,30,,1073741824,1,
spec,benchmarks/bug_tracking,,,x0_VERIFIED_q1.spec,intuitionistic-affine,auto,1,,5,0,none,,unknown,timeout,,two-sided,IMELL,272355,5184,5001.408,860974,858952,2020,2017794,0,0,2048,4980.000,9.977,auto,30,,1073741824,1,
spec,benchmarks/bug_tracking,,,x0_VERIFIED_q8.spec,intuitionistic-affine,auto,1,,5,0,none,,unknown,timeout,,two-sided,IMELL,272355,5184,5001.679,865593,863569,2022,2027296,0,0,2048,4970.000,11.405,auto,30,,1073741824,1,
spec,benchmarks/medical,,,x0_AR_q1.spec,intuitionistic-affine,auto,1,,5,0,none,,unknown,timeout,,two-sided,IMELL,57592,1152,5004.554,4485385,4480903,4480,9884200,0,0,2048,4980.000,8.388,auto,30,,1073741824,1,
spec,benchmarks/medical,,,x0_HA_q2.spec,intuitionistic-affine,auto,1,,5,0,none,,unknown,timeout,,two-sided,IMELL,57592,1152,5004.336,4467667,4463195,4470,9847702,0,0,2048,4980.000,8.765,auto,30,,1073741824,1,
spec,benchmarks/medical,,,x0_HQ_q5.spec,intuitionistic-affine,auto,1,,5,0,none,,unknown,timeout,,two-sided,IMELL,57592,1152,5003.738,4477791,4473310,4479,9868681,0,0,2048,4980.000,8.389,auto,30,,1073741824,1,
spec,benchmarks/mist/PN,,,bingham_h150.spec,intuitionistic-affine,auto,1,,5,0,none,,unknown,timeout,,two-sided,IMELL,1819,153,5007.513,28682996,28418008,231382,63671242,0,0,2048,4980.000,5.960,auto,30,,1073741824,4,
spec,benchmarks/mist/PN,,,bingham_h50.spec,intuitionistic-affine,auto,1,,5,0,none,,unknown,timeout,,two-sided,IMELL,619,53,5008.512,33155188,32203452,871929,81580171,0,0,2048,4990.000,5.709,auto,30,,1073741824,5,
spec,benchmarks/mist/PN,,,fms_attic.spec,intuitionistic-affine,auto,1,,5,0,none,,unknown,timeout,,two-sided,IMELL,132,5,5001.549,45722435,45696703,23899,116789655,0,0,2048,4970.000,13.759,auto,30,,1073741824,3,
spec,benchmarks/mist/PN,,,manufacturing.spec,intuitionistic-affine,auto,1,,5,0,none,,unprovable,,,two-sided,IMELL,85,4,0.073,11,3,3,96,0,0,2048,0.000,0.000,auto,30,,1073741824,2,
spec,benchmarks/mist/PN,,,multipool.spec,intuitionistic-affine,auto,1,,5,0,none,unprovable,unknown,timeout,,two-sided,IMELL,122,11,5001.858,47687821,47600218,76624,108170643,0,0,2048,4980.000,5.774,auto,30,,1073741824,3,
spec,benchmarks/mist/boundedPN,,,newrtp.spec,intuitionistic-affine,auto,1,,5,0,none,unprovable,unknown,timeout,,two-sided,IMELL,52,4,5001.417,27519289,25614680,87,56277135,0,0,2048,4980.000,4.521,auto,30,,1073741824,95222,
spec,benchmarks/soter,,,concdb__single_client_writes__depth_0.spec,intuitionistic-affine,auto,1,,5,0,none,,unknown,timeout,,two-sided,IMELL,1209,110,5001.822,1458736,1428437,21000,113917952,0,0,2048,4980.000,4.420,auto,30,,1073741824,11,
spec,benchmarks/soter,,,finite_leader__single_leader__depth_1.spec,intuitionistic-affine,auto,1,,5,0,none,,unknown,timeout,,two-sided,IMELL,985,90,5001.623,1576317,1548885,19080,122601472,0,0,2048,4980.000,7.194,auto,30,,1073741824,13,
spec,benchmarks/soter,,,firewall__no_pred_called_with_zero__depth_2.spec,intuitionistic-affine,auto,1,,5,0,none,,unknown,timeout,,two-sided,IMELL,11343,1255,5012.584,423190,365258,56690,28712960,0,0,2048,4990.000,3.296,auto,30,,1073741824,4,
spec,benchmarks/soter,,,parikh__should_already_be_initialized__depth_0.spec,intuitionistic-affine,auto,1,,5,0,none,,unknown,timeout,,two-sided,IMELL,263,20,5001.567,1161627,1145229,7354,146611277,0,0,2048,4980.000,5.977,auto,30,,1073741824,27,
spec,benchmarks/soter,,,pipe__single_message_in_mailbox__depth_1.spec,intuitionistic-affine,auto,1,,5,0,none,,unknown,timeout,,two-sided,IMELL,16073,1703,5039.443,1738657,1441813,230912,18546303,0,0,2048,5020.000,4.150,auto,30,,1073741824,3,
spec,benchmarks/soter,,,reslockbeh__critical__depth_2.spec,intuitionistic-affine,auto,1,,5,0,none,,unknown,timeout,,two-sided,IMELL,2521,253,5006.768,2013694,1928330,83842,77402112,0,0,2048,4990.000,5.245,auto,30,,1073741824,8,
spec,benchmarks/soter,,,ring__single_message_in_mailbox__depth_0.spec,intuitionistic-affine,auto,1,,5,0,none,,unknown,timeout,,two-sided,IMELL,481,40,5001.581,2458853,2438692,14294,131768320,0,0,2048,4980.000,6.167,auto,30,,1073741824,14,
spec,benchmarks/soter,,,safe_send__sending_to_non-pid_1__depth_2.spec,intuitionistic-affine,auto,1,,5,0,none,,unknown,timeout,,two-sided,IMELL,959,79,5001.406,1010953,997622,8123,126873600,0,0,2048,4980.000,4.356,auto,30,,1073741824,19,
spec,benchmarks/soter,,,safe_send__sending_to_non-pid_3__depth_2.spec,intuitionistic-affine,auto,1,,5,0,none,,unknown,timeout,,two-sided,IMELL,959,79,5001.446,1001101,987780,8123,126373888,0,0,2048,4980.000,5.096,auto,30,,1073741824,19,
spec,benchmarks/soter,,,sieve__single_message_in_counter_mailbox__depth_0.spec,intuitionistic-affine,auto,1,,5,0,none,,unknown,timeout,,two-sided,IMELL,593,50,5001.540,1436972,1423136,8907,126743467,0,0,2048,4980.000,7.019,auto,30,,1073741824,16,
spec,benchmarks/soter,,,sieve__single_message_in_sieve_mailbox__depth_0.spec,intuitionistic-affine,auto,1,,5,0,none,,unknown,timeout,,two-sided,IMELL,585,50,5001.556,1861410,1846897,9665,126803968,0,0,2048,4970.000,6.305,auto,30,,1073741824,18,
spec,benchmarks/soter,,,stutter__we_abhorr_as__depth_0.spec,intuitionistic-affine,auto,1,,5,0,none,,proved,,ok,two-sided,IMELL,183,15,2693.357,1144763,1133047,4580,76823321,0,0,2048,2670.000,3.147,auto,30,0.018,1073741824,19,
spec,benchmarks/soter,,,unsafe_send__sending_to_non-pid__depth_1.spec,intuitionistic-affine,auto,1,,5,0,none,,proved,,ok,two-sided,IMELL,111,8,52.492,5325,4457,342,1606677,0,0,2048,50.000,0.108,auto,30,0.014,1073741824,13,
spec,benchmarks/wahl-kroening/Function_Pointer3_vs_satabs.1,,,main.spec,intuitionistic-affine,auto,1,,5,0,none,,proved,,ok,two-sided,IMELL,575,30,456.911,1897557,1872923,19640,10192727,0,0,2048,450.000,0.995,auto,30,0.020,1073741824,5,
spec,benchmarks/wahl-kroening/buggy_spaghetti_vf_satabs.1,,,main.spec,intuitionistic-affine,auto,1,,5,0,none,,unknown,timeout,,two-sided,IMELL,919,114,5005.003,36269622,36109588,137204,85061863,0,0,2048,4980.000,4.984,auto,30,,1073741824,5,
spec,benchmarks/wahl-kroening/constants_vf_satabs.1,,,main.spec,intuitionistic-affine,auto,1,,5,0,none,,unknown,timeout,,two-sided,IMELL,199,24,5001.550,5054558,5027908,10736,124997632,0,0,2048,4970.000,5.918,auto,30,,1073741824,8,
spec,benchmarks/wahl-kroening/double_lock_p1_vs_satabs.1,,,main.spec,intuitionistic-affine,auto,1,,5,0,none,,unknown,timeout,,two-sided,IMELL,1663,40,5005.647,18639494,18445483,167408,89166688,0,0,2048,4980.000,4.568,auto,30,,1073741824,5,
spec,benchmarks/wahl-kroening/double_lock_p2_vs_satabs.2,,,main.spec,intuitionistic-affine,auto,1,,5,0,none,,unknown,timeout,,two-sided,IMELL,14855,64,5002.027,6998187,6971943,24088,34408542,0,0,2048,4970.000,9.959,auto,30,,1073741824,2,
spec,benchmarks/wahl-kroening/lu-fig2_fixed_vs_satabs.2,,,main.spec,intuitionistic-affine,auto,1,,5,0,none,,unknown,timeout,,two-sided,IMELL,1487,25,5003.094,22992692,22922217,57490,88828962,0,0,2048,4980.000,9.041,auto,30,,1073741824,5,
spec,benchmarks/wahl-kroening/pthread5_vs_satabs.1,,,main.spec,intuitionistic-affine,auto,1,,5,0,none,,unknown,timeout,,two-sided,IMELL,3335,41,5003.979,8694088,8628914,56218,84966570,0,0,2048,4980.000,6.133,auto,30,,1073741824,4,
spec,benchmarks/wahl-kroening/rand_cas_vs_satabs.1,,,main.spec,intuitionistic-affine,auto,1,,5,0,none,,unknown,timeout,,two-sided,IMELL,427,40,5001.624,5178056,5155591,13387,116648713,0,0,2048,4980.000,6.043,auto,30,,1073741824,8,
spec,benchmarks/wahl-kroening/rand_lock_p0_vs_satabs.3,,,main.spec,intuitionistic-affine,auto,1,,5,0,none,,unknown,timeout,,two-sided,IMELL,6215,349,5003.713,9361535,9309034,44031,48049852,0,0,2048,4980.000,4.862,auto,30,,1073741824,3,
spec,benchmarks/wahl-kroening/spin2003_vs_satabs.2,,,main.spec,intuitionistic-affine,auto,1,,5,0,none,,unknown,timeout,,two-sided,IMELL,1463,21,5003.247,15802389,15638687,141566,97652736,0,0,2048,4980.000,4.797,auto,30,,1073741824,5,
spec,benchmarks/wahl-kroening/stack_lock_p0_vs_satabs.1,,,main.spec,intuitionistic-affine,auto,1,,5,0,none,,unknown,timeout,,two-sided,IMELL,475,20,5001.984,18231342,18164436,43473,121137754,0,0,2048,4980.000,5.409,auto,30,,1073741824,7,
spec,benchmarks/bug_tracking,,,x0_BUG_REPORT_q3.spec,intuitionistic-affine,auto,1,,5,0,none,,unknown,timeout,,two-sided,IMELL,272355,5184,5025.183,279612,274586,5024,568339,0,0,2048,5000.000,18.114,auto,30,,1073741824,1,
spec,benchmarks/bug_tracking,,,x0_CLOSED_q1.spec,intuitionistic-affine,auto,1,,5,0,none,,unknown,timeout,,two-sided,IMELL,272355,5184,5001.319,544818,542962,1854,1369129,0,0,2048,4960.000,12.800,auto,30,,1073741824,1,
spec,benchmarks/bug_tracking,,,x0_CLOSED_q8.spec,intuitionistic-affine,auto,1,,5,0,none,,unknown,timeout,,two-sided,IMELL,272355,5184,5003.426,539814,537962,1850,1358759,0,0,2048,4980.000,10.932,auto,30,,1073741824,1,
spec,benchmarks/bug_tracking,,,x0_FIXED_q5.spec,intuitionistic-affine,auto,1,,5,0,none,,unknown,timeout,,two-sided,IMELL,272355,5184,5003.190,538602,536752,1848,1356237,0,0,2048,4980.000,11.883,auto,30,,1073741824,1,
spec,benchmarks/bug_tracking,,,x0_FIX_AGAIN_q6.spec,intuitionistic-affine,auto,1,,5,0,none,,unknown,timeout,,two-sided,IMELL,272355,5184,5001.286,505017,503223,1792,1286740,0,0,2048,4970.000,14.699,auto,30,,1073741824,1,
spec,benchmarks/bug_tracking,,,x0_MORE_INFO_q3.spec,intuitionistic-affine,auto,1,,5,0,none,,unknown,timeout,,two-sided,IMELL,272355,5184,5001.709,524545,522720,1823,1326891,0,0,2048,4970.000,18.339,auto,30,,1073741824,1,
spec,benchmarks/bug_tracking,,,x0_MUST_FIX_q1.spec,intuitionistic-affine,auto,1,,5,0,none,,unknown,timeout,,two-sided,IMELL,272355,5184,5001.801,523336,521513,1821,1324351,0,0,2048,4970.000,17.179,auto,30,,1073741824,1,
spec,benchmarks/bug_tracking,,,x0_MUST_FIX_q8.spec,intuitionistic-affine,auto,1,,5,0,none,,unknown,timeout,,two-sided,IMELL,272355,5184,5002.584,522569,520747,1820,1322748,0,0,2048,4960.000,15.925,auto,30,,1073741824,1,
spec,benchmarks/bug_tracking,,,x0_PENDING_q5.spec,intuitionistic-affine,auto,1,,5,0,none,,unknown,timeout,,two-sided,IMELL,272355,5184,5001.436,519617,517807,1808,1316475,0,0,2048,4960.000,18.135,auto,30,,1073741824,1,
spec,benchmarks/bug_tracking,,,x0_VERIFIED_q3.spec,intuitionistic-affine,auto,1,,5,0,none,,unknown,timeout,,two-sided,IMELL,272355,5184,5002.133,530997,529157,1838,1340401,0,0,2048,4960.000,15.600,auto,30,,1073741824,1,
spec,benchmarks/medical,,,x0_AA_q1.spec,intuitionistic-affine,auto,1,,5,0,none,,unknown,timeout,,two-sided,IMELL,57592,1152,5007.847,2897912,2893950,3960,6659290,0,0,2048,4980.000,14.263,auto,30,,1073741824,1,
spec,benchmarks/medical,,,x0_AR_q2.spec,intuitionistic-affine,auto,1,,5,0,none,,unknown,timeout,,two-sided,IMELL,57592,1152,5007.271,2941842,2937875,3965,6748529,0,0,2048,4980.000,13.941,auto,30,,1073741824,1,
spec,benchmarks/medical,,,x0_HA_q5.spec,intuitionistic-affine,auto,1,,5,0,none,,unknown,timeout,,two-sided,IMELL,57592,1152,5007.285,2987984,2984014,3968,6842104,0,0,2048,4970.000,14.274,auto,30,,1073741824,1,
spec,benchmarks/mist/PN,,,bingham_h250_attic.spec,intuitionistic-affine,auto,1,,5,0,none,,unknown,timeout,,two-sided,IMELL,74929,8990,5032.404,932456,759305,49920,1936016,0,0,2048,4990.000,25.519,auto,30,,1073741824,2,
spec,benchmarks/mist/PN,,,csm.spec,intuitionistic-affine,auto,1,,5,0,none,unprovable,unknown,timeout,,two-sided,IMELL,85,4,5001.832,25569183,25481981,44303,82138451,0,0,2048,4960.000,12.390,auto,30,,1073741824,7,
spec,benchmarks/mist/PN,,,fms.spec,intuitionistic-affine,auto,1,,5,0,none,unprovable,unknown,timeout,,two-sided,IMELL,118,4,5001.741,5083369,5001946,62462,128057499,0,0,2048,4970.000,9.600,auto,30,,1073741824,3,
spec,benchmarks/mist/PN,,,mesh2x2.spec,intuitionistic-affine,auto,1,,5,0,none,unprovable,unknown,timeout,,two-sided,IMELL,195,4,5001.962,5242583,5139908,80971,113243525,0,0,2048,4980.000,7.165,auto,30,,1073741824,3,
spec,benchmarks/mist/PN,,,pingpong.spec,intuitionistic-affine,auto,1,,5,0,none,,unknown,timeout,,two-sided,IMELL,48,4,5001.419,9957956,8339730,55,88532231,0,0,2048,4970.000,13.803,auto,30,,1073741824,31122,
spec,benchmarks/mist/boundedPN,,,kanban.spec,intuitionistic-affine,auto,1,,5,0,none,,unknown,timeout,,two-sided,IMELL,123,7,5001.397,14940546,14938346,923,82406721,0,0,2048,4980.000,6.187,auto,30,,1073741824,6,
spec,benchmarks/mist/boundedPN,,,peterson.spec,intuitionistic-affine,auto,1,,5,0,none,unprovable,unknown,timeout,,two-sided,IMELL,104,4,5001.474,9688123,9590761,2400,113896058,0,0,2048,4980.000,6.721,auto,30,,1073741824,60,
spec,benchmarks/soter,,,concdb__single_client_writes__depth_1.spec,intuitionistic-affine,auto,1,,5,0,none,,unknown,timeout,,two-sided,IMELL,5385,537,5004.004,831637,798591,31885,37551502,0,0,2048,4990.000,5.325,auto,30,,1073741824,9,
spec,benchmarks/soter,,,finite_leader__single_leader__depth_2.spec,intuitionistic-affine,auto,1,,5,0,none,,unknown,timeout,,two-sided,IMELL,985,90,5001.591,1292554,1268766,16488,95703040,0,0,2048,4980.000,5.805,auto,30,,1073741824,13,
spec,benchmarks/soter,,,howait__all_workers_finished_if_wait_over__depth_0.spec,intuitionistic-affine,auto,1,,5,0,none,,unknown,timeout,,two-sided,IMELL,401,36,5001.602,2668118,2643399,15867,112881664,0,0,2048,4980.000,6.120,auto,30,,1073741824,14,
spec,benchmarks/soter,,,parikh__should_already_be_initialized__depth_1.spec,intuitionistic-affine,auto,1,,5,0,none,,unknown,timeout,,two-sided,IMELL,327,24,5001.518,1479678,1461728,9564,122368000,0,0,2048,4980.000,5.000,auto,30,,1073741824,25,
spec,benchmarks/soter,,,pipe__single_message_in_mailbox__depth_2.spec,intuitionistic-affine,auto,1,,5,0,none,,unknown,timeout,,two-sided,IMELL,5761,569,5006.909,368211,320999,44205,35893248,0,0,2048,4980.000,5.626,auto,30,,1073741824,4,
spec,benchmarks/soter,,,reslock__critical__depth_0.spec,intuitionistic-affine,auto,1,,5,0,none,,unknown,timeout,,two-sided,IMELL,473,40,5001.445,2432124,2416352,10862,112895034,0,0,2048,4980.000,6.547,auto,30,,1073741824,15,
spec,benchmarks/soter,,,ring__single_message_in_mailbox__depth_1.spec,intuitionistic-affine,auto,1,,5,0,none,,unknown,timeout,,two-sided,IMELL,95481,10803,5042.443,114659,76400,38251,1933312,0,0,2048,5020.000,7.851,auto,30,,1073741824,3,
spec,benchmarks/soter,,,safe_send__sending_to_non-pid_2__depth_1.spec,intuitionistic-affine,auto,1,,5,0,none,,unknown,timeout,,two-sided,IMELL,959,79,5001.308,730987,719625,6851,99508224,0,0,2048,4980.000,7.399,auto,30,,1073741824,18,
spec,benchmarks/soter,,,safe_send__sending_to_non-pid_4__depth_1.spec,intuitionistic-affine,auto,1,,5,0,none,,unknown,timeout,,two-sided,IMELL,959,79,5001.300,728803,717475,6834,99262464,0,0,2048,4980.000,8.403,auto,30,,1073741824,18,
spec,benchmarks/soter,,,sieve__single_message_in_counter_mailbox__depth_1.spec,intuitionistic-affine,auto,1,,5,0,none,,unknown,timeout,,two-sided,IMELL,6001,666,5005.292,383865,362295,20145,29468579,0,0,2048,4980.000,9.365,auto,30,,1073741824,7,
spec,benchmarks/soter,,,state_factory__after_receive_if_no_mail__depth_0.spec,intuitionistic-affine,auto,1,,5,0,none,,unknown,timeout,,two-sided,IMELL,297,23,5001.422,1433245,1410964,11891,118747136,0,0,2048,4980.000,9.595,auto,30,,1073741824,20,
spec,benchmarks/soter,,,stutter__we_abhorr_as__depth_1.spec,intuitionistic-affine,auto,1,,5,0,none,,unknown,timeout,,two-sided,IMELL,231,19,5001.472,1631893,1616916,7234,117382311,0,0,2048,4970.000,13.010,auto,30,,1073741824,18,
spec,benchmarks/soter,,,unsafe_send__sending_to_non-pid__depth_2.spec,intuitionistic-affine,auto,1,,5,0,none,,proved,,ok,two-sided,IMELL,111,8,62.294,5325,4457,342,1606677,0,0,2048,60.000,0.336,auto,30,0.015,1073741824,13,
spec,benchmarks/wahl-kroening/Function_Pointer3_vs_satabs.2,,,main.spec,intuitionistic-affine,auto,1,,5,0,none,,unknown,timeout,,two-sided,IMELL,6791,380,5007.936,6986499,6947031,34948,33865728,0,0,2048,4980.000,12.303,auto,30,,1073741824,3,
spec,benchmarks/wahl-kroening/buggy_spaghetti_vf_satabs.2,,,main.spec,intuitionistic-affine,auto,1,,5,0,none,,unknown,timeout,,two-sided,IMELL,5575,696,5005.107,10804817,10763980,36838,24816420,0,0,2048,4960.000,17.732,auto,30,,1073741824,3,
spec,benchmarks/wahl-kroening/constants_vf_satabs.2,,,main.spec,intuitionistic-affine,auto,1,,5,0,none,,unknown,timeout,,two-sided,IMELL,3143,392,5003.644,16432155,16378015,46775,39496544,0,0,2048,4960.000,16.574,auto,30,,1073741824,4,
spec,benchmarks/wahl-kroening/double_lock_p1_vs_satabs.2,,,main.spec,intuitionistic-affine,auto,1,,5,0,none,,unknown,timeout,,two-sided,IMELL,61575,256,5050.160,1043504,959229,60736,4340171,0,0,2048,5030.000,10.520,auto,30,,1073741824,2,
spec,benchmarks/wahl-kroening/double_lock_p3_vs_satabs.1,,,main.spec,intuitionistic-affine,auto,1,,5,0,none,,unknown,timeout,,two-sided,IMELL,655,27,5002.313,13641085,13572512,50164,93605275,0,0,2048,4970.000,9.814,auto,30,,1073741824,6,
spec,benchmarks/wahl-kroening/lu-fig2_fixed_vs_satabs.3,,,main.spec,intuitionistic-affine,auto,1,,5,0,none,,unknown,timeout,,two-sided,IMELL,12999,64,5004.988,5601871,5586743,13434,24970684,0,0,2048,4970.000,11.542,auto,30,,1073741824,2,
spec,benchmarks/wahl-kroening/pthread5_vs_satabs.2,,,main.spec,intuitionistic-affine,auto,1,,5,0,none,,unknown,timeout,,two-sided,IMELL,3327,41,5005.026,7163698,7104168,51460,69988694,0,0,2048,4970.000,11.135,auto,30,,1073741824,4,
spec,benchmarks/wahl-kroening/rand_cas_vs_satabs.2,,,main.spec,intuitionistic-affine,auto,1,,5,0,none,,unknown,timeout,,two-sided,IMELL,1119,114,5003.927,22826089,22744854,68323,64646694,0,0,2048,4970.000,11.711,auto,30,,1073741824,5,
spec,benchmarks/wahl-kroening/simple_loop5_vs_satabs.1,,,main.spec,intuitionistic-affine,auto,1,,5,0,none,,unknown,timeout,,two-sided,IMELL,399,19,5002.545,15656463,15578671,56545,90596046,0,0,2048,4980.000,9.400,auto,30,,1073741824,6,
spec,benchmarks/wahl-kroening/stack_cas_p0_vs_satabs.1,,,main.spec,intuitionistic-affine,auto,1,,5,0,none,,unknown,timeout,,two-sided,IMELL,571,23,5002.200,13842019,13783877,39787,97040133,0,0,2048,4980.000,7.603,auto,30,,1073741824,6,
spec,benchmarks/wahl-kroening/stack_lock_p0_vs_satabs.2,,,main.spec,intuitionistic-affine,auto,1,,5,0,none,,unknown,timeout,,two-sided,IMELL,5095,62,5004.598,9741081,9695482,40103,55635968,0,0,2048,4980.000,6.207,auto,30,,1073741824,3,
spec,benchmarks/bug_tracking,,,x0_BUG_REPORT_q5.spec,intuitionistic-affine,auto,1,,5,0,none,,unknown,timeout,,two-sided,IMELL,272355,5184,5023.170,279120,274097,5021,567356,0,0,2048,4990.000,18.513,auto,30,,1073741824,1,
spec,benchmarks/bug_tracking,,,x0_CLOSED_q3.spec,intuitionistic-affine,auto,1,,5,0,none,,unknown,timeout,,two-sided,IMELL,272355,5184,5001.470,526982,525156,1824,1331901,0,0,2048,4960.000,15.036,auto,30,,1073741824,1,
spec,benchmarks/bug_tracking,,,x0_FIXED_q6.spec,intuitionistic-affine,auto,1,,5,0,none,,unknown,timeout,,two-sided,IMELL,272355,5184,5000.741,526293,524467,1824,1330508,0,0,2048,4960.000,15.066,auto,30,,1073741824,1,
spec,benchmarks/bug_tracking,,,x0_FIX_AGAIN_q1.spec,intuitionistic-affine,auto,1,,5,0,none,,unknown,timeout,,two-sided,IMELL,272355,5184,5003.028,525870,524044,1824,1329641,0,0,2048,4970.000,15.583,auto,30,,1073741824,1,
spec,benchmarks/bug_tracking,,,x0_FIX_AGAIN_q8.spec,intuitionistic-affine,auto,1,,5,0,none,,unknown,timeout,,two-sided,IMELL,272355,5184,5001.161,523366,521543,1821,1324410,0,0,2048,4970.000,15.929,auto,30,,1073741824,1,
spec,benchmarks/bug_tracking,,,x0_MORE_INFO_q5.spec,intuitionistic-affine,auto,1,,5,0,none,,unknown,timeout,,two-sided,IMELL,272355,5184,5001.067,526392,524566,1824,1330709,0,0,2048,4970.000,16.189,auto,30,,1073741824,1,
spec,benchmarks/bug_tracking,,,x0_MUST_FIX_q3.spec,intuitionistic-affine,auto,1,,5,0,none,,unknown,timeout,,two-sided,IMELL,272355,5184,5001.304,538793,536943,1848,1356623,0,0,2048,4970.000,15.530,auto,30,,1073741824,1,
spec,benchmarks/bug_tracking,,,x0_PENDING_q1.spec,intuitionistic-affine,auto,1,,5,0,none,,unknown,timeout,,two-sided,IMELL,272355,5184,5001.701,553678,551820,1856,1387264,0,0,2048,4970.000,15.933,auto,30,,1073741824,1,
spec,benchmarks/bug_tracking,,,x0_PENDING_q6.spec,intuitionistic-affine,auto,1,,5,0,none,,unknown,timeout,,two-sided,IMELL,272355,5184,5001.179,562987,561108,1877,1406727,0,0,2048,4980.000,14.982,auto,30,,1073741824,1,
spec,benchmarks/bug_tracking,,,x0_VERIFIED_q5.spec,intuitionistic-affine,auto,1,,5,0,none,,unknown,timeout,,two-sided,IMELL,272355,5184,5000.914,575466,573577,1887,1432558,0,0,2048,4970.000,14.129,auto,30,,1073741824,1,
spec,benchmarks/medical,,,x0_AA_q2.spec,intuitionistic-affine,auto,1,,5,0,none,,unknown,timeout,,two-sided,IMELL,57592,1152,5007.683,3020575,3016605,3968,6907954,0,0,2048,4980.000,18.908,auto,30,,1073741824,1,
spec,benchmarks/medical,,,x0_AR_q5.spec,intuitionistic-affine,auto,1,,5,0,none,,unknown,timeout,,two-sided,IMELL,57592,1152,5007.030,3144570,3140558,4010,7161083,0,0,2048,4980.000,8.198,auto,30,,1073741824,1,
spec,benchmarks/medical,,,x0_HQ_q1.spec,intuitionistic-affine,auto,1,,5,0,none,,unknown,timeout,,two-sided,IMELL,57592,1152,5005.147,3282203,3278171,4030,7441306,0,0,2048,4990.000,5.908,auto,30,,1073741824,1,
spec,benchmarks/mist/PN,,,bingham_h250.spec,intuitionistic-affine,auto,1,,5,0,none,,unknown,timeout,,two-sided,IMELL,3019,253,5008.427,18621681,18218130,391307,39904624,0,0,2048,4980.000,7.773,auto,30,,1073741824,4,
spec,benchmarks/mist/PN,,,extendedread-write-smallconsts.spec,intuitionistic-affine,auto,1,,5,0,none,,unknown,timeout,,two-sided,IMELL,409,35,5001.387,2,0,1,153735168,0,0,2048,4980.000,10.518,auto,30,,1073741824,1,
spec,benchmarks/mist/PN,,,kanban.spec,intuitionistic-affine,auto,1,,5,0,none,,unknown,timeout,,two-sided,IMELL,131,7,5001.393,16210109,16209702,298,81036402,0,0,2048,4980.000,6.571,auto,30,,1073741824,2,
spec,benchmarks/mist/PN,,,mesh3x2.spec,intuitionistic-affine,auto,1,,5,0,none,unprovable,unknown,timeout,,two-sided,IMELL,323,5,5001.929,2296799,2246506,48380,116453376,0,0,2048,4980.000,6.452,auto,30,,1073741824,1,
spec,benchmarks/mist/PN,,,pncsacover.spec,intuitionistic-affine,auto,1,,5,0,none,provable,unknown,timeout,,two-sided,IMELL,231,5,5002.441,24414876,24320048,57436,94249939,0,0,2048,4980.000,6.612,auto,30,,1073741824,7,
spec,benchmarks/mist/boundedPN,,,lamport.spec,intuitionistic-affine,auto,1,,5,0,none,unprovable,unknown,timeout,,two-sided,IMELL,73,4,5001.425,10772565,10415449,798,109544665,0,0,2048,4980.000,6.350,auto,30,,1073741824,622,
spec,benchmarks/mist/boundedPN,,,read-write.spec,intuitionistic-affine,auto,1,,5,0,none,unprovable,unknown,timeout,,two-sided,IMELL,87,6,5001.524,171266,168605,1657,112836608,0,0,2048,4980.000,6.280,auto,30,,1073741824,6,
spec,benchmarks/soter,,,concdb__single_client_writes__depth_2.spec,intuitionistic-affine,auto,1,,5,0,none,,unknown,timeout,,two-sided,IMELL,19833,2015,5004.519,45765,36661,8579,13017088,0,0,2048,4990.000,5.371,auto,30,,1073741824,3,
spec,benchmarks/soter,,,firewall__no_pred_called_with_zero__depth_0.spec,intuitionistic-affine,auto,1,,5,0,none,,unknown,timeout,,two-sided,IMELL,455,37,5001.610,3122274,3100636,16857,113184768,0,0,2048,4980.000,5.366,auto,30,,1073741824,16,
spec,benchmarks/soter,,,howait__all_workers_finished_if_wait_over__depth_1.spec,intuitionistic-affine,auto,1,,5,0,none,,unknown,timeout,,two-sided,IMELL,5657,622,5002.202,80904,66726,10335,32321536,0,0,2048,4980.000,5.982,auto,30,,1073741824,4,
spec,benchmarks/soter,,,parikh__should_already_be_initialized__depth_2.spec,intuitionistic-affine,auto,1,,5,0,none,,unknown,timeout,,two-sided,IMELL,327,24,5001.519,1444833,1426948,9544,120139776,0,0,2048,4980.000,6.024,auto,30,,1073741824,25,
spec,benchmarks/soter,,,reslock__critical__depth_1.spec,intuitionistic-affine,auto,1,,5,0,none,,unknown,timeout,,two-sided,IMELL,1289,125,5003.390,3016613,2929041,84881,76619776,0,0,2048,4980.000,5.379,auto,30,,1073741824,9,
spec,benchmarks/soter,,,reslockbeh__critical__depth_0.spec,intuitionistic-affine,auto,1,,5,0,none,,unknown,timeout,,two-sided,IMELL,513,45,5001.436,2677390,2659874,12544,107696128,0,0,2048,4980.000,7.034,auto,30,,1073741824,15,
spec,benchmarks/soter,,,ring__single_message_in_mailbox__depth_2.spec,intuitionistic-affine,auto,1,,5,0,none,,unknown,timeout,,two-sided,IMELL,1709009,198708,5106.442,5,0,4,389120,0,0,2048,5090.000,7.947,auto,30,,1073741824,1,
spec,benchmarks/soter,,,safe_send__sending_to_non-pid_2__depth_2.spec,intuitionistic-affine,auto,1,,5,0,none,,unknown,timeout,,two-sided,IMELL,959,79,5001.476,725241,714352,6551,97931264,0,0,2048,4980.000,8.391,auto,30,,1073741824,18,
spec,benchmarks/soter,,,safe_send__sending_to_non-pid_4__depth_2.spec,intuitionistic-affine,auto,1,,5,0,none,,unknown,timeout,,two-sided,IMELL,959,79,5001.523,728283,717095,6764,98709504,0,0,2048,4970.000,18.348,auto,30,,1073741824,18,
spec,benchmarks/soter,,,sieve__single_message_in_counter_mailbox__depth_2.spec,intuitionistic-affine,auto,1,,5,0,none,,unknown,timeout,,two-sided,IMELL,15641,1812,5005.294,64241,53831,9881,12791808,0,0,2048,4970.000,10.598,auto,30,,1073741824,4,
spec,benchmarks/soter,,,state_factory__single_message_in_mailbox__depth_0.spec,intuitionistic-affine,auto,1,,5,0,none,,unknown,timeout,,two-sided,IMELL,289,23,5001.526,1571131,1547847,13176,112754688,0,0,2048,4960.000,13.828,auto,30,,1073741824,20,
spec,benchmarks/soter,,,stutter__we_abhorr_as__depth_2.spec,intuitionistic-affine,auto,1,,5,0,none,,unknown,timeout,,two-sided,IMELL,231,19,5001.511,1637116,1622042,7302,117850112,0,0,2048,4970.000,9.886,auto,30,,1073741824,18,
spec,benchmarks/wahl-kroening/Boop_simple_vf_satabs.1,,,main.spec,intuitionistic-affine,auto,1,,5,0,none,,unknown,timeout,,two-sided,IMELL,247,28,5001.429,4200928,4184361,6253,108626282,0,0,2048,4980.000,6.888,auto,30,,1073741824,8,
spec,benchmarks/wahl-kroening/Function_Pointer3_vs_satabs.3,,,main.spec,intuitionistic-affine,auto,1,,5,0,none,,unknown,timeout,,two-sided,IMELL,72199,4160,5036.773,548854,457802,51712,2441216,0,0,2048,5010.000,9.934,auto,30,,1073741824,2,
spec,benchmarks/wahl-kroening/conditionals_vs_satabs.1,,,main.spec,intuitionistic-affine,auto,1,,5,0,none,,unknown,timeout,,two-sided,IMELL,439,46,5002.464,26973133,26893789,61784,74913153,0,0,2048,4960.000,10.601,auto,30,,1073741824,7,
spec,benchmarks/wahl-kroening/dekker_vs_satabs.1,,,main.spec,intuitionistic-affine,auto,1,,5,0,none,,unknown,timeout,,two-sided,IMELL,975,33,5006.232,16074028,15886651,161397,77602816,0,0,2048,4970.000,10.861,auto,30,,1073741824,5,
spec,benchmarks/wahl-kroening/double_lock_p1_vs_satabs.3,,,main.spec,intuitionistic-affine,auto,1,,5,0,none,,unknown,timeout,,two-sided,IMELL,61319,256,5046.464,981991,897906,60992,4085682,0,0,2048,5010.000,10.438,auto,30,,1073741824,2,
spec,benchmarks/wahl-kroening/double_lock_p3_vs_satabs.2,,,main.spec,intuitionistic-affine,auto,1,,5,0,none,,unknown,timeout,,two-sided,IMELL,6023,39,5007.627,9628733,9577283,47712,44333192,0,0,2048,4980.000,8.643,auto,30,,1073741824,3,
spec,benchmarks/wahl-kroening/peterson_vs_satabs.1,,,main.spec,intuitionistic-affine,auto,1,,5,0,none,,unknown,timeout,,two-sided,IMELL,527,19,5003.743,17142231,16982809,130407,86439651,0,0,2048,4970.000,7.938,auto,30,,1073741824,5,
spec,benchmarks/wahl-kroening/pthread5_vs_satabs.3,,,main.spec,intuitionistic-affine,auto,1,,5,0,none,,unknown,timeout,,two-sided,IMELL,15271,64,5001.806,4842370,4819777,20834,28442039,0,0,2048,4980.000,8.102,auto,30,,1073741824,2,
spec,benchmarks/wahl-kroening/rand_lock_p0_vs_satabs.1,,,main.spec,intuitionistic-affine,auto,1,,5,0,none,,unknown,timeout,,two-sided,IMELL,347,17,5002.078,17434797,17371646,42411,96366126,0,0,2048,4970.000,8.230,auto,30,,1073741824,7,
spec,benchmarks/wahl-kroening/simple_loop5_vs_satabs.2,,,main.spec,intuitionistic-affine,auto,1,,5,0,none,,unknown,timeout,,two-sided,IMELL,3943,32,5004.256,11327785,11273923,46891,59550761,0,0,2048,4980.000,7.137,auto,30,,1073741824,3,
spec,benchmarks/wahl-kroening/stack_cas_p0_vs_satabs.2,,,main.spec,intuitionistic-affine,auto,1,,5,0,none,,unknown,timeout,,two-sided,IMELL,1263,48,5003.314,11387653,11309365,62132,88093425,0,0,2048,4980.000,6.001,auto,30,,1073741824,6,
spec,benchmarks/wahl-kroening/szymanski_vs_satabs.1,,,main.spec,intuitionistic-affine,auto,1,,5,0,none,,unknown,timeout,,two-sided,IMELL,1807,59,5006.064,13936308,13793742,120678,66577256,0,0,2048,4970.000,7.574,auto,30,,1073741824,5,
