source,family,size,index,problem,mode,engine_requested,jobs,test_period,timeout_s,run,copies,expected,verdict,reason,checked,engine,fragment,occurrences,multiplicity,time_ms,nodes,memo_hits,memo_entries,splits,links,tests,recursion_limit,cpu_ms,wait_ms,bias,forward_copies,check_ms,memory_limit,copies_reached,pool_after
lltp,petri-nets/MCC,,,ARMCacheCoherence_20_1.p,intuitionistic,horn,1,,5,0,3,provable,proved,,ok,horn,IMELL,493894,14998,28.936,6,0,6,0,0,0,2048,30.000,0.079,auto,30,3.106,1073741824,0,
lltp,petri-nets/MCC,,,AirplaneLD-pt-0010_5_1.p,intuitionistic,horn,1,,5,0,3,provable,proved,,ok,horn,IMELL,816,25,0.146,5,0,5,0,0,0,2048,0.000,0.000,auto,30,0.022,1073741824,0,
lltp,petri-nets/MCC,,,AirplaneLD-pt-0020_5_1.p,intuitionistic,horn,1,,5,0,3,provable,proved,,ok,horn,IMELL,1546,50,0.217,5,0,5,0,0,0,2048,0.000,0.000,auto,30,0.034,1073741824,0,
lltp,petri-nets/MCC,,,AirplaneLD-pt-0100_1_1.p,intuitionistic,horn,1,,5,0,3,provable,proved,,ok,horn,IMELL,7386,250,0.740,1,0,1,0,0,0,2048,0.000,0.000,auto,30,0.120,1073741824,0,
lltp,petri-nets/MCC,,,AirplaneLD-pt-0200_20_1.p,intuitionistic,horn,1,,5,0,3,provable,proved,,ok,horn,IMELL,14682,500,34.993,6418,3202,3216,0,0,0,2048,30.000,0.098,auto,30,0.257,1073741824,0,
lltp,petri-nets/MCC,,,AirplaneLD-pt-0500_5_1.p,intuitionistic,horn,1,,5,0,3,provable,proved,,ok,horn,IMELL,36586,1250,3.987,5,0,5,0,0,0,2048,0.000,0.033,auto,30,0.610,1073741824,0,
lltp,petri-nets/MCC,,,AirplaneLD-pt-2000_1_1.p,intuitionistic,horn,1,,5,0,3,provable,proved,,ok,horn,IMELL,146086,5000,18.014,1,0,1,0,0,0,2048,20.000,0.067,auto,30,2.808,1073741824,0,
lltp,petri-nets/MCC,,,AirplaneLD-pt-4000_20_1.p,intuitionistic,horn,1,,5,0,3,provable,proved,,ok,horn,IMELL,292082,10000,36.804,16,0,16,0,0,0,2048,30.000,0.095,auto,30,5.138,1073741824,0,
lltp,petri-nets/MCC,,,Angiogenesis_angiogenesis-01_1_1.p,intuitionistic,horn,1,,5,0,3,provable,proved,,ok,horn,IMELL,398,10,0.111,1,0,1,0,0,0,2048,0.000,0.000,auto,30,0.010,1073741824,0,
lltp,petri-nets/MCC,,,Angiogenesis_angiogenesis-05_10_1.p,intuitionistic,horn,1,,5,0,3,provable,proved,,ok,horn,IMELL,518,14,0.113,10,0,10,0,0,0,2048,0.000,0.000,auto,30,0.020,1073741824,0,
lltp,petri-nets/MCC,,,Angiogenesis_angiogenesis-05_5_1.p,intuitionistic,horn,1,,5,0,3,provable,proved,,ok,horn,IMELL,518,14,0.107,5,0,5,0,0,0,2048,0.000,0.000,auto,30,0.019,1073741824,0,
lltp,petri-nets/MCC,,,Angiogenesis_angiogenesis-10_20_1.p,intuitionistic,horn,1,,5,0,3,provable,proved,,ok,horn,IMELL,668,19,0.118,20,0,20,0,0,0,2048,0.000,0.000,auto,30,0.027,1073741824,0,
lltp,petri-nets/MCC,,,Angiogenesis_angiogenesis-15_10_1.p,intuitionistic,horn,1,,5,0,3,provable,proved,,ok,horn,IMELL,828,24,0.121,10,0,10,0,0,0,2048,0.000,0.000,auto,30,0.035,1073741824,0,
lltp,petri-nets/MCC,,,Angiogenesis_angiogenesis-15_5_1.p,intuitionistic,horn,1,,5,0,3,provable,proved,,ok,horn,IMELL,838,24,0.110,5,0,5,0,0,0,2048,0.000,0.000,auto,30,0.034,1073741824,0,
lltp,petri-nets/MCC,,,Angiogenesis_angiogenesis-20_20_1.p,intuitionistic,horn,1,,5,0,3,provable,proved,,ok,horn,IMELL,968,29,0.122,20,0,20,0,0,0,2048,0.000,0.000,auto,30,0.042,1073741824,0,
lltp,petri-nets/MCC,,,Angiogenesis_angiogenesis-25_10_1.p,intuitionistic,horn,1,,5,0,3,provable,proved,,ok,horn,IMELL,1148,34,0.128,10,0,10,0,0,0,2048,0.000,0.000,auto,30,0.053,1073741824,0,
lltp,petri-nets/MCC,,,Angiogenesis_angiogenesis-25_5_1.p,intuitionistic,horn,1,,5,0,3,provable,proved,,ok,horn,IMELL,1158,34,0.190,5,0,5,0,0,0,2048,0.000,0.034,auto,30,0.052,1073741824,0,
lltp,petri-nets/MCC,,,Angiogenesis_angiogenesis-50_20_1.p,intuitionistic,horn,1,,5,0,3,provable,proved,,ok,horn,IMELL,1928,59,0.165,20,0,20,0,0,0,2048,0.000,0.000,auto,30,0.097,1073741824,0,
lltp,petri-nets/MCC,,,AutoFlight_afcs_01_a_10_1.p,intuitionistic,horn,1,,5,0,3,provable,proved,,ok,horn,IMELL,218,5,0.068,10,0,10,0,0,0,2048,0.000,0.000,auto,30,0.019,1073741824,0,
lltp,petri-nets/MCC,,,AutoFlight_afcs_01_a_5_1.p,intuitionistic,horn,1,,5,0,3,provable,proved,,ok,horn,IMELL,218,5,0.068,5,0,5,0,0,0,2048,0.000,0.041,auto,30,0.008,1073741824,0,
lltp,petri-nets/MCC,,,AutoFlight_afcs_01_b_20_1.p,intuitionistic,horn,1,,5,0,3,provable,proved,,ok,horn,IMELL,540,4,0.139,20,0,20,0,0,0,2048,0.000,0.000,auto,30,0.017,1073741824,0,
lltp,petri-nets/MCC,,,AutoFlight_afcs_02_a_10_1.p,intuitionistic,horn,1,,5,0,3,provable,proved,,ok,horn,IMELL,390,5,0.103,10,0,10,0,0,0,2048,0.000,0.000,auto,30,0.014,1073741824,0,
lltp,petri-nets/MCC,,,AutoFlight_afcs_02_a_5_1.p,intuitionistic,horn,1,,5,0,3,provable,proved,,ok,horn,IMELL,390,5,0.087,5,0,5,0,0,0,2048,0.000,0.000,auto,30,0.012,1073741824,0,
lltp,petri-nets/MCC,,,AutoFlight_afcs_02_b_20_1.p,intuitionistic,horn,1,,5,0,3,provable,proved,,ok,horn,IMELL,974,5,0.191,20,0,20,0,0,0,2048,0.000,0.000,auto,30,0.021,1073741824,0,
lltp,petri-nets/MCC,,,AutoFlight_afcs_03_a_10_1.p,intuitionistic,horn,1,,5,0,3,provable,proved,,ok,horn,IMELL,562,6,0.131,10,0,10,0,0,0,2048,0.000,0.000,auto,30,0.016,1073741824,0,
lltp,petri-nets/MCC,,,AutoFlight_afcs_03_a_5_1.p,intuitionistic,horn,1,,5,0,3,provable,proved,,ok,horn,IMELL,562,6,0.139,5,0,5,0,0,0,2048,0.000,0.000,auto,30,0.017,1073741824,0,
lltp,petri-nets/MCC,,,AutoFlight_afcs_03_b_20_1.p,intuitionistic,horn,1,,5,0,3,provable,proved,,ok,horn,IMELL,1402,6,0.265,20,0,20,0,0,0,2048,0.000,0.000,auto,30,0.028,1073741824,0,
lltp,petri-nets/MCC,,,AutoFlight_afcs_04_a_1_1.p,intuitionistic,horn,1,,5,0,3,provable,proved,,ok,horn,IMELL,734,7,0.128,1,0,1,0,0,0,2048,0.000,0.000,auto,30,0.017,1073741824,0,
lltp,petri-nets/MCC,,,AutoFlight_afcs_04_b_10_1.p,intuitionistic,horn,1,,5,0,3,provable,proved,,ok,horn,IMELL,1826,7,0.335,10,0,10,0,0,0,2048,0.000,0.000,auto,30,0.030,1073741824,0,
lltp,petri-nets/MCC,,,AutoFlight_afcs_04_b_5_1.p,intuitionistic,horn,1,,5,0,3,provable,proved,,ok,horn,IMELL,1820,7,0.317,5,0,5,0,0,0,2048,0.000,0.000,auto,30,0.028,1073741824,0,
lltp,petri-nets/MCC,,,AutoFlight_afcs_05_a_50_1.p,intuitionistic,horn,1,,5,0,3,provable,proved,,ok,horn,IMELL,906,8,0.203,110,24,86,0,0,0,2048,0.000,0.000,auto,30,0.035,1073741824,0,
lltp,petri-nets/MCC,,,AutoFlight_afcs_05_b_1_1.p,intuitionistic,horn,1,,5,0,3,provable,proved,,ok,horn,IMELL,2242,7,0.383,1,0,1,0,0,0,2048,0.000,0.000,auto,30,0.036,1073741824,0,
lltp,petri-nets/MCC,,,AutoFlight_afcs_06_a_100_1.p,intuitionistic,horn,1,,5,0,3,provable,proved,,ok,horn,IMELL,1078,9,0.199,41,0,41,0,0,0,2048,0.000,0.000,auto,30,0.030,1073741824,0,
lltp,petri-nets/MCC,,,AutoFlight_afcs_06_a_50_1.p,intuitionistic,horn,1,,5,0,3,provable,proved,,ok,horn,IMELL,1078,9,0.187,18,0,18,0,0,0,2048,0.000,0.000,auto,30,0.025,1073741824,0,
lltp,petri-nets/MCC,,,AutoFlight_afcs_06_b_1_1.p,intuitionistic,horn,1,,5,0,3,provable,proved,,ok,horn,IMELL,2670,8,0.455,1,0,1,0,0,0,2048,0.000,0.000,auto,30,0.040,1073741824,0,
lltp,petri-nets/MCC,,,AutoFlight_afcs_12_a_100_1.p,intuitionistic,horn,1,,5,0,3,provable,proved,,ok,horn,IMELL,2110,15,0.300,26,0,26,0,0,0,2048,0.000,0.000,auto,30,0.043,1073741824,0,
lltp,petri-nets/MCC,,,AutoFlight_afcs_12_a_5_1.p,intuitionistic,horn,1,,5,0,3,provable,proved,,ok,horn,IMELL,2110,15,0.310,5,0,5,0,0,0,2048,0.000,0.000,auto,30,0.044,1073741824,0,
lltp,petri-nets/MCC,,,AutoFlight_afcs_12_b_20_1.p,intuitionistic,horn,1,,5,0,3,provable,proved,,ok,horn,IMELL,5260,15,0.945,20,0,20,0,0,0,2048,0.000,0.000,auto,30,0.079,1073741824,0,
lltp,petri-nets/MCC,,,AutoFlight_afcs_24_a_1_1.p,intuitionistic,horn,1,,5,0,3,provable,proved,,ok,horn,IMELL,4174,27,0.538,1,0,1,0,0,0,2048,0.000,0.000,auto,30,0.078,1073741824,0,
lltp,petri-nets/MCC,,,AutoFlight_afcs_24_b_100_1.p,intuitionistic,horn,1,,5,0,3,provable,proved,,ok,horn,IMELL,10428,27,1.843,100,0,100,0,0,0,2048,0.000,0.000,auto,30,0.158,1073741824,0,
lltp,petri-nets/MCC,,,AutoFlight_afcs_24_b_50_1.p,intuitionistic,horn,1,,5,0,3,provable,proved,,ok,horn,IMELL,10428,27,1.892,50,0,50,0,0,0,2048,0.000,0.000,auto,30,0.152,1073741824,0,
lltp,petri-nets/MCC,,,AutoFlight_afcs_48_a_20_1.p,intuitionistic,horn,1,,5,0,3,provable,proved,,ok,horn,IMELL,7430,53,1.075,20,0,20,0,0,0,2048,0.000,0.050,auto,30,0.133,1073741824,0,
lltp,petri-nets/MCC,,,AutoFlight_afcs_48_b_10_1.p,intuitionistic,horn,1,,5,0,3,provable,proved,,ok,horn,IMELL,18218,53,3.474,10,0,10,0,0,0,2048,0.000,0.019,auto,30,0.273,1073741824,0,
lltp,petri-nets/MCC,,,AutoFlight_afcs_48_b_5_1.p,intuitionistic,horn,1,,5,0,3,provable,proved,,ok,horn,IMELL,18214,52,3.475,5,0,5,0,0,0,2048,0.000,0.037,auto,30,0.279,1073741824,0,
lltp,petri-nets/MCC,,,AutoFlight_afcs_96_a_50_1.p,intuitionistic,horn,1,,5,0,3,provable,proved,,ok,horn,IMELL,14854,105,2.417,50,0,50,0,0,0,2048,0.000,0.025,auto,30,0.273,1073741824,0,
lltp,petri-nets/MCC,,,AutoFlight_afcs_96_b_1_1.p,intuitionistic,horn,1,,5,0,3,provable,proved,,ok,horn,IMELL,36402,104,7.271,1,0,1,0,0,0,2048,10.000,0.050,auto,30,0.531,1073741824,0,
lltp,petri-nets/MCC,,,BART-002-unf_1_1.p,intuitionistic,horn,1,,5,0,3,provable,proved,,ok,horn,IMELL,29342,391,2.662,1,0,1,0,0,0,2048,0.000,0.021,auto,30,0.272,1073741824,0,
lltp,petri-nets/MCC,,,BART-005-unf_20_1.p,intuitionistic,horn,1,,5,0,3,provable,unknown,timeout,,horn,IMELL,71726,976,5007.294,1325718,1128002,197716,0,0,0,2048,4980.000,7.609,auto,30,,1073741824,0,
lltp,petri-nets/MCC,,,BART-010-unf_1_1.p,intuitionistic,horn,1,,5,0,3,provable,proved,,ok,horn,IMELL,142366,1951,12.800,1,0,1,0,0,0,2048,10.000,0.041,auto,30,1.089,1073741824,0,
lltp,petri-nets/MCC,,,BART-020-unf_100_1.p,intuitionistic,horn,1,,5,0,3,provable,unknown,timeout,,horn,IMELL,283646,3901,5004.323,342978,290307,52671,0,0,0,2048,4990.000,6.164,auto,30,,1073741824,0,
lltp,petri-nets/MCC,,,BART-020-unf_5_1.p,intuitionistic,horn,1,,5,0,3,provable,proved,,ok,horn,IMELL,283646,3901,22.956,5,0,5,0,0,0,2048,20.000,0.056,auto,30,1.920,1073741824,0,
lltp,petri-nets/MCC,,,BART-030-unf_50_1.p,intuitionistic,horn,1,,5,0,3,provable,unknown,timeout,,horn,IMELL,424926,5851,5010.170,180243,138549,41694,0,0,0,2048,4990.000,6.336,auto,30,,1073741824,0,
lltp,petri-nets/MCC,,,BART-040-unf_20_1.p,intuitionistic,horn,1,,5,0,3,provable,proved,,ok,horn,IMELL,566206,7801,51.583,20,0,20,0,0,0,2048,50.000,0.165,auto,30,3.959,1073741824,0,
lltp,petri-nets/MCC,,,BART-050-unf_1_1.p,intuitionistic,horn,1,,5,0,3,provable,proved,,ok,horn,IMELL,707486,9751,69.593,1,0,1,0,0,0,2048,70.000,0.205,auto,30,5.181,1073741824,0,
lltp,petri-nets/MCC,,,BART-060-unf_100_1.p,intuitionistic,horn,1,,5,0,3,provable,unknown,timeout,,horn,IMELL,848766,11701,5004.045,109876,81546,28330,0,0,0,2048,4990.000,6.325,auto,30,,1073741824,0,
lltp,petri-nets/MCC,,,BART-060-unf_5_1.p,intuitionistic,horn,1,,5,0,3,provable,proved,,ok,horn,IMELL,848766,11701,72.627,5,0,5,0,0,0,2048,80.000,0.150,auto,30,6.098,1073741824,0,
lltp,petri-nets/MCC,,,BridgeAndVehicles-V04-P05-N02-unfolded_50_1.p,intuitionistic,horn,1,,5,0,3,provable,proved,,ok,horn,IMELL,750,27,0.236,340,111,229,0,0,0,2048,0.000,0.000,auto,30,0.034,1073741824,0,
lltp,petri-nets/MCC,,,BridgeAndVehicles-V10-P10-N10-unfolded_1_1.p,intuitionistic,horn,1,,5,0,3,provable,proved,,ok,horn,IMELL,4386,223,0.339,1,0,1,0,0,0,2048,0.000,0.000,auto,30,0.035,1073741824,0,
lltp,petri-nets/MCC,,,BridgeAndVehicles-V20-P10-N10-unfolded_100_1.p,intuitionistic,horn,1,,5,0,3,provable,proved,,ok,horn,IMELL,8420,443,0.754,196,27,169,0,0,0,2048,0.000,0.044,auto,30,0.098,1073741824,0,
lltp,petri-nets/MCC,,,BridgeAndVehicles-V20-P10-N10-unfolded_50_1.p,intuitionistic,horn,1,,5,0,3,provable,proved,,ok,horn,IMELL,8424,443,14.106,55207,38732,16475,0,0,0,2048,10.000,0.062,auto,30,0.092,1073741824,0,
lltp,petri-nets/MCC,,,BridgeAndVehicles-V20-P10-N20-unfolded_1_1.p,intuitionistic,horn,1,,5,0,3,provable,proved,,ok,horn,IMELL,14986,843,1.084,1,0,1,0,0,0,2048,0.000,0.000,auto,30,0.104,1073741824,0,
lltp,petri-nets/MCC,,,BridgeAndVehicles-V20-P10-N50-unfolded_100_1.p,intuitionistic,horn,1,,5,0,3,provable,proved,,ok,horn,IMELL,34662,2043,3.769,1750,662,1088,0,0,0,2048,0.000,0.022,auto,30,0.240,1073741824,0,
lltp,petri-nets/MCC,,,BridgeAndVehicles-V20-P10-N50-unfolded_50_1.p,intuitionistic,horn,1,,5,0,3,provable,proved,,ok,horn,IMELL,34652,2043,2.461,77,0,77,0,0,0,2048,0.000,0.018,auto,30,0.229,1073741824,0,
lltp,petri-nets/MCC,,,BridgeAndVehicles-V20-P20-N10-unfolded_1_1.p,intuitionistic,horn,1,,5,0,3,provable,proved,,ok,horn,IMELL,8546,443,0.607,1,0,1,0,0,0,2048,0.000,0.000,auto,30,0.065,1073741824,0,
lltp,petri-nets/MCC,,,BridgeAndVehicles-V20-P20-N20-unfolded_100_1.p,intuitionistic,horn,1,,5,0,3,provable,proved,,ok,horn,IMELL,15104,843,1.776,1325,458,867,0,0,0,2048,0.000,0.000,auto,30,0.141,1073741824,0,
lltp,petri-nets/MCC,,,BridgeAndVehicles-V20-P20-N20-unfolded_50_1.p,intuitionistic,horn,1,,5,0,3,provable,proved,,ok,horn,IMELL,15104,843,1.220,51,0,51,0,0,0,2048,0.000,0.000,auto,30,0.130,1073741824,0,
lltp,petri-nets/MCC,,,BridgeAndVehicles-V20-P20-N50-unfolded_1_1.p,intuitionistic,horn,1,,5,0,3,provable,proved,,ok,horn,IMELL,34786,2043,2.401,1,0,1,0,0,0,2048,0.000,0.018,auto,30,0.209,1073741824,0,
lltp,petri-nets/MCC,,,BridgeAndVehicles-V50-P20-N10-unfolded_100_1.p,intuitionistic,horn,1,,5,0,3,provable,proved,,ok,horn,IMELL,20646,1103,1.588,110,0,110,0,0,0,2048,0.000,0.021,auto,30,0.166,1073741824,0,
lltp,petri-nets/MCC,,,BridgeAndVehicles-V50-P20-N10-unfolded_50_1.p,intuitionistic,horn,1,,5,0,3,provable,proved,,ok,horn,IMELL,20664,1103,1.478,50,0,50,0,0,0,2048,0.000,0.015,auto,30,0.153,1073741824,0,
lltp,petri-nets/MCC,,,BridgeAndVehicles-V50-P20-N20-unfolded_1_1.p,intuitionistic,horn,1,,5,0,3,provable,proved,,ok,horn,IMELL,36826,2103,2.554,1,0,1,0,0,0,2048,0.000,0.018,auto,30,0.237,1073741824,0,
lltp,petri-nets/MCC,,,BridgeAndVehicles-V50-P20-N50-unfolded_100_1.p,intuitionistic,horn,1,,5,0,3,provable,proved,,ok,horn,IMELL,85280,5103,6.036,100,0,100,0,0,0,2048,10.000,0.035,auto,30,0.517,1073741824,0,
lltp,petri-nets/MCC,,,BridgeAndVehicles-V50-P20-N50-unfolded_50_1.p,intuitionistic,horn,1,,5,0,3,provable,proved,,ok,horn,IMELL,85304,5103,6.129,50,0,50,0,0,0,2048,10.000,0.024,auto,30,0.485,1073741824,0,
lltp,petri-nets/MCC,,,BridgeAndVehicles-V50-P50-N10-unfolded_1_1.p,intuitionistic,horn,1,,5,0,3,provable,proved,,ok,horn,IMELL,21026,1103,1.480,1,0,1,0,0,0,2048,0.000,0.019,auto,30,0.155,1073741824,0,
lltp,petri-nets/MCC,,,BridgeAndVehicles-V50-P50-N20-unfolded_100_1.p,intuitionistic,horn,1,,5,0,3,provable,proved,,ok,horn,IMELL,37160,2103,2.693,100,0,100,0,0,0,2048,0.000,0.020,auto,30,0.269,1073741824,0,
lltp,petri-nets/MCC,,,BridgeAndVehicles-V50-P50-N20-unfolded_50_1.p,intuitionistic,horn,1,,5,0,3,provable,proved,,ok,horn,IMELL,37184,2103,2.602,50,0,50,0,0,0,2048,0.000,0.000,auto,30,0.269,1073741824,0,
lltp,petri-nets/MCC,,,BridgeAndVehicles-V50-P50-N50-unfolded_1_1.p,intuitionistic,horn,1,,5,0,3,provable,proved,,ok,horn,IMELL,85666,5103,5.926,1,0,1,0,0,0,2048,0.000,0.026,auto,30,0.517,1073741824,0,
lltp,petri-nets/MCC,,,BridgeAndVehicles-V80-P20-N10-unfolded_100_1.p,intuitionistic,horn,1,,5,0,3,provable,proved,,ok,horn,IMELL,32780,1763,2.449,100,0,100,0,0,0,2048,0.000,0.000,auto,30,0.266,1073741824,0,
lltp,petri-nets/MCC,,,BridgeAndVehicles-V80-P20-N10-unfolded_50_1.p,intuitionistic,horn,1,,5,0,3,provable,proved,,ok,horn,IMELL,32784,1763,2.259,50,0,50,0,0,0,2048,0.000,0.000,auto,30,0.246,1073741824,0,
lltp,petri-nets/MCC,,,BridgeAndVehicles-V80-P20-N20-unfolded_1_1.p,intuitionistic,horn,1,,5,0,3,provable,proved,,ok,horn,IMELL,58546,3363,4.068,1,0,1,0,0,0,2048,0.000,0.022,auto,30,0.413,1073741824,0,
lltp,petri-nets/MCC,,,BridgeAndVehicles-V80-P20-N50-unfolded_100_1.p,intuitionistic,horn,1,,5,0,3,provable,proved,,ok,horn,IMELL,135820,8163,9.973,100,0,100,0,0,0,2048,10.000,0.032,auto,30,0.898,1073741824,0,
lltp,petri-nets/MCC,,,BridgeAndVehicles-V80-P20-N50-unfolded_50_1.p,intuitionistic,horn,1,,5,0,3,provable,proved,,ok,horn,IMELL,135824,8163,10.103,50,0,50,0,0,0,2048,10.000,0.028,auto,30,0.887,1073741824,0,
lltp,petri-nets/MCC,,,BridgeAndVehicles-V80-P50-N10-unfolded_1_1.p,intuitionistic,horn,1,,5,0,3,provable,proved,,ok,horn,IMELL,33146,1763,2.355,1,0,1,0,0,0,2048,0.000,0.017,auto,30,0.235,1073741824,0,
lltp,petri-nets/MCC,,,BridgeAndVehicles-V80-P50-N20-unfolded_100_1.p,intuitionistic,horn,1,,5,0,3,provable,proved,,ok,horn,IMELL,58900,3363,4.249,100,0,100,0,0,0,2048,0.000,0.032,auto,30,0.460,1073741824,0,
lltp,petri-nets/MCC,,,BridgeAndVehicles-V80-P50-N20-unfolded_50_1.p,intuitionistic,horn,1,,5,0,3,provable,proved,,ok,horn,IMELL,58904,3363,4.184,50,0,50,0,0,0,2048,0.000,0.029,auto,30,0.423,1073741824,0,
lltp,petri-nets/MCC,,,BridgeAndVehicles-V80-P50-N50-unfolded_1_1.p,intuitionistic,horn,1,,5,0,3,provable,proved,,ok,horn,IMELL,136186,8163,9.835,1,0,1,0,0,0,2048,10.000,0.045,auto,30,0.846,1073741824,0,
lltp,petri-nets/MCC,,,CSRepetitions_cs_repetitions-10-unfolded_50_1.p,intuitionistic,horn,1,,5,0,3,provable,proved,,ok,horn,IMELL,18078,1010,535.549,92937,43164,49773,0,0,0,2048,530.000,0.698,auto,30,0.178,1073741824,0,
lltp,petri-nets/MCC,,,CSRepetitions_cs_repetitions-2-unfolded_1_1.p,intuitionistic,horn,1,,5,0,3,provable,proved,,ok,horn,IMELL,222,10,0.059,1,0,1,0,0,0,2048,0.000,0.000,auto,30,0.006,1073741824,0,
lltp,petri-nets/MCC,,,CSRepetitions_cs_repetitions-3-unfolded_10_1.p,intuitionistic,horn,1,,5,0,3,provable,proved,,ok,horn,IMELL,634,30,95.816,288393,195502,92891,0,0,0,2048,90.000,0.202,auto,30,0.022,1073741824,0,
lltp,petri-nets/MCC,,,CSRepetitions_cs_repetitions-3-unfolded_5_1.p,intuitionistic,horn,1,,5,0,3,provable,proved,,ok,horn,IMELL,634,30,0.113,5,0,5,0,0,0,2048,0.000,0.000,auto,30,0.014,1073741824,0,
lltp,petri-nets/MCC,,,CSRepetitions_cs_repetitions-4-unfolded_5_1.p,intuitionistic,horn,1,,5,0,3,provable,proved,,ok,horn,IMELL,1374,68,0.180,5,0,5,0,0,0,2048,0.000,0.000,auto,30,0.022,1073741824,0,
lltp,petri-nets/MCC,,,CSRepetitions_cs_repetitions-5-unfolded_5_1.p,intuitionistic,horn,1,,5,0,3,provable,proved,,ok,horn,IMELL,2538,130,0.288,5,0,5,0,0,0,2048,0.000,0.000,auto,30,0.032,1073741824,0,
lltp,petri-nets/MCC,,,CSRepetitions_cs_repetitions-7-unfolded_5_1.p,intuitionistic,horn,1,,5,0,3,provable,proved,,ok,horn,IMELL,6522,350,0.653,5,0,5,0,0,0,2048,0.000,0.011,auto,30,0.065,1073741824,0,
lltp,petri-nets/MCC,,,CircadianClock_circadian_clock-000001_100_1.p,intuitionistic,horn,1,,5,0,3,provable,proved,,ok,horn,IMELL,142,5,0.052,2,0,2,0,0,0,2048,0.000,0.000,auto,30,0.007,1073741824,0,
lltp,petri-nets/MCC,,,CircadianClock_circadian_clock-000001_50_1.p,intuitionistic,horn,1,,5,0,3,provable,proved,,ok,horn,IMELL,142,5,0.051,2,0,2,0,0,0,2048,0.000,0.000,auto,30,0.007,1073741824,0,
lltp,petri-nets/MCC,,,CircadianClock_circadian_clock-000010_1_1.p,intuitionistic,horn,1,,5,0,3,provable,proved,,ok,horn,IMELL,322,14,0.056,1,0,1,0,0,0,2048,0.000,0.000,auto,30,0.015,1073741824,0,
lltp,petri-nets/MCC,,,CircadianClock_circadian_clock-000100_100_1.p,intuitionistic,horn,1,,5,0,3,provable,proved,,ok,horn,IMELL,2122,104,0.148,52,0,52,0,0,0,2048,0.000,0.000,auto,30,0.117,1073741824,0,
lltp,petri-nets/MCC,,,CircadianClock_circadian_clock-000100_50_1.p,intuitionistic,horn,1,,5,0,3,provable,proved,,ok,horn,IMELL,2122,104,0.136,38,5,33,0,0,0,2048,0.000,0.000,auto,30,0.113,1073741824,0,
lltp,petri-nets/MCC,,,CircadianClock_circadian_clock-001000_1_1.p,intuitionistic,horn,1,,5,0,3,provable,proved,,ok,horn,IMELL,20122,1004,0.955,1,0,1,0,0,0,2048,0.000,0.062,auto,30,1.109,1073741824,0,
lltp,petri-nets/MCC,,,CircularTrains_CircularTrain-012_100_1.p,intuitionistic,horn,1,,5,0,3,provable,proved,,ok,horn,IMELL,142,3,0.056,16,0,16,0,0,0,2048,0.000,0.000,auto,30,0.011,1073741824,0,
lltp,petri-nets/MCC,,,CircularTrains_CircularTrain-012_50_1.p,intuitionistic,horn,1,,5,0,3,provable,proved,,ok,horn,IMELL,142,3,0.057,25,5,20,0,0,0,2048,0.000,0.000,auto,30,0.011,1073741824,0,
lltp,petri-nets/MCC,,,CircularTrains_CircularTrain-024_1_1.p,intuitionistic,horn,1,,5,0,3,provable,proved,,ok,horn,IMELL,286,3,0.059,1,0,1,0,0,0,2048,0.000,0.000,auto,30,0.009,1073741824,0,
lltp,petri-nets/MCC,,,CircularTrains_CircularTrain-048_100_1.p,intuitionistic,horn,1,,5,0,3,provable,proved,,ok,horn,IMELL,574,3,0.088,4,0,4,0,0,0,2048,0.000,0.000,auto,30,0.017,1073741824,0,
lltp,petri-nets/MCC,,,CircularTrains_CircularTrain-048_50_1.p,intuitionistic,horn,1,,5,0,3,provable,proved,,ok,horn,IMELL,574,3,0.083,2,0,2,0,0,0,2048,0.000,0.000,auto,30,0.017,1073741824,0,
lltp,petri-nets/MCC,,,CircularTrains_CircularTrain-096_20_1.p,intuitionistic,horn,1,,5,0,3,provable,proved,,ok,horn,IMELL,1150,3,0.168,20,0,20,0,0,0,2048,0.000,0.000,auto,30,0.037,1073741824,0,
lltp,petri-nets/MCC,,,CircularTrains_CircularTrain-192_1_1.p,intuitionistic,horn,1,,5,0,3,provable,proved,,ok,horn,IMELL,2302,3,0.224,1,0,1,0,0,0,2048,0.000,0.000,auto,30,0.054,1073741824,0,
lltp,petri-nets/MCC,,,CircularTrains_CircularTrain-384_100_1.p,intuitionistic,horn,1,,5,0,3,provable,proved,,ok,horn,IMELL,4606,3,1.101,100,0,100,0,0,0,2048,0.000,0.043,auto,30,0.136,1073741824,0,
lltp,petri-nets/MCC,,,CircularTrains_CircularTrain-384_5_1.p,intuitionistic,horn,1,,5,0,3,provable,proved,,ok,horn,IMELL,4606,3,0.448,5,0,5,0,0,0,2048,0.000,0.000,auto,30,0.114,1073741824,0,
lltp,petri-nets/MCC,,,CircularTrains_CircularTrain-768_50_1.p,intuitionistic,horn,1,,5,0,3,provable,proved,,ok,horn,IMELL,9214,3,1.519,50,0,50,0,0,0,2048,0.000,0.012,auto,30,0.229,1073741824,0,
lltp,petri-nets/MCC,,,ClientsAndServers-0001-0_1_1.p,intuitionistic,horn,1,,5,0,3,provable,proved,,ok,horn,IMELL,176,9,0.052,1,0,1,0,0,0,2048,0.000,0.000,auto,30,0.007,1073741824,0,
lltp,petri-nets/MCC,,,ClientsAndServers-0002-0_100_1.p,intuitionistic,horn,1,,5,0,3,provable,proved,,ok,horn,IMELL,250,17,0.188,467,152,315,0,0,0,2048,0.000,0.000,auto,30,0.033,1073741824,0,
lltp,petri-nets/MCC,,,ClientsAndServers-0002-0_50_1.p,intuitionistic,horn,1,,5,0,3,provable,proved,,ok,horn,IMELL,258,17,0.094,80,7,73,0,0,0,2048,0.000,0.000,auto,30,0.022,1073741824,0,
lltp,petri-nets/MCC,,,ClientsAndServers-0002-1_1_1.p,intuitionistic,horn,1,,5,0,3,provable,proved,,ok,horn,IMELL,264,17,0.057,1,0,1,0,0,0,2048,0.000,0.000,auto,30,0.012,1073741824,0,
lltp,petri-nets/MCC,,,ClientsAndServers-0005-0_100_1.p,intuitionistic,horn,1,,5,0,3,provable,proved,,ok,horn,IMELL,502,41,0.092,68,0,68,0,0,0,2048,0.000,0.000,auto,30,0.038,1073741824,0,
lltp,petri-nets/MCC,,,ClientsAndServers-0005-0_50_1.p,intuitionistic,horn,1,,5,0,3,provable,proved,,ok,horn,IMELL,518,41,0.080,50,0,50,0,0,0,2048,0.000,0.000,auto,30,0.036,1073741824,0,
lltp,petri-nets/MCC,,,ClientsAndServers-0005-1_1_1.p,intuitionistic,horn,1,,5,0,3,provable,proved,,ok,horn,IMELL,468,41,0.063,1,0,1,0,0,0,2048,0.000,0.000,auto,30,0.024,1073741824,0,
lltp,petri-nets/MCC,,,ClientsAndServers-0010-0_100_1.p,intuitionistic,horn,1,,5,0,3,provable,proved,,ok,horn,IMELL,906,81,0.118,100,0,100,0,0,0,2048,0.000,0.000,auto,30,0.062,1073741824,0,
lltp,petri-nets/MCC,,,ClientsAndServers-0010-0_50_1.p,intuitionistic,horn,1,,5,0,3,provable,proved,,ok,horn,IMELL,886,81,0.093,50,0,50,0,0,0,2048,0.000,0.000,auto,30,0.051,1073741824,0,
lltp,petri-nets/MCC,,,ClientsAndServers-0010-1_1_1.p,intuitionistic,horn,1,,5,0,3,provable,proved,,ok,horn,IMELL,808,81,0.070,1,0,1,0,0,0,2048,0.000,0.000,auto,30,0.037,1073741824,0,
lltp,petri-nets/MCC,,,ClientsAndServers-0010-2_100_1.p,intuitionistic,horn,1,,5,0,3,provable,proved,,ok,horn,IMELL,946,81,0.111,100,0,100,0,0,0,2048,0.000,0.000,auto,30,0.064,1073741824,0,
lltp,petri-nets/MCC,,,ClientsAndServers-0010-2_50_1.p,intuitionistic,horn,1,,5,0,3,provable,proved,,ok,horn,IMELL,926,81,0.095,50,0,50,0,0,0,2048,0.000,0.000,auto,30,0.054,1073741824,0,
lltp,petri-nets/MCC,,,ClientsAndServers-0020-0_1_1.p,intuitionistic,horn,1,,5,0,3,provable,proved,,ok,horn,IMELL,1468,161,0.106,1,0,1,0,0,0,2048,0.000,0.000,auto,30,0.074,1073741824,0,
lltp,petri-nets/MCC,,,ClientsAndServers-0020-1_100_1.p,intuitionistic,horn,1,,5,0,3,provable,proved,,ok,horn,IMELL,1526,161,0.140,100,0,100,0,0,0,2048,0.000,0.000,auto,30,0.093,1073741824,0,
lltp,petri-nets/MCC,,,ClientsAndServers-0020-1_50_1.p,intuitionistic,horn,1,,5,0,3,provable,proved,,ok,horn,IMELL,1586,161,0.126,50,0,50,0,0,0,2048,0.000,0.000,auto,30,0.089,1073741824,0,
lltp,petri-nets/MCC,,,ClientsAndServers-0020-2_1_1.p,intuitionistic,horn,1,,5,0,3,provable,proved,,ok,horn,IMELL,1508,161,0.103,1,0,1,0,0,0,2048,0.000,0.000,auto,30,0.080,1073741824,0,
lltp,petri-nets/MCC,,,ClientsAndServers-0020-3_100_1.p,intuitionistic,horn,1,,5,0,3,provable,proved,,ok,horn,IMELL,1566,161,0.146,100,0,100,0,0,0,2048,0.000,0.000,auto,30,0.166,1073741824,0,
lltp,petri-nets/MCC,,,ClientsAndServers-0020-3_50_1.p,intuitionistic,horn,1,,5,0,3,provable,proved,,ok,horn,IMELL,1626,161,0.137,50,0,50,0,0,0,2048,0.000,0.000,auto,30,0.092,1073741824,0,
lltp,petri-nets/MCC,,,ClientsAndServers-0020-4_1_1.p,intuitionistic,horn,1,,5,0,3,provable,proved,,ok,horn,IMELL,1548,161,0.111,1,0,1,0,0,0,2048,0.000,0.000,auto,30,0.083,1073741824,0,
lltp,petri-nets/MCC,,,ClientsAndServers-0050-0_100_1.p,intuitionistic,horn,1,,5,0,3,provable,proved,,ok,horn,IMELL,3506,401,0.338,100,0,100,0,0,0,2048,0.000,0.068,auto,30,0.212,1073741824,0,
lltp,petri-nets/MCC,,,ClientsAndServers-0050-0_50_1.p,intuitionistic,horn,1,,5,0,3,provable,proved,,ok,horn,IMELL,3606,401,0.195,50,0,50,0,0,0,2048,0.000,0.000,auto,30,0.209,1073741824,0,
lltp,petri-nets/MCC,,,ClientsAndServers-0100-0_1_1.p,intuitionistic,horn,1,,5,0,3,provable,proved,,ok,horn,IMELL,6908,801,0.326,1,0,1,0,0,0,2048,0.000,0.000,auto,30,0.381,1073741824,0,
lltp,petri-nets/MCC,,,ClientsAndServers-0200-0_100_1.p,intuitionistic,horn,1,,5,0,3,provable,proved,,ok,horn,IMELL,13706,1601,0.771,100,0,100,0,0,0,2048,0.000,0.054,auto,30,0.868,1073741824,0,
lltp,petri-nets/MCC,,,ClientsAndServers-0200-0_50_1.p,intuitionistic,horn,1,,5,0,3,provable,proved,,ok,horn,IMELL,13806,1601,0.690,50,0,50,0,0,0,2048,0.000,0.044,auto,30,0.874,1073741824,0,
lltp,petri-nets/MCC,,,ClientsAndServers-0500-0_1_1.p,intuitionistic,horn,1,,5,0,3,provable,proved,,ok,horn,IMELL,34108,4001,1.556,1,0,1,0,0,0,2048,0.000,0.000,auto,30,1.971,1073741824,0,
lltp,petri-nets/MCC,,,ClientsAndServers-1000-0_100_1.p,intuitionistic,horn,1,,5,0,3,provable,proved,,ok,horn,IMELL,68106,8001,3.226,100,0,100,0,0,0,2048,0.000,0.024,auto,30,3.839,1073741824,0,
lltp,petri-nets/MCC,,,ClientsAndServers-1000-0_50_1.p,intuitionistic,horn,1,,5,0,3,provable,proved,,ok,horn,IMELL,68206,8001,3.399,50,0,50,0,0,0,2048,0.000,0.189,auto,30,3.965,1073741824,0,
lltp,petri-nets/MCC,,,CloudDeployment_deploy_2_a_1_1.p,intuitionistic,horn,1,,5,0,3,provable,proved,,ok,horn,IMELL,1662,44,0.224,1,0,1,0,0,0,2048,0.000,0.000,auto,30,0.019,1073741824,0,
lltp,petri-nets/MCC,,,CloudDeployment_deploy_2_b_100_1.p,intuitionistic,horn,1,,5,0,3,provable,proved,,ok,horn,IMELL,4022,50,4.531,26045,17863,8182,0,0,0,2048,0.000,0.055,auto,30,0.078,1073741824,0,
lltp,petri-nets/MCC,,,CloudDeployment_deploy_2_b_50_1.p,intuitionistic,horn,1,,5,0,3,provable,proved,,ok,horn,IMELL,4022,50,1.200,1389,364,1025,0,0,0,2048,0.000,0.057,auto,30,0.072,1073741824,0,
lltp,petri-nets/MCC,,,CloudDeployment_deploy_3_a_1_1.p,intuitionistic,horn,1,,5,0,3,provable,proved,,ok,horn,IMELL,3250,92,0.351,1,0,1,0,0,0,2048,0.000,0.000,auto,30,0.031,1073741824,0,
lltp,petri-nets/MCC,,,CloudDeployment_deploy_3_b_100_1.p,intuitionistic,horn,1,,5,0,3,provable,proved,,ok,horn,IMELL,8210,110,387.878,630152,442540,187612,0,0,0,2048,380.000,0.387,auto,30,0.098,1073741824,0,
lltp,petri-nets/MCC,,,CloudDeployment_deploy_3_b_50_1.p,intuitionistic,horn,1,,5,0,3,provable,proved,,ok,horn,IMELL,8212,110,1.108,83,3,80,0,0,0,2048,0.000,0.053,auto,30,0.089,1073741824,0,
lltp,petri-nets/MCC,,,CloudDeployment_deploy_4_a_1_1.p,intuitionistic,horn,1,,5,0,3,provable,proved,,ok,horn,IMELL,5350,158,0.508,1,0,1,0,0,0,2048,0.000,0.000,auto,30,0.049,1073741824,0,
lltp,petri-nets/MCC,,,CloudDeployment_deploy_4_b_1_1.p,intuitionistic,horn,1,,5,0,3,provable,proved,,ok,horn,IMELL,17998,256,2.020,1,0,1,0,0,0,2048,0.000,0.021,auto,30,0.154,1073741824,0,
lltp,petri-nets/MCC,,,CloudDeployment_deploy_5_a_100_1.p,intuitionistic,horn,1,,5,0,3,provable,proved,,ok,horn,IMELL,7954,242,0.610,7,0,7,0,0,0,2048,0.000,0.000,auto,30,0.108,1073741824,0,
lltp,petri-nets/MCC,,,CloudDeployment_deploy_5_b_100_1.p,intuitionistic,horn,1,,5,0,3,provable,proved,,ok,horn,IMELL,51588,1024,7.976,18853,11005,7848,0,0,0,2048,10.000,0.032,auto,30,0.305,1073741824,0,
lltp,petri-nets/MCC,,,CloudDeployment_deploy_5_b_50_1.p,intuitionistic,horn,1,,5,0,3,provable,proved,,ok,horn,IMELL,51588,1024,4.289,853,259,594,0,0,0,2048,0.000,0.016,auto,30,0.292,1073741824,0,
lltp,petri-nets/MCC,,,CloudDeployment_deploy_6_b_100_1.p,intuitionistic,horn,1,,5,0,3,provable,proved,,ok,horn,IMELL,191876,4096,17.216,18772,10960,7812,0,0,0,2048,20.000,0.092,auto,30,0.838,1073741824,0,
lltp,petri-nets/MCC,,,CloudDeployment_deploy_6_b_50_1.p,intuitionistic,horn,1,,5,0,3,provable,proved,,ok,horn,IMELL,191876,4096,13.761,2209,663,1546,0,0,0,2048,10.000,0.039,auto,30,0.829,1073741824,0,
lltp,petri-nets/MCC,,,CloudDeployment_deploy_7_b_100_1.p,intuitionistic,horn,1,,5,0,3,provable,proved,,ok,horn,IMELL,812120,16384,84.135,15267,8331,6936,0,0,0,2048,90.000,0.130,auto,30,3.174,1073741824,0,
lltp,petri-nets/MCC,,,CloudDeployment_deploy_7_b_50_1.p,intuitionistic,horn,1,,5,0,3,provable,proved,,ok,horn,IMELL,812116,16384,53.464,1821,787,1034,0,0,0,2048,60.000,0.148,auto,30,3.172,1073741824,0,
lltp,petri-nets/MCC,,,CloudReconfiguration_reconf_3_01_1_1.p,intuitionistic,horn,1,,5,0,3,provable,proved,,ok,horn,IMELL,12922,129,2.208,1,0,1,0,0,0,2048,0.000,0.025,auto,30,0.158,1073741824,0,
lltp,petri-nets/MCC,,,CloudReconfiguration_reconf_3_02_100_1.p,intuitionistic,horn,1,,5,0,3,provable,proved,,ok,horn,IMELL,12936,129,7.658,36528,20104,16424,0,0,0,2048,0.000,0.023,auto,30,0.171,1073741824,0,
lltp,petri-nets/MCC,,,CloudReconfiguration_reconf_3_02_50_1.p,intuitionistic,horn,1,,5,0,3,provable,proved,,ok,horn,IMELL,12938,129,2.257,50,0,50,0,0,0,2048,0.000,0.000,auto,30,0.174,1073741824,0,
lltp,petri-nets/MCC,,,CloudReconfiguration_reconf_3_03_1_1.p,intuitionistic,horn,1,,5,0,3,provable,proved,,ok,horn,IMELL,12922,129,2.280,1,0,1,0,0,0,2048,0.000,0.027,auto,30,0.159,1073741824,0,
lltp,petri-nets/MCC,,,CloudReconfiguration_reconf_3_04_100_1.p,intuitionistic,horn,1,,5,0,3,provable,proved,,ok,horn,IMELL,12930,129,9.165,51356,34909,16447,0,0,0,2048,10.000,0.042,auto,30,0.176,1073741824,0,
lltp,petri-nets/MCC,,,CloudReconfiguration_reconf_3_04_50_1.p,intuitionistic,horn,1,,5,0,3,provable,proved,,ok,horn,IMELL,12930,129,2.339,50,0,50,0,0,0,2048,0.000,0.024,auto,30,0.176,1073741824,0,
lltp,petri-nets/MCC,,,CloudReconfiguration_reconf_3_05_1_1.p,intuitionistic,horn,1,,5,0,3,provable,proved,,ok,horn,IMELL,12930,129,2.324,1,0,1,0,0,0,2048,0.000,0.018,auto,30,0.176,1073741824,0,
lltp,petri-nets/MCC,,,CloudReconfiguration_reconf_3_06_100_1.p,intuitionistic,horn,1,,5,0,3,provable,proved,,ok,horn,IMELL,12930,129,2.441,97,4,93,0,0,0,2048,0.000,0.022,auto,30,0.188,1073741824,0,
lltp,petri-nets/MCC,,,CloudReconfiguration_reconf_3_06_50_1.p,intuitionistic,horn,1,,5,0,3,provable,proved,,ok,horn,IMELL,12930,129,2.392,50,0,50,0,0,0,2048,0.000,0.025,auto,30,0.183,1073741824,0,
lltp,petri-nets/MCC,,,CloudReconfiguration_reconf_3_07_1_1.p,intuitionistic,horn,1,,5,0,3,provable,proved,,ok,horn,IMELL,12922,129,2.487,1,0,1,0,0,0,2048,0.000,0.098,auto,30,0.167,1073741824,0,
lltp,petri-nets/MCC,,,CloudReconfiguration_reconf_3_08_100_1.p,intuitionistic,horn,1,,5,0,3,provable,proved,,ok,horn,IMELL,12936,129,8.144,36528,20104,16424,0,0,0,2048,0.000,0.036,auto,30,0.177,1073741824,0,
lltp,petri-nets/MCC,,,CloudReconfiguration_reconf_3_08_50_1.p,intuitionistic,horn,1,,5,0,3,provable,proved,,ok,horn,IMELL,12938,129,2.383,50,0,50,0,0,0,2048,0.000,0.018,auto,30,0.186,1073741824,0,
lltp,petri-nets/MCC,,,CloudReconfiguration_reconf_3_09_1_1.p,intuitionistic,horn,1,,5,0,3,provable,proved,,ok,horn,IMELL,12930,129,2.350,1,0,1,0,0,0,2048,0.000,0.023,auto,30,0.177,1073741824,0,
lltp,petri-nets/MCC,,,CloudReconfiguration_reconf_3_10_100_1.p,intuitionistic,horn,1,,5,0,3,provable,proved,,ok,horn,IMELL,12936,129,8.005,36528,20104,16424,0,0,0,2048,0.000,0.031,auto,30,0.176,1073741824,0,
lltp,petri-nets/MCC,,,CloudReconfiguration_reconf_3_10_50_1.p,intuitionistic,horn,1,,5,0,3,provable,proved,,ok,horn,IMELL,12938,129,2.478,50,0,50,0,0,0,2048,0.000,0.023,auto,30,0.187,1073741824,0,
lltp,petri-nets/MCC,,,CloudReconfiguration_reconf_3_11_1_1.p,intuitionistic,horn,1,,5,0,3,provable,proved,,ok,horn,IMELL,12930,129,2.484,1,0,1,0,0,0,2048,0.000,0.016,auto,30,0.173,1073741824,0,
lltp,petri-nets/MCC,,,CloudReconfiguration_reconf_3_12_100_1.p,intuitionistic,horn,1,,5,0,3,provable,proved,,ok,horn,IMELL,12938,129,9.406,51356,34909,16447,0,0,0,2048,10.000,0.032,auto,30,0.190,1073741824,0,
lltp,petri-nets/MCC,,,CloudReconfiguration_reconf_3_12_50_1.p,intuitionistic,horn,1,,5,0,3,provable,proved,,ok,horn,IMELL,12938,129,2.446,50,0,50,0,0,0,2048,0.000,0.019,auto,30,0.183,1073741824,0,
lltp,petri-nets/MCC,,,CloudReconfiguration_reconf_3_13_1_1.p,intuitionistic,horn,1,,5,0,3,provable,proved,,ok,horn,IMELL,12930,129,2.391,1,0,1,0,0,0,2048,0.000,0.018,auto,30,0.169,1073741824,0,
lltp,petri-nets/MCC,,,CloudReconfiguration_reconf_3_14_100_1.p,intuitionistic,horn,1,,5,0,3,provable,proved,,ok,horn,IMELL,12938,129,2.353,97,4,93,0,0,0,2048,0.000,0.018,auto,30,0.179,1073741824,0,
lltp,petri-nets/MCC,,,CloudReconfiguration_reconf_3_14_50_1.p,intuitionistic,horn,1,,5,0,3,provable,proved,,ok,horn,IMELL,12938,129,2.379,50,0,50,0,0,0,2048,0.000,0.022,auto,30,0.197,1073741824,0,
lltp,petri-nets/MCC,,,CloudReconfiguration_reconf_3_15_1_1.p,intuitionistic,horn,1,,5,0,3,provable,proved,,ok,horn,IMELL,12930,129,2.462,1,0,1,0,0,0,2048,0.000,0.022,auto,30,0.168,1073741824,0,
lltp,petri-nets/MCC,,,CloudReconfiguration_reconf_3_16_100_1.p,intuitionistic,horn,1,,5,0,3,provable,proved,,ok,horn,IMELL,12938,129,2.415,97,4,93,0,0,0,2048,0.000,0.024,auto,30,0.194,1073741824,0,
lltp,petri-nets/MCC,,,CloudReconfiguration_reconf_3_16_50_1.p,intuitionistic,horn,1,,5,0,3,provable,proved,,ok,horn,IMELL,12938,129,2.391,50,0,50,0,0,0,2048,0.000,0.021,auto,30,0.180,1073741824,0,
lltp,petri-nets/MCC,,,CloudReconfiguration_reconf_3_17_1_1.p,intuitionistic,horn,1,,5,0,3,provable,proved,,ok,horn,IMELL,12962,129,2.625,1,0,1,0,0,0,2048,0.000,0.336,auto,30,0.162,1073741824,0,
lltp,petri-nets/MCC,,,CloudReconfiguration_reconf_3_18_100_1.p,intuitionistic,horn,1,,5,0,3,provable,proved,,ok,horn,IMELL,12970,129,2.334,97,4,93,0,0,0,2048,0.000,0.020,auto,30,0.180,1073741824,0,
lltp,petri-nets/MCC,,,CloudReconfiguration_reconf_3_18_50_1.p,intuitionistic,horn,1,,5,0,3,provable,proved,,ok,horn,IMELL,12970,129,2.322,50,0,50,0,0,0,2048,0.000,0.022,auto,30,0.210,1073741824,0,
lltp,petri-nets/MCC,,,CloudReconfiguration_reconf_3_19_1_1.p,intuitionistic,horn,1,,5,0,3,provable,proved,,ok,horn,IMELL,12962,129,2.329,1,0,1,0,0,0,2048,0.000,0.026,auto,30,0.165,1073741824,0,
lltp,petri-nets/MCC,,,CloudReconfiguration_reconf_3_20_100_1.p,intuitionistic,horn,1,,5,0,3,provable,proved,,ok,horn,IMELL,12970,129,2.376,42,0,42,0,0,0,2048,0.000,0.017,auto,30,0.170,1073741824,0,
lltp,petri-nets/MCC,,,CloudReconfiguration_reconf_3_20_50_1.p,intuitionistic,horn,1,,5,0,3,provable,proved,,ok,horn,IMELL,12970,129,2.380,50,0,50,0,0,0,2048,0.000,0.021,auto,30,0.203,1073741824,0,
lltp,petri-nets/MCC,,,CloudReconfiguration_reconf_4_01_1_1.p,intuitionistic,horn,1,,5,0,3,provable,proved,,ok,horn,IMELL,17782,172,3.610,1,0,1,0,0,0,2048,0.000,0.015,auto,30,0.282,1073741824,0,
lltp,petri-nets/MCC,,,CloudReconfiguration_reconf_4_02_100_1.p,intuitionistic,horn,1,,5,0,3,provable,proved,,ok,horn,IMELL,17792,172,3.411,97,4,93,0,0,0,2048,0.000,0.023,auto,30,0.262,1073741824,0,
lltp,petri-nets/MCC,,,CloudReconfiguration_reconf_4_02_50_1.p,intuitionistic,horn,1,,5,0,3,provable,proved,,ok,horn,IMELL,17792,172,3.698,1140,568,572,0,0,0,2048,0.000,0.017,auto,30,0.272,1073741824,0,
lltp,petri-nets/MCC,,,DES_des_00_a_10_1.p,intuitionistic,horn,1,,5,0,3,provable,proved,,ok,horn,IMELL,830,6,0.159,19,5,14,0,0,0,2048,0.000,0.000,auto,30,0.023,1073741824,0,
lltp,petri-nets/MCC,,,DES_des_00_a_5_1.p,intuitionistic,horn,1,,5,0,3,provable,proved,,ok,horn,IMELL,830,7,0.148,5,0,5,0,0,0,2048,0.000,0.000,auto,30,0.022,1073741824,0,
lltp,petri-nets/MCC,,,DES_des_00_b_20_1.p,intuitionistic,horn,1,,5,0,3,provable,proved,,ok,horn,IMELL,1352,6,0.256,20,0,20,0,0,0,2048,0.000,0.000,auto,30,0.030,1073741824,0,
lltp,petri-nets/MCC,,,DES_des_01_a_1_1.p,intuitionistic,horn,1,,5,0,3,provable,proved,,ok,horn,IMELL,852,6,0.135,1,0,1,0,0,0,2048,0.000,0.000,auto,30,0.019,1073741824,0,
lltp,petri-nets/MCC,,,DES_des_01_b_100_1.p,intuitionistic,horn,1,,5,0,3,provable,proved,,ok,horn,IMELL,1454,6,43.268,125794,95367,30427,0,0,0,2048,40.000,0.100,auto,30,0.057,1073741824,0,
lltp,petri-nets/MCC,,,DES_des_01_b_50_1.p,intuitionistic,horn,1,,5,0,3,provable,proved,,ok,horn,IMELL,1442,6,1.222,2111,1180,931,0,0,0,2048,0.000,0.051,auto,30,0.043,1073741824,0,
lltp,petri-nets/MCC,,,DES_des_02_a_20_1.p,intuitionistic,horn,1,,5,0,3,provable,proved,,ok,horn,IMELL,892,7,0.205,117,44,73,0,0,0,2048,0.000,0.000,auto,30,0.030,1073741824,0,
lltp,petri-nets/MCC,,,DES_des_02_b_10_1.p,intuitionistic,horn,1,,5,0,3,provable,proved,,ok,horn,IMELL,1420,6,0.254,10,0,10,0,0,0,2048,0.000,0.000,auto,30,0.027,1073741824,0,
lltp,petri-nets/MCC,,,DES_des_02_b_5_1.p,intuitionistic,horn,1,,5,0,3,provable,proved,,ok,horn,IMELL,1410,6,0.258,5,0,5,0,0,0,2048,0.000,0.000,auto,30,0.024,1073741824,0,
lltp,petri-nets/MCC,,,DES_des_05_a_50_1.p,intuitionistic,horn,1,,5,0,3,provable,proved,,ok,horn,IMELL,1006,10,21.170,51674,35866,15808,0,0,0,2048,10.000,0.067,auto,30,0.040,1073741824,0,
lltp,petri-nets/MCC,,,DES_des_05_b_1_1.p,intuitionistic,horn,1,,5,0,3,provable,proved,,ok,horn,IMELL,1498,6,0.265,1,0,1,0,0,0,2048,0.000,0.000,auto,30,0.023,1073741824,0,
lltp,petri-nets/MCC,,,DES_des_10_a_10_1.p,intuitionistic,horn,1,,5,0,3,provable,proved,,ok,horn,IMELL,1194,15,0.179,10,0,10,0,0,0,2048,0.000,0.000,auto,30,0.029,1073741824,0,
lltp,petri-nets/MCC,,,DES_des_10_a_5_1.p,intuitionistic,horn,1,,5,0,3,provable,proved,,ok,horn,IMELL,1194,15,0.173,5,0,5,0,0,0,2048,0.000,0.000,auto,30,0.026,1073741824,0,
lltp,petri-nets/MCC,,,DES_des_10_b_20_1.p,intuitionistic,horn,1,,5,0,3,provable,proved,,ok,horn,IMELL,1692,10,0.285,20,0,20,0,0,0,2048,0.000,0.000,auto,30,0.030,1073741824,0,
lltp,petri-nets/MCC,,,DES_des_20_a_10_1.p,intuitionistic,horn,1,,5,0,3,provable,proved,,ok,horn,IMELL,1576,25,0.221,12,1,11,0,0,0,2048,0.000,0.000,auto,30,0.030,1073741824,0,
lltp,petri-nets/MCC,,,DES_des_20_a_5_1.p,intuitionistic,horn,1,,5,0,3,provable,proved,,ok,horn,IMELL,1576,25,0.215,5,0,5,0,0,0,2048,0.000,0.000,auto,30,0.028,1073741824,0,
lltp,petri-nets/MCC,,,DES_des_20_b_20_1.p,intuitionistic,horn,1,,5,0,3,provable,proved,,ok,horn,IMELL,2012,20,0.321,20,0,20,0,0,0,2048,0.000,0.000,auto,30,0.034,1073741824,0,
lltp,petri-nets/MCC,,,DES_des_30_a_10_1.p,intuitionistic,horn,1,,5,0,3,provable,proved,,ok,horn,IMELL,1946,35,0.247,12,1,11,0,0,0,2048,0.000,0.000,auto,30,0.033,1073741824,0,
lltp,petri-nets/MCC,,,DES_des_30_a_5_1.p,intuitionistic,horn,1,,5,0,3,provable,proved,,ok,horn,IMELL,1944,35,0.248,5,0,5,0,0,0,2048,0.000,0.000,auto,30,0.030,1073741824,0,
lltp,petri-nets/MCC,,,DES_des_30_b_20_1.p,intuitionistic,horn,1,,5,0,3,provable,proved,,ok,horn,IMELL,2324,30,0.342,20,0,20,0,0,0,2048,0.000,0.000,auto,30,0.036,1073741824,0,
lltp,petri-nets/MCC,,,DES_des_40_a_10_1.p,intuitionistic,horn,1,,5,0,3,provable,proved,,ok,horn,IMELL,2326,45,0.288,10,0,10,0,0,0,2048,0.000,0.000,auto,30,0.038,1073741824,0,
lltp,petri-nets/MCC,,,DES_des_40_a_5_1.p,intuitionistic,horn,1,,5,0,3,provable,proved,,ok,horn,IMELL,2324,45,0.274,5,0,5,0,0,0,2048,0.000,0.000,auto,30,0.037,1073741824,0,
lltp,petri-nets/MCC,,,DES_des_40_b_20_1.p,intuitionistic,horn,1,,5,0,3,provable,proved,,ok,horn,IMELL,2644,40,0.365,20,0,20,0,0,0,2048,0.000,0.000,auto,30,0.038,1073741824,0,
lltp,petri-nets/MCC,,,DES_des_50_a_10_1.p,intuitionistic,horn,1,,5,0,3,provable,proved,,ok,horn,IMELL,2706,55,0.311,12,1,11,0,0,0,2048,0.000,0.000,auto,30,0.040,1073741824,0,
lltp,petri-nets/MCC,,,DES_des_50_a_5_1.p,intuitionistic,horn,1,,5,0,3,provable,proved,,ok,horn,IMELL,2704,55,0.302,5,0,5,0,0,0,2048,0.000,0.000,auto,30,0.039,1073741824,0,
lltp,petri-nets/MCC,,,DES_des_50_b_20_1.p,intuitionistic,horn,1,,5,0,3,provable,proved,,ok,horn,IMELL,2968,51,0.407,20,0,20,0,0,0,2048,0.000,0.000,auto,30,0.041,1073741824,0,
lltp,petri-nets/MCC,,,DES_des_60_a_10_1.p,intuitionistic,horn,1,,5,0,3,provable,proved,,ok,horn,IMELL,3082,65,0.346,14,1,13,0,0,0,2048,0.000,0.000,auto,30,0.041,1073741824,0,
lltp,petri-nets/MCC,,,DES_des_60_a_5_1.p,intuitionistic,horn,1,,5,0,3,provable,proved,,ok,horn,IMELL,3082,65,0.329,5,0,5,0,0,0,2048,0.000,0.000,auto,30,0.039,1073741824,0,
lltp,petri-nets/MCC,,,DES_des_60_b_20_1.p,intuitionistic,horn,1,,5,0,3,provable,proved,,ok,horn,IMELL,3284,60,0.447,20,0,20,0,0,0,2048,0.000,0.000,auto,30,0.048,1073741824,0,
lltp,petri-nets/MCC,,,DLCround_dlcro_03_a_50_1.p,intuitionistic,horn,1,,5,0,3,provable,proved,,ok,horn,IMELL,4642,33,0.413,17,0,17,0,0,0,2048,0.000,0.000,auto,30,0.056,1073741824,0,
lltp,petri-nets/MCC,,,DLCround_dlcro_03_b_20_1.p,intuitionistic,horn,1,,5,0,3,provable,proved,,ok,horn,IMELL,9632,11,1.414,20,0,20,0,0,0,2048,0.000,0.036,auto,30,0.115,1073741824,0,
lltp,petri-nets/MCC,,,DLCround_dlcro_04_a_20_1.p,intuitionistic,horn,1,,5,0,3,provable,proved,,ok,horn,IMELL,6286,37,0.538,20,0,20,0,0,0,2048,0.000,0.000,auto,30,0.069,1073741824,0,
lltp,petri-nets/MCC,,,DLCround_dlcro_04_b_1_1.p,intuitionistic,horn,1,,5,0,3,provable,proved,,ok,horn,IMELL,12316,12,1.900,1,0,1,0,0,0,2048,0.000,0.000,auto,30,0.151,1073741824,0,
lltp,petri-nets/MCC,,,DLCround_dlcro_05_a_1_1.p,intuitionistic,horn,1,,5,0,3,provable,proved,,ok,horn,IMELL,8146,41,0.720,1,0,1,0,0,0,2048,0.000,0.044,auto,30,0.088,1073741824,0,
lltp,petri-nets/MCC,,,DLCround_dlcro_05_b_1_1.p,intuitionistic,horn,1,,5,0,3,provable,proved,,ok,horn,IMELL,15302,13,2.277,1,0,1,0,0,0,2048,0.000,0.018,auto,30,0.177,1073741824,0,
lltp,petri-nets/MCC,,,DLCround_dlcro_06_a_1_1.p,intuitionistic,horn,1,,5,0,3,provable,proved,,ok,horn,IMELL,10222,45,0.937,1,0,1,0,0,0,2048,0.000,0.045,auto,30,0.110,1073741824,0,
lltp,petri-nets/MCC,,,DLCround_dlcro_06_b_10_1.p,intuitionistic,horn,1,,5,0,3,provable,proved,,ok,horn,IMELL,18590,14,2.861,10,0,10,0,0,0,2048,0.000,0.025,auto,30,0.215,1073741824,0,
lltp,petri-nets/MCC,,,DLCround_dlcro_06_b_5_1.p,intuitionistic,horn,1,,5,0,3,provable,proved,,ok,horn,IMELL,18586,14,2.802,5,0,5,0,0,0,2048,0.000,0.026,auto,30,0.218,1073741824,0,
lltp,petri-nets/MCC,,,DLCround_dlcro_07_a_5_1.p,intuitionistic,horn,1,,5,0,3,provable,proved,,ok,horn,IMELL,12514,49,1.112,3,0,3,0,0,0,2048,0.000,0.054,auto,30,0.132,1073741824,0,
lltp,petri-nets/MCC,,,DLCround_dlcro_07_b_50_1.p,intuitionistic,horn,1,,5,0,3,provable,proved,,ok,horn,IMELL,22152,15,3.070,64,3,61,0,0,0,2048,0.000,0.017,auto,30,0.254,1073741824,0,
lltp,petri-nets/MCC,,,DLCround_dlcro_08_a_50_1.p,intuitionistic,horn,1,,5,0,3,provable,proved,,ok,horn,IMELL,15022,53,1.481,33,0,33,0,0,0,2048,0.000,0.029,auto,30,0.168,1073741824,0,
lltp,petri-nets/MCC,,,DLCround_dlcro_08_b_20_1.p,intuitionistic,horn,1,,5,0,3,provable,proved,,ok,horn,IMELL,26014,16,3.869,30,1,29,0,0,0,2048,0.000,0.032,auto,30,0.274,1073741824,0,
lltp,petri-nets/MCC,,,DLCround_dlcro_09_a_20_1.p,intuitionistic,horn,1,,5,0,3,provable,proved,,ok,horn,IMELL,17746,57,1.610,20,0,20,0,0,0,2048,0.000,0.000,auto,30,0.195,1073741824,0,
lltp,petri-nets/MCC,,,DLCround_dlcro_09_b_1_1.p,intuitionistic,horn,1,,5,0,3,provable,proved,,ok,horn,IMELL,30166,17,4.608,1,0,1,0,0,0,2048,0.000,0.021,auto,30,0.345,1073741824,0,
lltp,petri-nets/MCC,,,DLCround_dlcro_10_a_1_1.p,intuitionistic,horn,1,,5,0,3,provable,proved,,ok,horn,IMELL,20686,61,1.841,1,0,1,0,0,0,2048,0.000,0.000,auto,30,0.217,1073741824,0,
lltp,petri-nets/MCC,,,DLCround_dlcro_10_b_10_1.p,intuitionistic,horn,1,,5,0,3,provable,proved,,ok,horn,IMELL,34618,18,5.113,10,0,10,0,0,0,2048,0.000,0.022,auto,30,0.397,1073741824,0,
lltp,petri-nets/MCC,,,DLCround_dlcro_10_b_5_1.p,intuitionistic,horn,1,,5,0,3,provable,proved,,ok,horn,IMELL,34618,18,5.151,5,0,5,0,0,0,2048,0.000,0.020,auto,30,0.397,1073741824,0,
lltp,petri-nets/MCC,,,DLCround_dlcro_11_a_5_1.p,intuitionistic,horn,1,,5,0,3,provable,proved,,ok,horn,IMELL,23842,65,2.102,4,0,4,0,0,0,2048,0.000,0.017,auto,30,0.254,1073741824,0,
lltp,petri-nets/MCC,,,DLCround_dlcro_11_b_50_1.p,intuitionistic,horn,1,,5,0,3,provable,proved,,ok,horn,IMELL,39352,19,5.176,64,3,61,0,0,0,2048,0.000,0.027,auto,30,0.400,1073741824,0,
lltp,petri-nets/MCC,,,DLCround_dlcro_12_a_50_1.p,intuitionistic,horn,1,,5,0,3,provable,proved,,ok,horn,IMELL,27214,69,2.709,45,0,45,0,0,0,2048,0.000,0.023,auto,30,0.271,1073741824,0,
lltp,petri-nets/MCC,,,DLCround_dlcro_12_b_20_1.p,intuitionistic,horn,1,,5,0,3,provable,proved,,ok,horn,IMELL,44382,20,6.024,30,1,29,0,0,0,2048,10.000,0.027,auto,30,0.505,1073741824,0,
lltp,petri-nets/MCC,,,DLCround_dlcro_13_a_20_1.p,intuitionistic,horn,1,,5,0,3,provable,proved,,ok,horn,IMELL,30802,73,3.006,18,0,18,0,0,0,2048,0.000,0.017,auto,30,0.336,1073741824,0,
lltp,petri-nets/MCC,,,DLCround_dlcro_13_b_1_1.p,intuitionistic,horn,1,,5,0,3,provable,proved,,ok,horn,IMELL,49702,21,8.083,1,0,1,0,0,0,2048,10.000,0.028,auto,30,0.606,1073741824,0,
lltp,petri-nets/MCC,,,DLCshifumi_dlcsh_2_a_1_1.p,intuitionistic,horn,1,,5,0,3,provable,proved,,ok,horn,IMELL,6490,69,0.594,1,0,1,0,0,0,2048,0.000,0.000,auto,30,0.135,1073741824,0,
lltp,petri-nets/MCC,,,DLCshifumi_dlcsh_2_b_10_1.p,intuitionistic,horn,1,,5,0,3,provable,proved,,ok,horn,IMELL,15520,20,2.461,10,0,10,0,0,0,2048,0.000,0.019,auto,30,0.187,1073741824,0,
lltp,petri-nets/MCC,,,DLCshifumi_dlcsh_2_b_5_1.p,intuitionistic,horn,1,,5,0,3,provable,proved,,ok,horn,IMELL,15520,20,2.525,5,0,5,0,0,0,2048,0.000,0.019,auto,30,0.184,1073741824,0,
lltp,petri-nets/MCC,,,DLCshifumi_dlcsh_3_a_50_1.p,intuitionistic,horn,1,,5,0,3,provable,proved,,ok,horn,IMELL,23654,169,2.197,25,0,25,0,0,0,2048,0.000,0.016,auto,30,0.252,1073741824,0,
lltp,petri-nets/MCC,,,DLCshifumi_dlcsh_3_b_20_1.p,intuitionistic,horn,1,,5,0,3,provable,proved,,ok,horn,IMELL,49158,45,7.244,20,0,20,0,0,0,2048,10.000,0.032,auto,30,0.569,1073741824,0,
lltp,petri-nets/MCC,,,DLCshifumi_dlcsh_4_a_1_1.p,intuitionistic,horn,1,,5,0,3,provable,proved,,ok,horn,IMELL,58602,317,5.469,1,0,1,0,0,0,2048,0.000,0.031,auto,30,0.714,1073741824,0,
lltp,petri-nets/MCC,,,DLCshifumi_dlcsh_4_b_10_1.p,intuitionistic,horn,1,,5,0,3,provable,proved,,ok,horn,IMELL,112582,82,18.738,10,0,10,0,0,0,2048,20.000,0.054,auto,30,1.393,1073741824,0,
lltp,petri-nets/MCC,,,DLCshifumi_dlcsh_4_b_5_1.p,intuitionistic,horn,1,,5,0,3,provable,proved,,ok,horn,IMELL,112580,82,18.876,5,0,5,0,0,0,2048,20.000,0.041,auto,30,1.404,1073741824,0,
lltp,petri-nets/MCC,,,DLCshifumi_dlcsh_5_a_50_1.p,intuitionistic,horn,1,,5,0,3,provable,proved,,ok,horn,IMELL,117670,513,11.614,27,0,27,0,0,0,2048,10.000,0.049,auto,30,1.370,1073741824,0,
lltp,petri-nets/MCC,,,DLCshifumi_dlcsh_5_b_20_1.p,intuitionistic,horn,1,,5,0,3,provable,proved,,ok,horn,IMELL,214856,131,33.000,30,1,29,0,0,0,2048,30.000,0.075,auto,30,2.331,1073741824,0,
lltp,petri-nets/MCC,,,DLCshifumi_dlcsh_6_a_1_1.p,intuitionistic,horn,1,,5,0,3,provable,proved,,ok,horn,IMELL,207194,757,19.773,1,0,1,0,0,0,2048,30.000,0.042,auto,30,2.119,1073741824,0,
lltp,petri-nets/MCC,,,DLCshifumi_dlcsh_6_b_10_1.p,intuitionistic,horn,1,,5,0,3,provable,proved,,ok,horn,IMELL,365082,192,70.250,10,0,10,0,0,0,2048,80.000,0.153,auto,30,4.762,1073741824,0,
lltp,petri-nets/MCC,,,DLCshifumi_dlcsh_6_b_5_1.p,intuitionistic,horn,1,,5,0,3,provable,proved,,ok,horn,IMELL,365076,192,69.568,5,0,5,0,0,0,2048,70.000,0.299,auto,30,4.793,1073741824,0,
lltp,petri-nets/MCC,,,DNAwalker_dnawalk-01_20_1.p,intuitionistic,horn,1,,5,0,3,provable,proved,,ok,horn,IMELL,840,29,0.134,11,0,11,0,0,0,2048,0.000,0.000,auto,30,0.014,1073741824,0,
lltp,petri-nets/MCC,,,DNAwalker_dnawalk-02_10_1.p,intuitionistic,horn,1,,5,0,3,provable,proved,,ok,horn,IMELL,848,29,0.165,166,57,109,0,0,0,2048,0.000,0.000,auto,30,0.015,1073741824,0,
lltp,petri-nets/MCC,,,DNAwalker_dnawalk-02_5_1.p,intuitionistic,horn,1,,5,0,3,provable,proved,,ok,horn,IMELL,854,30,0.184,175,41,134,0,0,0,2048,0.000,0.000,auto,30,0.013,1073741824,0,
lltp,petri-nets/MCC,,,DNAwalker_dnawalk-03_20_1.p,intuitionistic,horn,1,,5,0,3,provable,proved,,ok,horn,IMELL,848,29,0.137,61,20,41,0,0,0,2048,0.000,0.000,auto,30,0.015,1073741824,0,
lltp,petri-nets/MCC,,,DNAwalker_dnawalk-04_20_1.p,intuitionistic,horn,1,,5,0,3,provable,proved,,ok,horn,IMELL,2510,36,0.344,141,45,96,0,0,0,2048,0.000,0.000,auto,30,0.031,1073741824,0,
lltp,petri-nets/MCC,,,DNAwalker_dnawalk-05_5_1.p,intuitionistic,horn,1,,5,0,3,provable,proved,,ok,horn,IMELL,2528,37,4.963,8106,3803,4303,0,0,0,2048,0.000,0.060,auto,30,0.032,1073741824,0,
lltp,petri-nets/MCC,,,DNAwalker_dnawalk-07_1_1.p,intuitionistic,horn,1,,5,0,3,provable,proved,,ok,horn,IMELL,2534,37,0.232,1,0,1,0,0,0,2048,0.000,0.000,auto,30,0.030,1073741824,0,
lltp,petri-nets/MCC,,,DNAwalker_dnawalk-08_20_1.p,intuitionistic,horn,1,,5,0,3,provable,proved,,ok,horn,IMELL,2598,58,0.379,153,45,108,0,0,0,2048,0.000,0.000,auto,30,0.029,1073741824,0,
lltp,petri-nets/MCC,,,DNAwalker_dnawalk-09_5_1.p,intuitionistic,horn,1,,5,0,3,provable,proved,,ok,horn,IMELL,2606,59,0.372,152,71,81,0,0,0,2048,0.000,0.000,auto,30,0.028,1073741824,0,
lltp,petri-nets/MCC,,,DNAwalker_dnawalk-11_5_1.p,intuitionistic,horn,1,,5,0,3,provable,proved,,ok,horn,IMELL,2606,59,0.358,152,71,81,0,0,0,2048,0.000,0.000,auto,30,0.027,1073741824,0,
lltp,petri-nets/MCC,,,DNAwalker_dnawalk-13_1_1.p,intuitionistic,horn,1,,5,0,3,provable,proved,,ok,horn,IMELL,3152,70,0.266,1,0,1,0,0,0,2048,0.000,0.000,auto,30,0.031,1073741824,0,
lltp,petri-nets/MCC,,,DNAwalker_dnawalk-14_20_1.p,intuitionistic,horn,1,,5,0,3,provable,proved,,ok,horn,IMELL,3132,70,0.485,287,90,197,0,0,0,2048,0.000,0.000,auto,30,0.033,1073741824,0,
lltp,petri-nets/MCC,,,DNAwalker_dnawalk-15_5_1.p,intuitionistic,horn,1,,5,0,3,provable,proved,,ok,horn,IMELL,3150,70,72.745,120144,70063,50081,0,0,0,2048,60.000,0.127,auto,30,0.039,1073741824,0,
lltp,petri-nets/MCC,,,DNAwalker_dnawalk-17_1_1.p,intuitionistic,horn,1,,5,0,3,provable,proved,,ok,horn,IMELL,4910,79,0.412,1,0,1,0,0,0,2048,0.000,0.000,auto,30,0.047,1073741824,0,
lltp,petri-nets/MCC,,,DNAwalker_dnawalk-18_20_1.p,intuitionistic,horn,1,,5,0,3,provable,unknown,memory_limit,,horn,IMELL,36562,168,1783.424,1024768,699404,325364,0,0,0,2048,1770.000,1.773,auto,30,,1073741824,0,
lltp,petri-nets/MCC,,,DatabaseWithMutex_database10UNFOLD_50_1.p,intuitionistic,horn,1,,5,0,3,provable,proved,,ok,horn,IMELL,7716,11,1.004,12,0,12,0,0,0,2048,0.000,0.016,auto,30,0.075,1073741824,0,
lltp,petri-nets/MCC,,,DatabaseWithMutex_database20UNFOLD_20_1.p,intuitionistic,horn,1,,5,0,3,provable,proved,,ok,horn,IMELL,46658,21,5.160,23,0,23,0,0,0,2048,10.000,0.019,auto,30,0.370,1073741824,0,
lltp,petri-nets/MCC,,,DatabaseWithMutex_database2UNFOLD_10_1.p,intuitionistic,horn,1,,5,0,3,provable,proved,,ok,horn,IMELL,196,3,0.081,2,0,2,0,0,0,2048,0.000,0.000,auto,30,0.007,1073741824,0,
lltp,petri-nets/MCC,,,DatabaseWithMutex_database2UNFOLD_5_1.p,intuitionistic,horn,1,,5,0,3,provable,proved,,ok,horn,IMELL,198,3,0.073,5,0,5,0,0,0,2048,0.000,0.000,auto,30,0.008,1073741824,0,
lltp,petri-nets/MCC,,,DatabaseWithMutex_database40UNFOLD_50_1.p,intuitionistic,horn,1,,5,0,3,provable,proved,,ok,horn,IMELL,314108,41,743.604,16434,0,16434,0,0,0,2048,740.000,0.873,auto,30,1.639,1073741824,0,
lltp,petri-nets/MCC,,,DatabaseWithMutex_database4UNFOLD_1_1.p,intuitionistic,horn,1,,5,0,3,provable,proved,,ok,horn,IMELL,878,5,0.172,1,0,1,0,0,0,2048,0.000,0.000,auto,30,0.017,1073741824,0,
lltp,petri-nets/MCC,,,Dekker_dekker-100_100_1.p,intuitionistic,horn,1,,5,0,3,provable,proved,,ok,horn,IMELL,161198,200,21.228,100,0,100,0,0,0,2048,20.000,0.050,auto,30,1.010,1073741824,0,
lltp,petri-nets/MCC,,,Dekker_dekker-100_5_1.p,intuitionistic,horn,1,,5,0,3,provable,proved,,ok,horn,IMELL,161198,200,11.569,5,0,5,0,0,0,2048,10.000,0.055,auto,30,1.012,1073741824,0,
lltp,petri-nets/MCC,,,Dekker_dekker-10_20_1.p,intuitionistic,horn,1,,5,0,3,provable,proved,,ok,horn,IMELL,1718,20,0.192,2,0,2,0,0,0,2048,0.000,0.000,auto,30,0.019,1073741824,0,
lltp,petri-nets/MCC,,,Dekker_dekker-15_10_1.p,intuitionistic,horn,1,,5,0,3,provable,proved,,ok,horn,IMELL,3778,30,0.314,4,0,4,0,0,0,2048,0.000,0.000,auto,30,0.034,1073741824,0,
lltp,petri-nets/MCC,,,Dekker_dekker-15_5_1.p,intuitionistic,horn,1,,5,0,3,provable,proved,,ok,horn,IMELL,3778,30,0.296,3,0,3,0,0,0,2048,0.000,0.000,auto,30,0.030,1073741824,0,
lltp,petri-nets/MCC,,,Dekker_dekker-200_50_1.p,intuitionistic,horn,1,,5,0,3,provable,proved,,ok,horn,IMELL,642398,400,51.105,50,0,50,0,0,0,2048,50.000,0.707,auto,30,3.900,1073741824,0,
lltp,petri-nets/MCC,,,Dekker_dekker-20_20_1.p,intuitionistic,horn,1,,5,0,3,provable,proved,,ok,horn,IMELL,6638,40,0.532,20,0,20,0,0,0,2048,0.000,0.000,auto,30,0.053,1073741824,0,
lltp,petri-nets/MCC,,,Dekker_dekker-50_1_1.p,intuitionistic,horn,1,,5,0,3,provable,proved,,ok,horn,IMELL,40598,100,2.921,1,0,1,0,0,0,2048,0.000,0.052,auto,30,0.247,1073741824,0,
lltp,petri-nets/MCC,,,Diffusion2D_2D8_gradient_10x10_100_20_1.p,intuitionistic,horn,1,,5,0,3,provable,proved,,ok,horn,IMELL,3134,108,0.457,5,0,5,0,0,0,2048,0.000,0.000,auto,30,0.065,1073741824,0,
lltp,petri-nets/MCC,,,Diffusion2D_2D8_gradient_10x10_10_5_1.p,intuitionistic,horn,1,,5,0,3,provable,proved,,ok,horn,IMELL,2774,18,0.416,1,0,1,0,0,0,2048,0.000,0.000,auto,30,0.037,1073741824,0,
lltp,petri-nets/MCC,,,Diffusion2D_2D8_gradient_10x10_200_1_1.p,intuitionistic,horn,1,,5,0,3,provable,proved,,ok,horn,IMELL,3534,208,0.408,1,0,1,0,0,0,2048,0.000,0.000,auto,30,0.083,1073741824,0,
lltp,petri-nets/MCC,,,Diffusion2D_2D8_gradient_10x10_50_20_1.p,intuitionistic,horn,1,,5,0,3,provable,proved,,ok,horn,IMELL,2934,58,0.424,5,0,5,0,0,0,2048,0.000,0.000,auto,30,0.049,1073741824,0,
lltp,petri-nets/MCC,,,Diffusion2D_2D8_gradient_20x20_100_5_1.p,intuitionistic,horn,1,,5,0,3,provable,proved,,ok,horn,IMELL,12254,108,1.866,5,0,5,0,0,0,2048,0.000,0.019,auto,30,0.170,1073741824,0,
lltp,petri-nets/MCC,,,Diffusion2D_2D8_gradient_20x20_150_1_1.p,intuitionistic,horn,1,,5,0,3,provable,proved,,ok,horn,IMELL,12454,158,1.925,1,0,1,0,0,0,2048,0.000,0.025,auto,30,0.179,1073741824,0,
lltp,petri-nets/MCC,,,Diffusion2D_2D8_gradient_20x20_50_20_1.p,intuitionistic,horn,1,,5,0,3,provable,proved,,ok,horn,IMELL,12054,58,1.866,1,0,1,0,0,0,2048,0.000,0.000,auto,30,0.156,1073741824,0,
lltp,petri-nets/MCC,,,Diffusion2D_2D8_gradient_30x30_100_5_1.p,intuitionistic,horn,1,,5,0,3,provable,proved,,ok,horn,IMELL,27774,108,4.219,5,0,5,0,0,0,2048,0.000,0.021,auto,30,0.354,1073741824,0,
lltp,petri-nets/MCC,,,Diffusion2D_2D8_gradient_30x30_150_1_1.p,intuitionistic,horn,1,,5,0,3,provable,proved,,ok,horn,IMELL,27974,158,4.276,1,0,1,0,0,0,2048,0.000,0.026,auto,30,0.369,1073741824,0,
lltp,petri-nets/MCC,,,Diffusion2D_2D8_gradient_30x30_50_20_1.p,intuitionistic,horn,1,,5,0,3,provable,proved,,ok,horn,IMELL,27574,58,4.020,6,0,6,0,0,0,2048,0.000,0.018,auto,30,0.339,1073741824,0,
lltp,petri-nets/MCC,,,Diffusion2D_2D8_gradient_40x40_100_5_1.p,intuitionistic,horn,1,,5,0,3,provable,proved,,ok,horn,IMELL,49694,108,8.278,5,0,5,0,0,0,2048,10.000,0.023,auto,30,0.672,1073741824,0,
lltp,petri-nets/MCC,,,Diffusion2D_2D8_gradient_40x40_150_1_1.p,intuitionistic,horn,1,,5,0,3,provable,proved,,ok,horn,IMELL,49894,158,8.216,1,0,1,0,0,0,2048,10.000,0.024,auto,30,0.620,1073741824,0,
lltp,petri-nets/MCC,,,Diffusion2D_2D8_gradient_40x40_50_20_1.p,intuitionistic,horn,1,,5,0,3,provable,proved,,ok,horn,IMELL,49494,58,8.009,11,0,11,0,0,0,2048,10.000,0.035,auto,30,0.639,1073741824,0,
lltp,petri-nets/MCC,,,Diffusion2D_2D8_gradient_50x50_100_5_1.p,intuitionistic,horn,1,,5,0,3,provable,proved,,ok,horn,IMELL,78014,108,13.666,3,0,3,0,0,0,2048,10.000,0.042,auto,30,1.029,1073741824,0,
lltp,petri-nets/MCC,,,Diffusion2D_2D8_gradient_50x50_150_1_1.p,intuitionistic,horn,1,,5,0,3,provable,proved,,ok,horn,IMELL,78214,158,14.067,1,0,1,0,0,0,2048,10.000,0.039,auto,30,1.097,1073741824,0,
lltp,petri-nets/MCC,,,Diffusion2D_2D8_gradient_50x50_50_20_1.p,intuitionistic,horn,1,,5,0,3,provable,proved,,ok,horn,IMELL,77814,58,13.666,16,0,16,0,0,0,2048,10.000,0.031,auto,30,1.065,1073741824,0,
lltp,petri-nets/MCC,,,Diffusion2D_2D8_gradient_5x5_100_20_1.p,intuitionistic,horn,1,,5,0,3,provable,proved,,ok,horn,IMELL,974,108,0.151,2,0,2,0,0,0,2048,0.000,0.000,auto,30,0.035,1073741824,0,
lltp,petri-nets/MCC,,,Diffusion2D_2D8_gradient_5x5_10_20_1.p,intuitionistic,horn,1,,5,0,3,provable,proved,,ok,horn,IMELL,614,18,0.128,2,0,2,0,0,0,2048,0.000,0.000,auto,30,0.013,1073741824,0,
lltp,petri-nets/MCC,,,Diffusion2D_2D8_gradient_5x5_150_20_1.p,intuitionistic,horn,1,,5,0,3,provable,proved,,ok,horn,IMELL,1174,158,0.142,2,0,2,0,0,0,2048,0.000,0.000,auto,30,0.039,1073741824,0,
lltp,petri-nets/MCC,,,Diffusion2D_2D8_gradient_5x5_200_20_1.p,intuitionistic,horn,1,,5,0,3,provable,proved,,ok,horn,IMELL,1374,208,0.151,2,0,2,0,0,0,2048,0.000,0.000,auto,30,0.050,1073741824,0,
lltp,petri-nets/MCC,,,Diffusion2D_2D8_gradient_5x5_250_20_1.p,intuitionistic,horn,1,,5,0,3,provable,proved,,ok,horn,IMELL,1574,258,0.150,2,0,2,0,0,0,2048,0.000,0.000,auto,30,0.057,1073741824,0,
lltp,petri-nets/MCC,,,Diffusion2D_2D8_gradient_5x5_300_20_1.p,intuitionistic,horn,1,,5,0,3,provable,proved,,ok,horn,IMELL,1774,308,0.147,2,0,2,0,0,0,2048,0.000,0.000,auto,30,0.071,1073741824,0,
lltp,petri-nets/MCC,,,Diffusion2D_2D8_gradient_5x5_350_20_1.p,intuitionistic,horn,1,,5,0,3,provable,proved,,ok,horn,IMELL,1974,358,0.156,2,0,2,0,0,0,2048,0.000,0.000,auto,30,0.076,1073741824,0,
lltp,petri-nets/MCC,,,Diffusion2D_2D8_gradient_5x5_50_20_1.p,intuitionistic,horn,1,,5,0,3,provable,proved,,ok,horn,IMELL,774,58,0.126,2,0,2,0,0,0,2048,0.000,0.000,auto,30,0.021,1073741824,0,
lltp,petri-nets/MCC,,,DrinkVendingMachine_distributeur-01-unfolded-02_10_1.p,intuitionistic,horn,1,,5,0,3,provable,proved,,ok,horn,IMELL,1118,69,0.119,5,0,5,0,0,0,2048,0.000,0.000,auto,30,0.015,1073741824,0,
lltp,petri-nets/MCC,,,DrinkVendingMachine_distributeur-01-unfolded-02_5_1.p,intuitionistic,horn,1,,5,0,3,provable,proved,,ok,horn,IMELL,1118,69,0.124,5,0,5,0,0,0,2048,0.000,0.000,auto,30,0.015,1073741824,0,
lltp,petri-nets/MCC,,,DrinkVendingMachine_distributeur-01-unfolded-10_50_1.p,intuitionistic,horn,1,,5,0,3,provable,proved,,ok,horn,IMELL,2173278,32101,175.983,64,0,64,0,0,0,2048,180.000,0.384,auto,30,12.004,1073741824,0,
lltp,petri-nets/MCC,,,ERK_erk-000001_20_1.p,intuitionistic,horn,1,,5,0,3,provable,proved,,ok,horn,IMELL,86,3,0.059,0,0,0,0,0,0,2048,0.000,0.000,auto,30,0.006,1073741824,0,
lltp,petri-nets/MCC,,,ERK_erk-000010_10_1.p,intuitionistic,horn,1,,5,0,3,provable,proved,,ok,horn,IMELL,246,12,0.058,10,0,10,0,0,0,2048,0.000,0.000,auto,30,0.015,1073741824,0,
lltp,petri-nets/MCC,,,ERK_erk-000010_5_1.p,intuitionistic,horn,1,,5,0,3,provable,proved,,ok,horn,IMELL,256,12,0.052,5,0,5,0,0,0,2048,0.000,0.000,auto,30,0.015,1073741824,0,
lltp,petri-nets/MCC,,,ERK_erk-000100_20_1.p,intuitionistic,horn,1,,5,0,3,provable,proved,,ok,horn,IMELL,2026,102,0.133,20,0,20,0,0,0,2048,0.000,0.000,auto,30,0.206,1073741824,0,
lltp,petri-nets/MCC,,,ERK_erk-001000_10_1.p,intuitionistic,horn,1,,5,0,3,provable,proved,,ok,horn,IMELL,20046,1002,0.921,10,0,10,0,0,0,2048,0.000,0.015,auto,30,1.043,1073741824,0,
lltp,petri-nets/MCC,,,ERK_erk-001000_5_1.p,intuitionistic,horn,1,,5,0,3,provable,proved,,ok,horn,IMELL,20056,1002,0.863,5,0,5,0,0,0,2048,0.000,0.000,auto,30,1.033,1073741824,0,
lltp,petri-nets/MCC,,,Echo_echo-d2r11_20_1.p,intuitionistic,horn,1,,5,0,3,provable,proved,,ok,horn,IMELL,10558,5,0.998,20,0,20,0,0,0,2048,0.000,0.000,auto,30,0.104,1073741824,0,
lltp,petri-nets/MCC,,,Echo_echo-d2r15_1_1.p,intuitionistic,horn,1,,5,0,3,provable,proved,,ok,horn,IMELL,20306,5,2.046,1,0,1,0,0,0,2048,0.000,0.015,auto,30,0.180,1073741824,0,
lltp,petri-nets/MCC,,,Echo_echo-d2r19_100_1.p,intuitionistic,horn,1,,5,0,3,provable,proved,,ok,horn,IMELL,33708,5,3.883,100,0,100,0,0,0,2048,0.000,0.027,auto,30,0.388,1073741824,0,
lltp,petri-nets/MCC,,,Echo_echo-d2r19_5_1.p,intuitionistic,horn,1,,5,0,3,provable,proved,,ok,horn,IMELL,33346,5,3.449,5,0,5,0,0,0,2048,0.000,0.017,auto,30,0.317,1073741824,0,
lltp,petri-nets/MCC,,,Echo_echo-d2r9_20_1.p,intuitionistic,horn,1,,5,0,3,provable,proved,,ok,horn,IMELL,6840,5,0.725,20,0,20,0,0,0,2048,0.000,0.049,auto,30,0.079,1073741824,0,
lltp,petri-nets/MCC,,,Echo_echo-d3r3_1_1.p,intuitionistic,horn,1,,5,0,3,provable,proved,,ok,horn,IMELL,2622,6,0.309,1,0,1,0,0,0,2048,0.000,0.000,auto,30,0.029,1073741824,0,
lltp,petri-nets/MCC,,,Echo_echo-d3r5_100_1.p,intuitionistic,horn,1,,5,0,3,provable,proved,,ok,horn,IMELL,17424,7,119.084,31351,14820,16531,0,0,0,2048,110.000,0.142,auto,30,0.246,1073741824,0,
lltp,petri-nets/MCC,,,Echo_echo-d3r5_5_1.p,intuitionistic,horn,1,,5,0,3,provable,proved,,ok,horn,IMELL,17062,7,1.857,5,0,5,0,0,0,2048,0.000,0.023,auto,30,0.151,1073741824,0,
lltp,petri-nets/MCC,,,Echo_echo-d3r7_50_1.p,intuitionistic,horn,1,,5,0,3,provable,proved,,ok,horn,IMELL,52814,7,232.258,26343,9909,16434,0,0,0,2048,220.000,0.390,auto,30,0.420,1073741824,0,
lltp,petri-nets/MCC,,,Echo_echo-d4r3_20_1.p,intuitionistic,horn,1,,5,0,3,provable,proved,,ok,horn,IMELL,13156,8,1.373,20,0,20,0,0,0,2048,0.000,0.000,auto,30,0.126,1073741824,0,
lltp,petri-nets/MCC,,,Echo_echo-d5r3_1_1.p,intuitionistic,horn,1,,5,0,3,provable,proved,,ok,horn,IMELL,57798,10,5.977,1,0,1,0,0,0,2048,10.000,0.030,auto,30,0.436,1073741824,0,
lltp,petri-nets/MCC,,,EnergyBus_100_1.p,intuitionistic,horn,1,,5,0,3,provable,proved,,ok,horn,IMELL,126820,4188,7.220,9,0,9,0,0,0,2048,10.000,0.024,auto,30,0.638,1073741824,0,
lltp,petri-nets/MCC,,,Eratosthenes_eratosthenes-010_1_1.p,intuitionistic,horn,1,,5,0,3,provable,proved,,ok,horn,IMELL,80,5,0.053,1,0,1,0,0,0,2048,0.000,0.000,auto,30,0.005,1073741824,0,
lltp,petri-nets/MCC,,,Eratosthenes_eratosthenes-020_20_1.p,intuitionistic,horn,1,,5,0,3,provable,proved,,ok,horn,IMELL,214,10,0.077,11,0,11,0,0,0,2048,0.000,0.000,auto,30,0.010,1073741824,0,
lltp,petri-nets/MCC,,,Eratosthenes_eratosthenes-050_50_1.p,intuitionistic,horn,1,,5,0,3,provable,proved,,ok,horn,IMELL,774,25,0.192,34,0,34,0,0,0,2048,0.000,0.000,auto,30,0.024,1073741824,0,
lltp,petri-nets/MCC,,,Eratosthenes_eratosthenes-100_20_1.p,intuitionistic,horn,1,,5,0,3,provable,proved,,ok,horn,IMELL,2052,50,0.453,20,0,20,0,0,0,2048,0.000,0.055,auto,30,0.045,1073741824,0,
lltp,petri-nets/MCC,,,Eratosthenes_eratosthenes-200_1_1.p,intuitionistic,horn,1,,5,0,3,provable,proved,,ok,horn,IMELL,4986,100,0.495,1,0,1,0,0,0,2048,0.000,0.000,auto,30,0.088,1073741824,0,
lltp,petri-nets/MCC,,,Eratosthenes_eratosthenes-500_100_1.p,intuitionistic,horn,1,,5,0,3,provable,proved,,ok,horn,IMELL,14940,250,6.826,100,0,100,0,0,0,2048,0.000,0.032,auto,30,0.248,1073741824,0,
lltp,petri-nets/MCC,,,Eratosthenes_eratosthenes-500_5_1.p,intuitionistic,horn,1,,5,0,3,provable,proved,,ok,horn,IMELL,15130,250,1.863,5,0,5,0,0,0,2048,0.000,0.000,auto,30,0.241,1073741824,0,
lltp,petri-nets/MCC,,,FMS-100_20_1.p,intuitionistic,horn,1,,5,0,3,provable,proved,,ok,horn,IMELL,1322,102,0.116,20,0,20,0,0,0,2048,0.000,0.000,auto,30,0.072,1073741824,0,
lltp,petri-nets/MCC,,,FMS-10_1_1.p,intuitionistic,horn,1,,5,0,3,provable,proved,,ok,horn,IMELL,242,12,0.063,1,0,1,0,0,0,2048,0.000,0.000,auto,30,0.012,1073741824,0,
lltp,petri-nets/MCC,,,FMS-200_100_1.p,intuitionistic,horn,1,,5,0,3,provable,proved,,ok,horn,IMELL,2516,202,0.187,100,0,100,0,0,0,2048,0.000,0.000,auto,30,0.146,1073741824,0,
lltp,petri-nets/MCC,,,FMS-200_50_1.p,intuitionistic,horn,1,,5,0,3,provable,proved,,ok,horn,IMELL,2516,202,0.173,50,0,50,0,0,0,2048,0.000,0.000,auto,30,0.139,1073741824,0,
lltp,petri-nets/MCC,,,FMS-20_1_1.p,intuitionistic,horn,1,,5,0,3,provable,proved,,ok,horn,IMELL,362,22,0.065,1,0,1,0,0,0,2048,0.000,0.000,auto,30,0.018,1073741824,0,
lltp,petri-nets/MCC,,,FMS-2_100_1.p,intuitionistic,horn,1,,5,0,3,provable,proved,,ok,horn,IMELL,146,4,0.060,13,0,13,0,0,0,2048,0.000,0.000,auto,30,0.010,1073741824,0,
lltp,petri-nets/MCC,,,FMS-2_50_1.p,intuitionistic,horn,1,,5,0,3,provable,proved,,ok,horn,IMELL,146,4,0.062,11,0,11,0,0,0,2048,0.000,0.000,auto,30,0.009,1073741824,0,
lltp,petri-nets/MCC,,,FMS-500_1_1.p,intuitionistic,horn,1,,5,0,3,provable,proved,,ok,horn,IMELL,6122,502,0.316,1,0,1,0,0,0,2048,0.000,0.000,auto,30,0.327,1073741824,0,
lltp,petri-nets/MCC,,,FMS-50_100_1.p,intuitionistic,horn,1,,5,0,3,provable,proved,,ok,horn,IMELL,718,52,0.128,100,0,100,0,0,0,2048,0.000,0.000,auto,30,0.052,1073741824,0,
lltp,petri-nets/MCC,,,FMS-50_50_1.p,intuitionistic,horn,1,,5,0,3,provable,proved,,ok,horn,IMELL,716,52,0.098,50,0,50,0,0,0,2048,0.000,0.000,auto,30,0.043,1073741824,0,
lltp,petri-nets/MCC,,,FMS-5_20_1.p,intuitionistic,horn,1,,5,0,3,provable,proved,,ok,horn,IMELL,182,7,0.063,20,0,20,0,0,0,2048,0.000,0.000,auto,30,0.012,1073741824,0,
lltp,petri-nets/MCC,,,FlexibleBarrier_flexbar_04_a_20_1.p,intuitionistic,horn,1,,5,0,3,provable,proved,,ok,horn,IMELL,630,27,0.115,4,0,4,0,0,0,2048,0.000,0.000,auto,30,0.011,1073741824,0,
lltp,petri-nets/MCC,,,FlexibleBarrier_flexbar_04_b_1_1.p,intuitionistic,horn,1,,5,0,3,provable,proved,,ok,horn,IMELL,1490,17,0.260,1,0,1,0,0,0,2048,0.000,0.000,auto,30,0.023,1073741824,0,
lltp,petri-nets/MCC,,,FlexibleBarrier_flexbar_06_a_10_1.p,intuitionistic,horn,1,,5,0,3,provable,proved,,ok,horn,IMELL,1214,63,0.171,8,0,8,0,0,0,2048,0.000,0.000,auto,30,0.018,1073741824,0,
lltp,petri-nets/MCC,,,FlexibleBarrier_flexbar_06_b_100_1.p,intuitionistic,horn,1,,5,0,3,provable,proved,,ok,horn,IMELL,3082,37,0.473,77,1,76,0,0,0,2048,0.000,0.000,auto,30,0.051,1073741824,0,
lltp,petri-nets/MCC,,,FlexibleBarrier_flexbar_06_b_50_1.p,intuitionistic,horn,1,,5,0,3,provable,proved,,ok,horn,IMELL,3082,37,4.681,26864,13335,13529,0,0,0,2048,0.000,0.022,auto,30,0.069,1073741824,0,
lltp,petri-nets/MCC,,,FlexibleBarrier_flexbar_08_a_5_1.p,intuitionistic,horn,1,,5,0,3,provable,proved,,ok,horn,IMELL,1990,115,0.269,3,0,3,0,0,0,2048,0.000,0.000,auto,30,0.027,1073741824,0,
lltp,petri-nets/MCC,,,FlexibleBarrier_flexbar_08_b_20_1.p,intuitionistic,horn,1,,5,0,3,provable,proved,,ok,horn,IMELL,5268,65,0.843,120,5,115,0,0,0,2048,0.000,0.000,auto,30,0.068,1073741824,0,
lltp,petri-nets/MCC,,,FlexibleBarrier_flexbar_10_a_1_1.p,intuitionistic,horn,1,,5,0,3,provable,proved,,ok,horn,IMELL,2958,183,0.299,1,0,1,0,0,0,2048,0.000,0.000,auto,30,0.030,1073741824,0,
lltp,petri-nets/MCC,,,FlexibleBarrier_flexbar_10_b_10_1.p,intuitionistic,horn,1,,5,0,3,provable,proved,,ok,horn,IMELL,8060,101,1.224,10,0,10,0,0,0,2048,0.000,0.014,auto,30,0.098,1073741824,0,
lltp,petri-nets/MCC,,,FlexibleBarrier_flexbar_10_b_5_1.p,intuitionistic,horn,1,,5,0,3,provable,proved,,ok,horn,IMELL,8060,101,1.231,5,0,5,0,0,0,2048,0.000,0.000,auto,30,0.097,1073741824,0,
lltp,petri-nets/MCC,,,FlexibleBarrier_flexbar_12_a_5_1.p,intuitionistic,horn,1,,5,0,3,provable,proved,,ok,horn,IMELL,4118,267,0.390,3,0,3,0,0,0,2048,0.000,0.000,auto,30,0.045,1073741824,0,
lltp,petri-nets/MCC,,,FlexibleBarrier_flexbar_12_b_20_1.p,intuitionistic,horn,1,,5,0,3,provable,proved,,ok,horn,IMELL,11464,145,1.700,21,0,21,0,0,0,2048,0.000,0.000,auto,30,0.135,1073741824,0,
lltp,petri-nets/MCC,,,FlexibleBarrier_flexbar_14_a_1_1.p,intuitionistic,horn,1,,5,0,3,provable,proved,,ok,horn,IMELL,5470,367,0.460,1,0,1,0,0,0,2048,0.000,0.000,auto,30,0.050,1073741824,0,
lltp,petri-nets/MCC,,,FlexibleBarrier_flexbar_14_b_10_1.p,intuitionistic,horn,1,,5,0,3,provable,proved,,ok,horn,IMELL,15486,197,2.502,10,0,10,0,0,0,2048,0.000,0.027,auto,30,0.182,1073741824,0,
lltp,petri-nets/MCC,,,FlexibleBarrier_flexbar_14_b_5_1.p,intuitionistic,horn,1,,5,0,3,provable,proved,,ok,horn,IMELL,15478,197,2.454,5,0,5,0,0,0,2048,0.000,0.018,auto,30,0.181,1073741824,0,
lltp,petri-nets/MCC,,,FlexibleBarrier_flexbar_16_b_100_1.p,intuitionistic,horn,1,,5,0,3,provable,proved,,ok,horn,IMELL,20122,257,3.236,310,5,305,0,0,0,2048,0.000,0.017,auto,30,0.333,1073741824,0,
lltp,petri-nets/MCC,,,FlexibleBarrier_flexbar_16_b_50_1.p,intuitionistic,horn,1,,5,0,3,provable,proved,,ok,horn,IMELL,20104,257,3.082,95,1,94,0,0,0,2048,0.000,0.030,auto,30,0.256,1073741824,0,
lltp,petri-nets/MCC,,,FlexibleBarrier_flexbar_18_a_5_1.p,intuitionistic,horn,1,,5,0,3,provable,proved,,ok,horn,IMELL,8750,615,0.800,2,0,2,0,0,0,2048,0.000,0.048,auto,30,0.072,1073741824,0,
lltp,petri-nets/MCC,,,FlexibleBarrier_flexbar_18_b_20_1.p,intuitionistic,horn,1,,5,0,3,provable,proved,,ok,horn,IMELL,25326,325,4.141,361,1,360,0,0,0,2048,0.000,0.032,auto,30,0.293,1073741824,0,
lltp,petri-nets/MCC,,,FlexibleBarrier_flexbar_20_a_20_1.p,intuitionistic,horn,1,,5,0,3,provable,proved,,ok,horn,IMELL,10678,763,0.889,13,2,11,0,0,0,2048,0.000,0.053,auto,30,0.091,1073741824,0,
lltp,petri-nets/MCC,,,FlexibleBarrier_flexbar_20_b_1_1.p,intuitionistic,horn,1,,5,0,3,provable,proved,,ok,horn,IMELL,31154,401,5.042,1,0,1,0,0,0,2048,0.000,0.034,auto,30,0.363,1073741824,0,
lltp,petri-nets/MCC,,,FlexibleBarrier_flexbar_22_a_1_1.p,intuitionistic,horn,1,,5,0,3,provable,proved,,ok,horn,IMELL,12798,927,1.024,1,0,1,0,0,0,2048,0.000,0.000,auto,30,0.106,1073741824,0,
lltp,petri-nets/MCC,,,FlexibleBarrier_flexbar_22_b_10_1.p,intuitionistic,horn,1,,5,0,3,provable,proved,,ok,horn,IMELL,37608,485,6.394,10,0,10,0,0,0,2048,0.000,0.044,auto,30,0.513,1073741824,0,
lltp,petri-nets/MCC,,,FlexibleBarrier_flexbar_22_b_5_1.p,intuitionistic,horn,1,,5,0,3,provable,proved,,ok,horn,IMELL,37606,485,6.441,5,0,5,0,0,0,2048,10.000,0.033,auto,30,0.512,1073741824,0,
lltp,petri-nets/MCC,,,GPPP_G-PPP-1-1000_10_1.p,intuitionistic,horn,1,,5,0,3,provable,proved,,ok,horn,IMELL,36348,4005,1.769,10,0,10,0,0,0,2048,0.000,0.018,auto,30,2.111,1073741824,0,
lltp,petri-nets/MCC,,,GPPP_G-PPP-1-1000_5_1.p,intuitionistic,horn,1,,5,0,3,provable,proved,,ok,horn,IMELL,36348,4006,1.690,5,0,5,0,0,0,2048,0.000,0.016,auto,30,2.022,1073741824,0,
lltp,petri-nets/MCC,,,GPPP_G-PPP-1-100_20_1.p,intuitionistic,horn,1,,5,0,3,provable,proved,,ok,horn,IMELL,3948,405,0.219,12,0,12,0,0,0,2048,0.000,0.000,auto,30,0.207,1073741824,0,
lltp,petri-nets/MCC,,,GPPP_G-PPP-1-10_10_1.p,intuitionistic,horn,1,,5,0,3,provable,proved,,ok,horn,IMELL,708,45,0.095,10,0,10,0,0,0,2048,0.000,0.000,auto,30,0.033,1073741824,0,
lltp,petri-nets/MCC,,,GPPP_G-PPP-1-10_5_1.p,intuitionistic,horn,1,,5,0,3,provable,proved,,ok,horn,IMELL,708,46,0.089,5,0,5,0,0,0,2048,0.000,0.000,auto,30,0.033,1073741824,0,
lltp,petri-nets/MCC,,,GPPP_G-PPP-1-1_20_1.p,intuitionistic,horn,1,,5,0,3,provable,proved,,ok,horn,IMELL,386,14,0.083,16,1,15,0,0,0,2048,0.000,0.000,auto,30,0.019,1073741824,0,
lltp,petri-nets/MCC,,,GPPP_G-PPP-10-100_10_1.p,intuitionistic,horn,1,,5,0,3,provable,proved,,ok,horn,IMELL,5712,464,0.299,10,0,10,0,0,0,2048,0.000,0.000,auto,30,0.246,1073741824,0,
lltp,petri-nets/MCC,,,GPPP_G-PPP-10-100_5_1.p,intuitionistic,horn,1,,5,0,3,provable,proved,,ok,horn,IMELL,5712,469,0.274,5,0,5,0,0,0,2048,0.000,0.000,auto,30,0.259,1073741824,0,
lltp,petri-nets/MCC,,,GPPP_G-PPP-10-10_20_1.p,intuitionistic,horn,1,,5,0,3,provable,proved,,ok,horn,IMELL,2472,140,0.187,20,0,20,0,0,0,2048,0.000,0.000,auto,30,0.101,1073741824,0,
lltp,petri-nets/MCC,,,GPPP_G-PPP-100-1000_20_1.p,intuitionistic,horn,1,,5,0,3,provable,proved,,ok,horn,IMELL,55752,4684,2.865,20,0,20,0,0,0,2048,0.000,0.024,auto,30,2.965,1073741824,0,
lltp,petri-nets/MCC,,,GPPP_G-PPP-100-100_10_1.p,intuitionistic,horn,1,,5,0,3,provable,proved,,ok,horn,IMELL,23352,1400,1.044,10,0,10,0,0,0,2048,0.000,0.000,auto,30,0.911,1073741824,0,
lltp,petri-nets/MCC,,,GPPP_G-PPP-100-100_5_1.p,intuitionistic,horn,1,,5,0,3,provable,proved,,ok,horn,IMELL,23352,1400,1.016,5,0,5,0,0,0,2048,0.000,0.000,auto,30,0.929,1073741824,0,
lltp,petri-nets/MCC,,,GPPP_G-PPP-100-10_20_1.p,intuitionistic,horn,1,,5,0,3,provable,proved,,ok,horn,IMELL,20112,1400,0.884,20,0,20,0,0,0,2048,0.000,0.000,auto,30,0.759,1073741824,0,
lltp,petri-nets/MCC,,,GPPP_G-PPP-1000-1000_5_1.p,intuitionistic,horn,1,,5,0,3,provable,proved,,ok,horn,IMELL,232152,14000,10.949,5,0,5,0,0,0,2048,10.000,0.043,auto,30,9.261,1073741824,0,
lltp,petri-nets/MCC,,,GPPP_G-PPP-1000-100_20_1.p,intuitionistic,horn,1,,5,0,3,provable,proved,,ok,horn,IMELL,199752,14000,10.826,20,0,20,0,0,0,2048,20.000,0.049,auto,30,7.606,1073741824,0,
lltp,petri-nets/MCC,,,GPPP_G-PPP-1000-10_10_1.p,intuitionistic,horn,1,,5,0,3,provable,proved,,ok,horn,IMELL,196512,14000,10.311,10,0,10,0,0,0,2048,10.000,0.044,auto,30,7.423,1073741824,0,
lltp,petri-nets/MCC,,,GPPP_G-PPP-1000-10_5_1.p,intuitionistic,horn,1,,5,0,3,provable,proved,,ok,horn,IMELL,196512,14000,10.382,5,0,5,0,0,0,2048,10.000,0.036,auto,30,7.364,1073741824,0,
lltp,petri-nets/MCC,,,GlobalResAllocation_galloc_res-3_1_1.p,intuitionistic,horn,1,,5,0,3,provable,proved,,ok,horn,IMELL,119482,5910,7.025,1,0,1,0,0,0,2048,10.000,0.030,auto,30,0.615,1073741824,0,
lltp,petri-nets/MCC,,,GlobalResAllocation_galloc_res-5_100_1.p,intuitionistic,horn,1,,5,0,3,provable,proved,,ok,horn,IMELL,1428214,43210,81.073,1,0,1,0,0,0,2048,90.000,0.146,auto,30,7.037,1073741824,0,
lltp,petri-nets/MCC,,,GlobalResAllocation_galloc_res-5_5_1.p,intuitionistic,horn,1,,5,0,3,provable,proved,,ok,horn,IMELL,1428238,43210,81.152,5,0,5,0,0,0,2048,70.000,0.136,auto,30,7.108,1073741824,0,
lltp,petri-nets/MCC,,,HexagonalGrid_hxg_110_10_1.p,intuitionistic,horn,1,,5,0,3,provable,proved,,ok,horn,IMELL,406,31,0.100,11,0,11,0,0,0,2048,0.000,0.000,auto,30,0.014,1073741824,0,
lltp,petri-nets/MCC,,,HexagonalGrid_hxg_110_5_1.p,intuitionistic,horn,1,,5,0,3,provable,proved,,ok,horn,IMELL,406,32,0.078,5,0,5,0,0,0,2048,0.000,0.000,auto,30,0.011,1073741824,0,
lltp,petri-nets/MCC,,,HexagonalGrid_hxg_126_20_1.p,intuitionistic,horn,1,,5,0,3,provable,proved,,ok,horn,IMELL,454,37,0.104,20,0,20,0,0,0,2048,0.000,0.000,auto,30,0.018,1073741824,0,
lltp,petri-nets/MCC,,,HexagonalGrid_hxg_226_1_1.p,intuitionistic,horn,1,,5,0,3,provable,proved,,ok,horn,IMELL,2902,37,0.268,1,0,1,0,0,0,2048,0.000,0.000,auto,30,0.056,1073741824,0,
lltp,petri-nets/MCC,,,HexagonalGrid_hxg_316_100_1.p,intuitionistic,horn,1,,5,0,3,provable,proved,,ok,horn,IMELL,7198,42,1.488,100,0,100,0,0,0,2048,0.000,0.041,auto,30,0.155,1073741824,0,
lltp,petri-nets/MCC,,,HexagonalGrid_hxg_316_5_1.p,intuitionistic,horn,1,,5,0,3,provable,proved,,ok,horn,IMELL,7198,37,0.704,5,0,5,0,0,0,2048,0.000,0.045,auto,30,0.124,1073741824,0,
lltp,petri-nets/MCC,,,HexagonalGrid_hxg_410_50_1.p,intuitionistic,horn,1,,5,0,3,provable,proved,,ok,horn,IMELL,12934,32,1.699,50,0,50,0,0,0,2048,0.000,0.042,auto,30,0.239,1073741824,0,
lltp,petri-nets/MCC,,,HexagonalGrid_hxg_516_20_1.p,intuitionistic,horn,1,,5,0,3,provable,proved,,ok,horn,IMELL,22606,37,2.271,20,0,20,0,0,0,2048,0.000,0.016,auto,30,0.380,1073741824,0,
lltp,petri-nets/MCC,,,HexagonalGrid_hxg_816_1_1.p,intuitionistic,horn,1,,5,0,3,provable,proved,,ok,horn,IMELL,61918,37,5.769,1,0,1,0,0,0,2048,0.000,0.041,auto,30,1.074,1073741824,0,
lltp,petri-nets/MCC,,,HouseConstruction-002_10_1.p,intuitionistic,horn,1,,5,0,3,provable,proved,,ok,horn,IMELL,116,2,0.073,10,0,10,0,0,0,2048,0.000,0.000,auto,30,0.007,1073741824,0,
lltp,petri-nets/MCC,,,HouseConstruction-002_5_1.p,intuitionistic,horn,1,,5,0,3,provable,proved,,ok,horn,IMELL,114,2,0.058,5,0,5,0,0,0,2048,0.000,0.000,auto,30,0.006,1073741824,0,
lltp,petri-nets/MCC,,,HouseConstruction-005_20_1.p,intuitionistic,horn,1,,5,0,3,provable,proved,,ok,horn,IMELL,124,5,0.069,23,1,22,0,0,0,2048,0.000,0.000,auto,30,0.010,1073741824,0,
lltp,petri-nets/MCC,,,HouseConstruction-010_10_1.p,intuitionistic,horn,1,,5,0,3,provable,proved,,ok,horn,IMELL,142,10,0.060,10,0,10,0,0,0,2048,0.000,0.000,auto,30,0.008,1073741824,0,
lltp,petri-nets/MCC,,,HouseConstruction-010_5_1.p,intuitionistic,horn,1,,5,0,3,provable,proved,,ok,horn,IMELL,142,10,0.059,5,0,5,0,0,0,2048,0.000,0.000,auto,30,0.007,1073741824,0,
lltp,petri-nets/MCC,,,HouseConstruction-020_20_1.p,intuitionistic,horn,1,,5,0,3,provable,proved,,ok,horn,IMELL,182,20,0.077,20,0,20,0,0,0,2048,0.000,0.000,auto,30,0.014,1073741824,0,
lltp,petri-nets/MCC,,,HouseConstruction-050_10_1.p,intuitionistic,horn,1,,5,0,3,provable,proved,,ok,horn,IMELL,302,50,0.067,10,0,10,0,0,0,2048,0.000,0.000,auto,30,0.017,1073741824,0,
lltp,petri-nets/MCC,,,HouseConstruction-050_5_1.p,intuitionistic,horn,1,,5,0,3,provable,proved,,ok,horn,IMELL,302,50,0.069,5,0,5,0,0,0,2048,0.000,0.000,auto,30,0.017,1073741824,0,
lltp,petri-nets/MCC,,,HouseConstruction-100_20_1.p,intuitionistic,horn,1,,5,0,3,provable,proved,,ok,horn,IMELL,502,100,0.079,20,0,20,0,0,0,2048,0.000,0.000,auto,30,0.029,1073741824,0,
lltp,petri-nets/MCC,,,HouseConstruction-200_10_1.p,intuitionistic,horn,1,,5,0,3,provable,proved,,ok,horn,IMELL,902,200,0.095,10,0,10,0,0,0,2048,0.000,0.000,auto,30,0.049,1073741824,0,
lltp,petri-nets/MCC,,,HouseConstruction-200_5_1.p,intuitionistic,horn,1,,5,0,3,provable,proved,,ok,horn,IMELL,902,200,0.092,5,0,5,0,0,0,2048,0.000,0.000,auto,30,0.052,1073741824,0,
lltp,petri-nets/MCC,,,HouseConstruction-500_20_1.p,intuitionistic,horn,1,,5,0,3,provable,proved,,ok,horn,IMELL,2102,500,0.134,20,0,20,0,0,0,2048,0.000,0.000,auto,30,0.110,1073741824,0,
lltp,petri-nets/MCC,,,HypercubeGrid_hc3k4p4b12_1_1.p,intuitionistic,horn,1,,5,0,3,provable,proved,,ok,horn,IMELL,30334,43,2.456,1,0,1,0,0,0,2048,0.000,0.023,auto,30,0.712,1073741824,0,
lltp,petri-nets/MCC,,,HypercubeGrid_hc4k3p3b12_100_1.p,intuitionistic,horn,1,,5,0,3,provable,proved,,ok,horn,IMELL,58318,70,8.726,100,0,100,0,0,0,2048,10.000,0.051,auto,30,1.173,1073741824,0,
lltp,petri-nets/MCC,,,HypercubeGrid_hc4k3p3b12_5_1.p,intuitionistic,horn,1,,5,0,3,provable,proved,,ok,horn,IMELL,58318,69,5.024,5,0,5,0,0,0,2048,0.000,0.039,auto,30,1.144,1073741824,0,
lltp,petri-nets/MCC,,,HypercubeGrid_hc5k3p3b15_50_1.p,intuitionistic,horn,1,,5,0,3,provable,proved,,ok,horn,IMELL,257578,106,30.904,50,0,50,0,0,0,2048,40.000,0.067,auto,30,4.266,1073741824,0,
lltp,petri-nets/MCC,,,HypertorusGrid_ht_d2k1p8b00_1_1.p,intuitionistic,horn,1,,5,0,3,provable,proved,,ok,horn,IMELL,270,13,0.067,1,0,1,0,0,0,2048,0.000,0.000,auto,30,0.012,1073741824,0,
lltp,petri-nets/MCC,,,HypertorusGrid_ht_d2k2p1b00_100_1.p,intuitionistic,horn,1,,5,0,3,provable,proved,,ok,horn,IMELL,638,13,0.186,74,13,61,0,0,0,2048,0.000,0.000,auto,30,0.032,1073741824,0,
lltp,petri-nets/MCC,,,HypertorusGrid_ht_d2k2p1b00_5_1.p,intuitionistic,horn,1,,5,0,3,provable,proved,,ok,horn,IMELL,638,15,0.097,5,0,5,0,0,0,2048,0.000,0.000,auto,30,0.016,1073741824,0,
lltp,petri-nets/MCC,,,HypertorusGrid_ht_d2k3p2b04_50_1.p,intuitionistic,horn,1,,5,0,3,provable,proved,,ok,horn,IMELL,1726,20,0.529,122,5,117,0,0,0,2048,0.000,0.000,auto,30,0.067,1073741824,0,
lltp,petri-nets/MCC,,,HypertorusGrid_ht_d3k3p2b06_20_1.p,intuitionistic,horn,1,,5,0,3,provable,proved,,ok,horn,IMELL,10366,37,0.971,20,0,20,0,0,0,2048,0.000,0.013,auto,30,0.202,1073741824,0,
lltp,petri-nets/MCC,,,HypertorusGrid_ht_d4k3p2b08_1_1.p,intuitionistic,horn,1,,5,0,3,provable,proved,,ok,horn,IMELL,51838,65,4.529,1,0,1,0,0,0,2048,0.000,0.029,auto,30,0.880,1073741824,0,
lltp,petri-nets/MCC,,,HypertorusGrid_ht_d5k3p2b10_100_1.p,intuitionistic,horn,1,,5,0,3,provable,proved,,ok,horn,IMELL,233278,101,37.222,100,0,100,0,0,0,2048,40.000,0.070,auto,30,3.542,1073741824,0,
lltp,petri-nets/MCC,,,HypertorusGrid_ht_d5k3p2b10_5_1.p,intuitionistic,horn,1,,5,0,3,provable,proved,,ok,horn,IMELL,233278,101,22.338,5,0,5,0,0,0,2048,30.000,0.057,auto,30,3.431,1073741824,0,
lltp,petri-nets/MCC,,,IBM319_20_1.p,intuitionistic,horn,1,,5,0,3,provable,proved,,ok,horn,IMELL,1056,4,0.232,20,0,20,0,0,0,2048,0.000,0.000,auto,30,0.024,1073741824,0,
lltp,petri-nets/MCC,,,IBM5964_1_1.p,intuitionistic,horn,1,,5,0,3,provable,proved,,ok,horn,IMELL,1100,3,0.200,1,0,1,0,0,0,2048,0.000,0.000,auto,30,0.018,1073741824,0,
lltp,petri-nets/MCC,,,IBM703_100_1.p,intuitionistic,horn,1,,5,0,3,provable,proved,,ok,horn,IMELL,1148,5,0.363,1698,672,1026,0,0,0,2048,0.000,0.000,auto,30,0.038,1073741824,0,
lltp,petri-nets/MCC,,,IBM703_50_1.p,intuitionistic,horn,1,,5,0,3,provable,proved,,ok,horn,IMELL,1146,5,0.229,50,0,50,0,0,0,2048,0.000,0.000,auto,30,0.029,1073741824,0,
lltp,petri-nets/MCC,,,IBMB2S565S3960_1_1.p,intuitionistic,horn,1,,5,0,3,provable,proved,,ok,horn,IMELL,1166,7,0.230,1,0,1,0,0,0,2048,0.000,0.000,auto,30,0.021,1073741824,0,
lltp,petri-nets/MCC,,,IOTPpurchase_IOTP_c12m10p15d17_100_1.p,intuitionistic,horn,1,,5,0,3,provable,proved,,ok,horn,IMELL,714,18,2.981,9154,4929,4225,0,0,0,2048,0.000,0.045,auto,30,0.065,1073741824,0,
lltp,petri-nets/MCC,,,IOTPpurchase_IOTP_c12m10p15d17_50_1.p,intuitionistic,horn,1,,5,0,3,provable,proved,,ok,horn,IMELL,724,18,0.173,88,16,72,0,0,0,2048,0.000,0.000,auto,30,0.040,1073741824,0,
lltp,petri-nets/MCC,,,IOTPpurchase_IOTP_c1m1p1d1_1_1.p,intuitionistic,horn,1,,5,0,3,provable,proved,,ok,horn,IMELL,514,2,0.170,1,0,1,0,0,0,2048,0.000,0.038,auto,30,0.011,1073741824,0,
lltp,petri-nets/MCC,,,IOTPpurchase_IOTP_c3m3p3d3_100_1.p,intuitionistic,horn,1,,5,0,3,provable,proved,,ok,horn,IMELL,554,4,0.151,85,9,76,0,0,0,2048,0.000,0.000,auto,30,0.033,1073741824,0,
lltp,petri-nets/MCC,,,IOTPpurchase_IOTP_c3m3p3d3_50_1.p,intuitionistic,horn,1,,5,0,3,provable,proved,,ok,horn,IMELL,554,4,0.144,78,9,69,0,0,0,2048,0.000,0.000,auto,30,0.033,1073741824,0,
lltp,petri-nets/MCC,,,IOTPpurchase_IOTP_c5m4p3d2_1_1.p,intuitionistic,horn,1,,5,0,3,provable,proved,,ok,horn,IMELL,554,6,0.101,1,0,1,0,0,0,2048,0.000,0.000,auto,30,0.013,1073741824,0,
lltp,petri-nets/MCC,,,JoinFreeModules_joinFree-100_100_1.p,intuitionistic,horn,1,,5,0,3,provable,proved,,ok,horn,IMELL,91206,203,5.447,100,0,100,0,0,0,2048,0.000,0.026,auto,30,2.449,1073741824,0,
lltp,petri-nets/MCC,,,JoinFreeModules_joinFree-100_5_1.p,intuitionistic,horn,1,,5,0,3,provable,proved,,ok,horn,IMELL,91206,203,4.799,5,0,5,0,0,0,2048,0.000,0.034,auto,30,2.369,1073741824,0,
lltp,petri-nets/MCC,,,JoinFreeModules_joinFree-10_50_1.p,intuitionistic,horn,1,,5,0,3,provable,unknown,memory_limit,,horn,IMELL,1926,23,4036.439,7979810,6508657,1471153,0,0,0,2048,4020.000,4.107,auto,30,,1073741824,0,
lltp,petri-nets/MCC,,,JoinFreeModules_joinFree-20_20_1.p,intuitionistic,horn,1,,5,0,3,provable,proved,,ok,horn,IMELL,5446,43,0.351,20,0,20,0,0,0,2048,0.000,0.000,auto,30,0.121,1073741824,0,
lltp,petri-nets/MCC,,,JoinFreeModules_joinFree-3_10_1.p,intuitionistic,horn,1,,5,0,3,provable,proved,,ok,horn,IMELL,414,13,0.083,10,0,10,0,0,0,2048,0.000,0.000,auto,30,0.012,1073741824,0,
lltp,petri-nets/MCC,,,JoinFreeModules_joinFree-3_5_1.p,intuitionistic,horn,1,,5,0,3,provable,proved,,ok,horn,IMELL,414,11,0.071,5,0,5,0,0,0,2048,0.000,0.000,auto,30,0.010,1073741824,0,
lltp,petri-nets/MCC,,,JoinFreeModules_joinFree-4_5_1.p,intuitionistic,horn,1,,5,0,3,provable,proved,,ok,horn,IMELL,582,11,0.092,5,0,5,0,0,0,2048,0.000,0.000,auto,30,0.014,1073741824,0,
lltp,petri-nets/MCC,,,JoinFreeModules_joinFree-50_50_1.p,intuitionistic,horn,1,,5,0,3,provable,proved,,ok,horn,IMELL,25606,103,1.412,50,0,50,0,0,0,2048,0.000,0.000,auto,30,0.618,1073741824,0,
lltp,petri-nets/MCC,,,JoinFreeModules_joinFree-5_20_1.p,intuitionistic,horn,1,,5,0,3,provable,proved,,ok,horn,IMELL,766,13,0.106,18,0,18,0,0,0,2048,0.000,0.000,auto,30,0.018,1073741824,0,
lltp,petri-nets/MCC,,,Kanban-1000_1_1.p,intuitionistic,horn,1,,5,0,3,provable,proved,,ok,horn,IMELL,16078,1001,0.778,1,0,1,0,0,0,2048,0.000,0.051,auto,30,0.926,1073741824,0,
lltp,petri-nets/MCC,,,Kanban-100_100_1.p,intuitionistic,horn,1,,5,0,3,provable,proved,,ok,horn,IMELL,1678,102,0.167,100,0,100,0,0,0,2048,0.000,0.000,auto,30,0.109,1073741824,0,
lltp,petri-nets/MCC,,,Kanban-100_50_1.p,intuitionistic,horn,1,,5,0,3,provable,proved,,ok,horn,IMELL,1678,101,0.135,50,0,50,0,0,0,2048,0.000,0.000,auto,30,0.098,1073741824,0,
lltp,petri-nets/MCC,,,Kanban-10_20_1.p,intuitionistic,horn,1,,5,0,3,provable,proved,,ok,horn,IMELL,238,11,0.059,20,0,20,0,0,0,2048,0.000,0.000,auto,30,0.015,1073741824,0,
lltp,petri-nets/MCC,,,Kanban-200_1_1.p,intuitionistic,horn,1,,5,0,3,provable,proved,,ok,horn,IMELL,3278,201,0.178,1,0,1,0,0,0,2048,0.000,0.000,auto,30,0.179,1073741824,0,
lltp,petri-nets/MCC,,,Kanban-20_10_1.p,intuitionistic,horn,1,,5,0,3,provable,proved,,ok,horn,IMELL,398,21,0.063,10,0,10,0,0,0,2048,0.000,0.000,auto,30,0.022,1073741824,0,
lltp,petri-nets/MCC,,,Kanban-500_100_1.p,intuitionistic,horn,1,,5,0,3,provable,proved,,ok,horn,IMELL,8078,501,0.393,100,0,100,0,0,0,2048,0.000,0.000,auto,30,0.444,1073741824,0,
lltp,petri-nets/MCC,,,Kanban-500_50_1.p,intuitionistic,horn,1,,5,0,3,provable,proved,,ok,horn,IMELL,8078,501,0.390,50,0,50,0,0,0,2048,0.000,0.000,auto,30,0.529,1073741824,0,
lltp,petri-nets/MCC,,,Kanban-50_20_1.p,intuitionistic,horn,1,,5,0,3,provable,proved,,ok,horn,IMELL,878,51,0.082,20,0,20,0,0,0,2048,0.000,0.000,auto,30,0.047,1073741824,0,
lltp,petri-nets/MCC,,,Kanban-5_1_1.p,intuitionistic,horn,1,,5,0,3,provable,proved,,ok,horn,IMELL,158,6,0.047,1,0,1,0,0,0,2048,0.000,0.000,auto,30,0.010,1073741824,0,
lltp,petri-nets/MCC,,,LamportFastMutEx_lamport_fmea-2_100_1.p,intuitionistic,horn,1,,5,0,3,provable,proved,,ok,horn,IMELL,826,22,0.202,354,155,199,0,0,0,2048,0.000,0.000,auto,30,0.021,1073741824,0,
lltp,petri-nets/MCC,,,LamportFastMutEx_lamport_fmea-2_50_1.p,intuitionistic,horn,1,,5,0,3,provable,proved,,ok,horn,IMELL,826,22,0.208,354,155,199,0,0,0,2048,0.000,0.000,auto,30,0.022,1073741824,0,
lltp,petri-nets/MCC,,,LamportFastMutEx_lamport_fmea-3_1_1.p,intuitionistic,horn,1,,5,0,3,provable,proved,,ok,horn,IMELL,1358,33,0.169,1,0,1,0,0,0,2048,0.000,0.000,auto,30,0.016,1073741824,0,
lltp,petri-nets/MCC,,,LamportFastMutEx_lamport_fmea-4_100_1.p,intuitionistic,horn,1,,5,0,3,provable,proved,,ok,horn,IMELL,2018,46,0.921,2377,1118,1259,0,0,0,2048,0.000,0.000,auto,30,0.042,1073741824,0,
lltp,petri-nets/MCC,,,LamportFastMutEx_lamport_fmea-4_50_1.p,intuitionistic,horn,1,,5,0,3,provable,proved,,ok,horn,IMELL,2018,46,1.367,3850,1857,1993,0,0,0,2048,0.000,0.047,auto,30,0.043,1073741824,0,
lltp,petri-nets/MCC,,,LamportFastMutEx_lamport_fmea-5_1_1.p,intuitionistic,horn,1,,5,0,3,provable,proved,,ok,horn,IMELL,2806,61,0.308,1,0,1,0,0,0,2048,0.000,0.000,auto,30,0.027,1073741824,0,
lltp,petri-nets/MCC,,,LamportFastMutEx_lamport_fmea-6_100_1.p,intuitionistic,horn,1,,5,0,3,provable,proved,,ok,horn,IMELL,3722,78,103.382,324986,226026,98960,0,0,0,2048,100.000,0.118,auto,30,0.303,1073741824,0,
lltp,petri-nets/MCC,,,LamportFastMutEx_lamport_fmea-6_50_1.p,intuitionistic,horn,1,,5,0,3,provable,proved,,ok,horn,IMELL,3722,78,6.205,14862,8718,6144,0,0,0,2048,0.000,0.067,auto,30,0.077,1073741824,0,
lltp,petri-nets/MCC,,,LamportFastMutEx_lamport_fmea-7_1_1.p,intuitionistic,horn,1,,5,0,3,provable,proved,,ok,horn,IMELL,4766,97,0.485,1,0,1,0,0,0,2048,0.000,0.000,auto,30,0.043,1073741824,0,
lltp,petri-nets/MCC,,,LamportFastMutEx_lamport_fmea-8_100_1.p,intuitionistic,horn,1,,5,0,3,provable,proved,,ok,horn,IMELL,5938,118,84.186,182732,117342,65390,0,0,0,2048,80.000,0.128,auto,30,0.135,1073741824,0,
lltp,petri-nets/MCC,,,LamportFastMutEx_lamport_fmea-8_50_1.p,intuitionistic,horn,1,,5,0,3,provable,proved,,ok,horn,IMELL,5938,118,159.018,402685,294189,108496,0,0,0,2048,150.000,0.840,auto,30,0.116,1073741824,0,
lltp,petri-nets/MCC,,,MAPK-160_1_1.p,intuitionistic,horn,1,,5,0,3,provable,proved,,ok,horn,IMELL,3056,162,0.184,1,0,1,0,0,0,2048,0.000,0.000,auto,30,0.156,1073741824,0,
lltp,petri-nets/MCC,,,MAPK-20_100_1.p,intuitionistic,horn,1,,5,0,3,provable,proved,,ok,horn,IMELL,526,22,0.085,9,1,8,0,0,0,2048,0.000,0.000,auto,30,0.025,1073741824,0,
lltp,petri-nets/MCC,,,MAPK-20_50_1.p,intuitionistic,horn,1,,5,0,3,provable,proved,,ok,horn,IMELL,526,22,0.087,10,0,10,0,0,0,2048,0.000,0.000,auto,30,0.025,1073741824,0,
lltp,petri-nets/MCC,,,MAPK-320_1_1.p,intuitionistic,horn,1,,5,0,3,provable,proved,,ok,horn,IMELL,5936,322,0.278,1,0,1,0,0,0,2048,0.000,0.000,auto,30,0.283,1073741824,0,
lltp,petri-nets/MCC,,,MAPK-40_100_1.p,intuitionistic,horn,1,,5,0,3,provable,proved,,ok,horn,IMELL,878,42,0.089,12,0,12,0,0,0,2048,0.000,0.000,auto,30,0.041,1073741824,0,
lltp,petri-nets/MCC,,,MAPK-40_50_1.p,intuitionistic,horn,1,,5,0,3,provable,proved,,ok,horn,IMELL,878,42,0.092,13,1,12,0,0,0,2048,0.000,0.000,auto,30,0.041,1073741824,0,
lltp,petri-nets/MCC,,,MAPK-80_1_1.p,intuitionistic,horn,1,,5,0,3,provable,proved,,ok,horn,IMELL,1616,82,0.114,1,0,1,0,0,0,2048,0.000,0.000,auto,30,0.082,1073741824,0,
lltp,petri-nets/MCC,,,MAPK-8_10_1.p,intuitionistic,horn,1,,5,0,3,provable,proved,,ok,horn,IMELL,322,10,0.067,2,0,2,0,0,0,2048,0.000,0.000,auto,30,0.013,1073741824,0,
lltp,petri-nets/MCC,,,MAPK-8_5_1.p,intuitionistic,horn,1,,5,0,3,provable,proved,,ok,horn,IMELL,320,10,0.065,3,0,3,0,0,0,2048,0.000,0.000,auto,30,0.013,1073741824,0,
lltp,petri-nets/MCC,,,MultiwaySync_50_1.p,intuitionistic,horn,1,,5,0,3,provable,proved,,ok,horn,IMELL,3044,167,0.529,91,11,80,0,0,0,2048,0.000,0.046,auto,30,0.047,1073741824,0,
lltp,petri-nets/MCC,,,NeighborGrid_z_2d_3n_1m_c_1_2_1_1.p,intuitionistic,horn,1,,5,0,3,provable,proved,,ok,horn,IMELL,194,9,0.055,1,0,1,0,0,0,2048,0.000,0.000,auto,30,0.006,1073741824,0,
lltp,petri-nets/MCC,,,NeighborGrid_z_2d_3n_1m_t_1_2_10_1.p,intuitionistic,horn,1,,5,0,3,provable,proved,,ok,horn,IMELL,322,11,0.095,5,0,5,0,0,0,2048,0.000,0.000,auto,30,0.009,1073741824,0,
lltp,petri-nets/MCC,,,NeighborGrid_z_2d_3n_1m_t_1_2_5_1.p,intuitionistic,horn,1,,5,0,3,provable,proved,,ok,horn,IMELL,322,11,0.091,5,0,5,0,0,0,2048,0.000,0.000,auto,30,0.009,1073741824,0,
lltp,petri-nets/MCC,,,NeighborGrid_z_4d_3n_2m_c_2_3_1_1.p,intuitionistic,horn,1,,5,0,3,provable,proved,,ok,horn,IMELL,7174,58,0.829,1,0,1,0,0,0,2048,0.000,0.000,auto,30,0.106,1073741824,0,
lltp,petri-nets/MCC,,,NeighborGrid_z_5d_4n_1m_t_3_5_20_1.p,intuitionistic,horn,1,,5,0,3,provable,proved,,ok,horn,IMELL,790526,197,310.431,16,0,16,0,0,0,2048,310.000,0.606,auto,30,11.195,1073741824,0,
lltp,petri-nets/MCC,,,NeoElection_neoelection-2.unf_20_1.p,intuitionistic,horn,1,,5,0,3,provable,proved,,ok,horn,IMELL,4046,117,0.416,20,0,20,0,0,0,2048,0.000,0.000,auto,30,0.045,1073741824,0,
lltp,petri-nets/MCC,,,NeoElection_neoelection-3.unf_10_1.p,intuitionistic,horn,1,,5,0,3,provable,proved,,ok,horn,IMELL,11782,268,1.071,10,0,10,0,0,0,2048,0.000,0.000,auto,30,0.122,1073741824,0,
lltp,petri-nets/MCC,,,NeoElection_neoelection-3.unf_5_1.p,intuitionistic,horn,1,,5,0,3,provable,proved,,ok,horn,IMELL,11778,268,1.081,5,0,5,0,0,0,2048,0.000,0.000,auto,30,0.099,1073741824,0,
lltp,petri-nets/MCC,,,NeoElection_neoelection-4.unf_20_1.p,intuitionistic,horn,1,,5,0,3,provable,proved,,ok,horn,IMELL,27304,515,2.562,20,0,20,0,0,0,2048,0.000,0.031,auto,30,0.227,1073741824,0,
lltp,petri-nets/MCC,,,NeoElection_neoelection-5.unf_10_1.p,intuitionistic,horn,1,,5,0,3,provable,proved,,ok,horn,IMELL,54572,882,4.906,10,0,10,0,0,0,2048,10.000,0.021,auto,30,0.430,1073741824,0,
lltp,petri-nets/MCC,,,NeoElection_neoelection-5.unf_5_1.p,intuitionistic,horn,1,,5,0,3,provable,proved,,ok,horn,IMELL,54564,882,5.019,5,0,5,0,0,0,2048,0.000,0.022,auto,30,0.465,1073741824,0,
lltp,petri-nets/MCC,,,NeoElection_neoelection-6.unf_20_1.p,intuitionistic,horn,1,,5,0,3,provable,proved,,ok,horn,IMELL,98422,1393,7.881,20,0,20,0,0,0,2048,0.000,0.028,auto,30,0.709,1073741824,0,
lltp,petri-nets/MCC,,,NeoElection_neoelection-7.unf_10_1.p,intuitionistic,horn,1,,5,0,3,provable,proved,,ok,horn,IMELL,164394,2072,14.882,10,0,10,0,0,0,2048,20.000,0.042,auto,30,1.269,1073741824,0,
lltp,petri-nets/MCC,,,NeoElection_neoelection-7.unf_5_1.p,intuitionistic,horn,1,,5,0,3,provable,proved,,ok,horn,IMELL,164384,2072,15.013,5,0,5,0,0,0,2048,20.000,0.047,auto,30,1.191,1073741824,0,
lltp,petri-nets/MCC,,,NeoElection_neoelection-8.unf_20_1.p,intuitionistic,horn,1,,5,0,3,provable,proved,,ok,horn,IMELL,258998,2943,21.740,20,0,20,0,0,0,2048,10.000,0.127,auto,30,1.701,1073741824,0,
lltp,petri-nets/MCC,,,PaceMaker_1_1.p,intuitionistic,horn,1,,5,0,3,provable,proved,,ok,horn,IMELL,844834,17457,36.793,1,0,1,0,0,0,2048,40.000,0.067,auto,30,6.462,1073741824,0,
lltp,petri-nets/MCC,,,ParamProductionCell_closed_system1_100_1.p,intuitionistic,horn,1,,5,0,3,provable,proved,,ok,horn,IMELL,1832,16,0.325,140,18,122,0,0,0,2048,0.000,0.000,auto,30,0.064,1073741824,0,
lltp,petri-nets/MCC,,,ParamProductionCell_closed_system1_50_1.p,intuitionistic,horn,1,,5,0,3,provable,proved,,ok,horn,IMELL,1832,16,0.272,50,0,50,0,0,0,2048,0.000,0.000,auto,30,0.045,1073741824,0,
lltp,petri-nets/MCC,,,ParamProductionCell_closed_system2_1_1.p,intuitionistic,horn,1,,5,0,3,provable,proved,,ok,horn,IMELL,1832,16,0.213,1,0,1,0,0,0,2048,0.000,0.000,auto,30,0.026,1073741824,0,
lltp,petri-nets/MCC,,,ParamProductionCell_closed_system3_100_1.p,intuitionistic,horn,1,,5,0,3,provable,proved,,ok,horn,IMELL,1826,16,0.343,238,60,178,0,0,0,2048,0.000,0.000,auto,30,0.138,1073741824,0,
lltp,petri-nets/MCC,,,ParamProductionCell_closed_system3_50_1.p,intuitionistic,horn,1,,5,0,3,provable,proved,,ok,horn,IMELL,1826,16,0.265,63,5,58,0,0,0,2048,0.000,0.000,auto,30,0.045,1073741824,0,
lltp,petri-nets/MCC,,,ParamProductionCell_closed_system4_1_1.p,intuitionistic,horn,1,,5,0,3,provable,proved,,ok,horn,IMELL,1832,16,0.216,1,0,1,0,0,0,2048,0.000,0.000,auto,30,0.024,1073741824,0,
lltp,petri-nets/MCC,,,ParamProductionCell_closed_system5_100_1.p,intuitionistic,horn,1,,5,0,3,provable,proved,,ok,horn,IMELL,1828,16,33.578,71011,41718,29293,0,0,0,2048,30.000,0.081,auto,30,0.122,1073741824,0,
lltp,petri-nets/MCC,,,ParamProductionCell_closed_system5_50_1.p,intuitionistic,horn,1,,5,0,3,provable,proved,,ok,horn,IMELL,1822,16,0.287,62,1,61,0,0,0,2048,0.000,0.000,auto,30,0.043,1073741824,0,
lltp,petri-nets/MCC,,,ParamProductionCell_open_system_0_1_1.p,intuitionistic,horn,1,,5,0,3,provable,proved,,ok,horn,IMELL,1586,16,0.195,1,0,1,0,0,0,2048,0.000,0.000,auto,30,0.023,1073741824,0,
lltp,petri-nets/MCC,,,Parking_parking_1_4_100_1.p,intuitionistic,horn,1,,5,0,3,provable,proved,,ok,horn,IMELL,598,11,0.120,12,0,12,0,0,0,2048,0.000,0.000,auto,30,0.015,1073741824,0,
lltp,petri-nets/MCC,,,Parking_parking_1_4_50_1.p,intuitionistic,horn,1,,5,0,3,provable,proved,,ok,horn,IMELL,598,11,0.130,19,0,19,0,0,0,2048,0.000,0.000,auto,30,0.020,1073741824,0,
lltp,petri-nets/MCC,,,Parking_parking_2_8_50_1.p,intuitionistic,horn,1,,5,0,3,provable,proved,,ok,horn,IMELL,1250,11,0.212,56,4,52,0,0,0,2048,0.000,0.000,auto,30,0.030,1073741824,0,
lltp,petri-nets/MCC,,,Parking_parking_4_16_20_1.p,intuitionistic,horn,1,,5,0,3,provable,proved,,ok,horn,IMELL,2722,11,0.346,20,0,20,0,0,0,2048,0.000,0.000,auto,30,0.047,1073741824,0,
lltp,petri-nets/MCC,,,Parking_parking_4_32_1_1.p,intuitionistic,horn,1,,5,0,3,provable,proved,,ok,horn,IMELL,4898,19,0.530,1,0,1,0,0,0,2048,0.000,0.000,auto,30,0.072,1073741824,0,
lltp,petri-nets/MCC,,,Parking_parking_8_32_100_1.p,intuitionistic,horn,1,,5,0,3,provable,unknown,memory_limit,,horn,IMELL,6338,11,3887.930,2403142,1638208,764934,0,0,0,2048,3870.000,4.298,auto,30,,1073741824,0,
lltp,petri-nets/MCC,,,Parking_parking_8_32_5_1.p,intuitionistic,horn,1,,5,0,3,provable,proved,,ok,horn,IMELL,6338,11,0.840,5,0,5,0,0,0,2048,0.000,0.054,auto,30,0.104,1073741824,0,
lltp,petri-nets/MCC,,,Parking_parking_8_64_50_1.p,intuitionistic,horn,1,,5,0,3,provable,proved,,ok,horn,IMELL,10690,19,4.016,552,0,552,0,0,0,2048,0.000,0.024,auto,30,0.164,1073741824,0,
lltp,petri-nets/MCC,,,PermAdmissibility_unf-8x8-4stageSEN-01_20_1.p,intuitionistic,horn,1,,5,0,3,provable,proved,,ok,horn,IMELL,7008,64,3.909,8418,0,8418,0,0,0,2048,0.000,0.015,auto,30,0.060,1073741824,0,
lltp,petri-nets/MCC,,,PermAdmissibility_unf-8x8-4stageSEN-02_20_1.p,intuitionistic,horn,1,,5,0,3,provable,proved,,ok,horn,IMELL,7046,66,10.901,17422,1018,16404,0,0,0,2048,0.000,0.027,auto,30,0.061,1073741824,0,
lltp,petri-nets/MCC,,,PermAdmissibility_unf-8x8-4stageSEN-05_10_1.p,intuitionistic,horn,1,,5,0,3,provable,proved,,ok,horn,IMELL,7154,64,0.616,10,0,10,0,0,0,2048,0.000,0.000,auto,30,0.115,1073741824,0,
lltp,petri-nets/MCC,,,PermAdmissibility_unf-8x8-4stageSEN-05_5_1.p,intuitionistic,horn,1,,5,0,3,provable,proved,,ok,horn,IMELL,7154,64,0.597,5,0,5,0,0,0,2048,0.000,0.000,auto,30,0.062,1073741824,0,
lltp,petri-nets/MCC,,,PermAdmissibility_unf-8x8-4stageSEN-10_20_1.p,intuitionistic,horn,1,,5,0,3,provable,proved,,ok,horn,IMELL,7334,64,0.590,20,0,20,0,0,0,2048,0.000,0.000,auto,30,0.075,1073741824,0,
lltp,petri-nets/MCC,,,PermAdmissibility_unf-8x8-4stageSEN-20_10_1.p,intuitionistic,horn,1,,5,0,3,provable,proved,,ok,horn,IMELL,7694,64,0.594,10,0,10,0,0,0,2048,0.000,0.000,auto,30,0.088,1073741824,0,
lltp,petri-nets/MCC,,,PermAdmissibility_unf-8x8-4stageSEN-20_5_1.p,intuitionistic,horn,1,,5,0,3,provable,proved,,ok,horn,IMELL,7694,64,0.600,5,0,5,0,0,0,2048,0.000,0.000,auto,30,0.090,1073741824,0,
lltp,petri-nets/MCC,,,PermAdmissibility_unf-8x8-4stageSEN-50_20_1.p,intuitionistic,horn,1,,5,0,3,provable,proved,,ok,horn,IMELL,8774,64,0.745,20,0,20,0,0,0,2048,0.000,0.045,auto,30,0.147,1073741824,0,
lltp,petri-nets/MCC,,,Peterson-2_10_1.p,intuitionistic,horn,1,,5,0,3,provable,proved,,ok,horn,IMELL,798,7,0.274,722,417,305,0,0,0,2048,0.000,0.000,auto,30,0.018,1073741824,0,
lltp,petri-nets/MCC,,,Peterson-2_5_1.p,intuitionistic,horn,1,,5,0,3,provable,proved,,ok,horn,IMELL,798,7,0.169,149,72,77,0,0,0,2048,0.000,0.000,auto,30,0.016,1073741824,0,
lltp,petri-nets/MCC,,,Peterson-3_20_1.p,intuitionistic,horn,1,,5,0,3,provable,proved,,ok,horn,IMELL,2074,11,19.737,70262,48190,22072,0,0,0,2048,10.000,0.140,auto,30,0.049,1073741824,0,
lltp,petri-nets/MCC,,,Peterson-4_10_1.p,intuitionistic,horn,1,,5,0,3,provable,proved,,ok,horn,IMELL,4294,18,5.085,10326,6670,3656,0,0,0,2048,0.000,0.055,auto,30,0.056,1073741824,0,
lltp,petri-nets/MCC,,,Peterson-4_5_1.p,intuitionistic,horn,1,,5,0,3,provable,proved,,ok,horn,IMELL,4294,18,0.605,45,10,35,0,0,0,2048,0.000,0.000,auto,30,0.103,1073741824,0,
lltp,petri-nets/MCC,,,Peterson-5_20_1.p,intuitionistic,horn,1,,5,0,3,provable,unknown,timeout,,horn,IMELL,7722,27,5017.582,12145742,9527067,2618675,0,0,0,2048,5000.000,5.075,auto,30,,1073741824,0,
lltp,petri-nets/MCC,,,Peterson-6_10_1.p,intuitionistic,horn,1,,5,0,3,provable,proved,,ok,horn,IMELL,12622,38,2.538,1094,543,551,0,0,0,2048,0.000,0.018,auto,30,0.162,1073741824,0,
lltp,petri-nets/MCC,,,Peterson-6_5_1.p,intuitionistic,horn,1,,5,0,3,provable,proved,,ok,horn,IMELL,12622,38,1.816,45,10,35,0,0,0,2048,0.000,0.019,auto,30,0.152,1073741824,0,
lltp,petri-nets/MCC,,,Peterson-7_20_1.p,intuitionistic,horn,1,,5,0,3,provable,unknown,timeout,,horn,IMELL,19258,51,5012.710,8006790,6170354,1836436,0,0,0,2048,4990.000,4.299,auto,30,,1073741824,0,
lltp,petri-nets/MCC,,,PhaseVariation_10-100_phaseVariation_1_1.p,intuitionistic,horn,1,,5,0,3,provable,proved,,ok,horn,IMELL,45114,3237,3.008,1,0,1,0,0,0,2048,0.000,0.019,auto,30,0.296,1073741824,0,
lltp,petri-nets/MCC,,,PhaseVariation_10-10_phaseVariation_100_1.p,intuitionistic,horn,1,,5,0,3,provable,proved,,ok,horn,IMELL,44476,3147,3.612,64,0,64,0,0,0,2048,0.000,0.016,auto,30,0.334,1073741824,0,
lltp,petri-nets/MCC,,,PhaseVariation_10-10_phaseVariation_5_1.p,intuitionistic,horn,1,,5,0,3,provable,proved,,ok,horn,IMELL,44362,3147,3.155,5,0,5,0,0,0,2048,0.000,0.018,auto,30,0.266,1073741824,0,
lltp,petri-nets/MCC,,,PhaseVariation_2-100_phaseVariation_10_1.p,intuitionistic,horn,1,,5,0,3,provable,proved,,ok,horn,IMELL,1740,165,0.151,10,0,10,0,0,0,2048,0.000,0.000,auto,30,0.041,1073741824,0,
lltp,petri-nets/MCC,,,PhaseVariation_2-100_phaseVariation_5_1.p,intuitionistic,horn,1,,5,0,3,provable,proved,,ok,horn,IMELL,1730,165,0.139,5,0,5,0,0,0,2048,0.000,0.000,auto,30,0.037,1073741824,0,
lltp,petri-nets/MCC,,,PhaseVariation_2-10_phaseVariation_5_1.p,intuitionistic,horn,1,,5,0,3,provable,proved,,ok,horn,IMELL,1002,75,0.102,5,0,5,0,0,0,2048,0.000,0.000,auto,30,0.015,1073741824,0,
lltp,petri-nets/MCC,,,PhaseVariation_20-100_phaseVariation_50_1.p,intuitionistic,horn,1,,5,0,3,provable,proved,,ok,horn,IMELL,190492,13557,15.176,50,0,50,0,0,0,2048,10.000,0.041,auto,30,1.250,1073741824,0,
lltp,petri-nets/MCC,,,PhaseVariation_20-10_phaseVariation_20_1.p,intuitionistic,horn,1,,5,0,3,provable,proved,,ok,horn,IMELL,190072,13467,14.022,20,0,20,0,0,0,2048,10.000,0.038,auto,30,1.202,1073741824,0,
lltp,petri-nets/MCC,,,PhaseVariation_30-100_phaseVariation_50_1.p,intuitionistic,horn,1,,5,0,3,provable,proved,,ok,horn,IMELL,437772,31077,38.020,50,0,50,0,0,0,2048,40.000,0.075,auto,30,3.006,1073741824,0,
lltp,petri-nets/MCC,,,PhaseVariation_30-10_phaseVariation_20_1.p,intuitionistic,horn,1,,5,0,3,provable,proved,,ok,horn,IMELL,437352,30987,35.313,20,0,20,0,0,0,2048,30.000,0.069,auto,30,3.067,1073741824,0,
lltp,petri-nets/MCC,,,PhaseVariation_5-100_phaseVariation_1_1.p,intuitionistic,horn,1,,5,0,3,provable,proved,,ok,horn,IMELL,10374,777,0.657,1,0,1,0,0,0,2048,0.000,0.000,auto,30,0.084,1073741824,0,
lltp,petri-nets/MCC,,,PhaseVariation_5-10_phaseVariation_1_1.p,intuitionistic,horn,1,,5,0,3,provable,proved,,ok,horn,IMELL,9614,687,0.627,1,0,1,0,0,0,2048,0.000,0.000,auto,30,0.058,1073741824,0,
lltp,petri-nets/MCC,,,Philosophers-10000_100_1.p,intuitionistic,horn,1,,5,0,3,provable,proved,,ok,horn,IMELL,399798,5,112.934,100,0,100,0,0,0,2048,110.000,0.154,auto,30,6.952,1073741824,0,
lltp,petri-nets/MCC,,,Philosophers-10000_5_1.p,intuitionistic,horn,1,,5,0,3,provable,proved,,ok,horn,IMELL,399988,5,49.830,5,0,5,0,0,0,2048,50.000,0.098,auto,30,6.768,1073741824,0,
lltp,petri-nets/MCC,,,Philosophers-1000_50_1.p,intuitionistic,horn,1,,5,0,3,provable,proved,,ok,horn,IMELL,39898,5,7.350,50,0,50,0,0,0,2048,10.000,0.020,auto,30,0.719,1073741824,0,
lltp,petri-nets/MCC,,,Philosophers-100_20_1.p,intuitionistic,horn,1,,5,0,3,provable,proved,,ok,horn,IMELL,3958,5,0.521,20,0,20,0,0,0,2048,0.000,0.000,auto,30,0.087,1073741824,0,
lltp,petri-nets/MCC,,,Philosophers-10_10_1.p,intuitionistic,horn,1,,5,0,3,provable,proved,,ok,horn,IMELL,384,5,0.095,7,0,7,0,0,0,2048,0.000,0.000,auto,30,0.012,1073741824,0,
lltp,petri-nets/MCC,,,Philosophers-10_5_1.p,intuitionistic,horn,1,,5,0,3,provable,proved,,ok,horn,IMELL,388,5,0.090,5,0,5,0,0,0,2048,0.000,0.000,auto,30,0.011,1073741824,0,
lltp,petri-nets/MCC,,,Philosophers-2000_50_1.p,intuitionistic,horn,1,,5,0,3,provable,proved,,ok,horn,IMELL,79898,5,15.152,50,0,50,0,0,0,2048,20.000,0.103,auto,30,1.363,1073741824,0,
lltp,petri-nets/MCC,,,Philosophers-200_20_1.p,intuitionistic,horn,1,,5,0,3,provable,proved,,ok,horn,IMELL,7958,5,1.042,20,0,20,0,0,0,2048,0.000,0.013,auto,30,0.156,1073741824,0,
lltp,petri-nets/MCC,,,Philosophers-20_20_1.p,intuitionistic,horn,1,,5,0,3,provable,proved,,ok,horn,IMELL,758,4,0.143,20,0,20,0,0,0,2048,0.000,0.000,auto,30,0.021,1073741824,0,
lltp,petri-nets/MCC,,,Philosophers-5000_20_1.p,intuitionistic,horn,1,,5,0,3,provable,proved,,ok,horn,IMELL,199958,5,29.133,20,0,20,0,0,0,2048,20.000,0.120,auto,30,3.314,1073741824,0,
lltp,petri-nets/MCC,,,Philosophers-500_1_1.p,intuitionistic,horn,1,,5,0,3,provable,proved,,ok,horn,IMELL,19996,5,2.256,1,0,1,0,0,0,2048,0.000,0.019,auto,30,0.351,1073741824,0,
lltp,petri-nets/MCC,,,Philosophers-50_1_1.p,intuitionistic,horn,1,,5,0,3,provable,proved,,ok,horn,IMELL,1996,5,0.242,1,0,1,0,0,0,2048,0.000,0.000,auto,30,0.044,1073741824,0,
lltp,petri-nets/MCC,,,Philosophers-5_100_1.p,intuitionistic,horn,1,,5,0,3,provable,proved,,ok,horn,IMELL,196,5,0.060,1,0,1,0,0,0,2048,0.000,0.000,auto,30,0.007,1073741824,0,
lltp,petri-nets/MCC,,,Philosophers-5_50_1.p,intuitionistic,horn,1,,5,0,3,provable,proved,,ok,horn,IMELL,194,5,0.061,2,0,2,0,0,0,2048,0.000,0.000,auto,30,0.007,1073741824,0,
lltp,petri-nets/MCC,,,PhilosophersDyn_philo_dyn-10-unfolded_5_1.p,intuitionistic,horn,1,,5,0,3,provable,proved,,ok,horn,IMELL,36888,312,14.178,4262,2110,2152,0,0,0,2048,10.000,0.046,auto,30,0.231,1073741824,0,
lltp,petri-nets/MCC,,,PhilosophersDyn_philo_dyn-3-unfolded_100_1.p,intuitionistic,horn,1,,5,0,3,provable,proved,,ok,horn,IMELL,1206,32,0.152,4,0,4,0,0,0,2048,0.000,0.000,auto,30,0.015,1073741824,0,
lltp,petri-nets/MCC,,,PhilosophersDyn_philo_dyn-3-unfolded_50_1.p,intuitionistic,horn,1,,5,0,3,provable,proved,,ok,horn,IMELL,1200,31,0.227,266,148,118,0,0,0,2048,0.000,0.000,auto,30,0.015,1073741824,0,
lltp,petri-nets/MCC,,,Planning_planning_20_1.p,intuitionistic,horn,1,,5,0,3,provable,proved,,ok,horn,IMELL,1590,18,0.196,16,0,16,0,0,0,2048,0.000,0.000,auto,30,0.035,1073741824,0,
lltp,petri-nets/MCC,,,PolyORBLF_PolyORB-LF-S02-J04-T06-unfolded_10_1.p,intuitionistic,horn,1,,5,0,3,provable,proved,,ok,horn,IMELL,14714,1214,1.293,10,0,10,0,0,0,2048,0.000,0.017,auto,30,0.119,1073741824,0,
lltp,petri-nets/MCC,,,PolyORBLF_PolyORB-LF-S02-J04-T06-unfolded_5_1.p,intuitionistic,horn,1,,5,0,3,provable,proved,,ok,horn,IMELL,14712,1214,1.328,5,0,5,0,0,0,2048,0.000,0.016,auto,30,0.123,1073741824,0,
lltp,petri-nets/MCC,,,PolyORBLF_PolyORB-LF-S02-J04-T08-unfolded_20_1.p,intuitionistic,horn,1,,5,0,3,provable,proved,,ok,horn,IMELL,19722,1618,1.789,20,0,20,0,0,0,2048,0.000,0.013,auto,30,0.150,1073741824,0,
lltp,petri-nets/MCC,,,PolyORBLF_PolyORB-LF-S02-J04-T10-unfolded_10_1.p,intuitionistic,horn,1,,5,0,3,provable,proved,,ok,horn,IMELL,24804,2022,2.206,10,0,10,0,0,0,2048,0.000,0.000,auto,30,0.184,1073741824,0,
lltp,petri-nets/MCC,,,PolyORBLF_PolyORB-LF-S02-J04-T10-unfolded_5_1.p,intuitionistic,horn,1,,5,0,3,provable,proved,,ok,horn,IMELL,24800,2022,2.183,5,0,5,0,0,0,2048,0.000,0.000,auto,30,0.182,1073741824,0,
lltp,petri-nets/MCC,,,PolyORBLF_PolyORB-LF-S02-J06-T06-unfolded_20_1.p,intuitionistic,horn,1,,5,0,3,provable,proved,,ok,horn,IMELL,15988,1223,1.515,28,2,26,0,0,0,2048,0.000,0.025,auto,30,0.135,1073741824,0,
lltp,petri-nets/MCC,,,PolyORBLF_PolyORB-LF-S02-J06-T08-unfolded_10_1.p,intuitionistic,horn,1,,5,0,3,provable,proved,,ok,horn,IMELL,21392,1618,1.976,10,0,10,0,0,0,2048,0.000,0.016,auto,30,0.163,1073741824,0,
lltp,petri-nets/MCC,,,PolyORBLF_PolyORB-LF-S02-J06-T08-unfolded_5_1.p,intuitionistic,horn,1,,5,0,3,provable,proved,,ok,horn,IMELL,21388,1618,1.947,5,0,5,0,0,0,2048,0.000,0.014,auto,30,0.161,1073741824,0,
lltp,petri-nets/MCC,,,PolyORBLF_PolyORB-LF-S02-J06-T10-unfolded_20_1.p,intuitionistic,horn,1,,5,0,3,provable,proved,,ok,horn,IMELL,26908,2031,2.435,28,2,26,0,0,0,2048,0.000,0.000,auto,30,0.224,1073741824,0,
lltp,petri-nets/MCC,,,PolyORBLF_PolyORB-LF-S04-J04-T06-unfolded_10_1.p,intuitionistic,horn,1,,5,0,3,provable,proved,,ok,horn,IMELL,86636,12892,5.221,10,0,10,0,0,0,2048,0.000,0.020,auto,30,0.399,1073741824,0,
lltp,petri-nets/MCC,,,PolyORBLF_PolyORB-LF-S04-J04-T06-unfolded_5_1.p,intuitionistic,horn,1,,5,0,3,provable,proved,,ok,horn,IMELL,86632,12892,5.047,5,0,5,0,0,0,2048,10.000,0.019,auto,30,0.402,1073741824,0,
lltp,petri-nets/MCC,,,PolyORBLF_PolyORB-LF-S04-J04-T08-unfolded_20_1.p,intuitionistic,horn,1,,5,0,3,provable,proved,,ok,horn,IMELL,115606,17188,7.396,20,0,20,0,0,0,2048,10.000,0.027,auto,30,0.598,1073741824,0,
lltp,petri-nets/MCC,,,PolyORBLF_PolyORB-LF-S04-J04-T10-unfolded_10_1.p,intuitionistic,horn,1,,5,0,3,provable,proved,,ok,horn,IMELL,144644,21484,8.574,10,0,10,0,0,0,2048,10.000,0.031,auto,30,0.699,1073741824,0,
lltp,petri-nets/MCC,,,PolyORBLF_PolyORB-LF-S04-J04-T10-unfolded_5_1.p,intuitionistic,horn,1,,5,0,3,provable,proved,,ok,horn,IMELL,144640,21484,8.728,5,0,5,0,0,0,2048,0.000,0.029,auto,30,0.697,1073741824,0,
lltp,petri-nets/MCC,,,PolyORBLF_PolyORB-LF-S04-J06-T06-unfolded_20_1.p,intuitionistic,horn,1,,5,0,3,provable,proved,,ok,horn,IMELL,88282,12892,52.089,36980,20576,16404,0,0,0,2048,50.000,0.073,auto,30,0.412,1073741824,0,
lltp,petri-nets/MCC,,,PolyORBLF_PolyORB-LF-S04-J06-T08-unfolded_10_1.p,intuitionistic,horn,1,,5,0,3,provable,proved,,ok,horn,IMELL,117784,17188,7.785,10,0,10,0,0,0,2048,10.000,0.026,auto,30,0.618,1073741824,0,
lltp,petri-nets/MCC,,,PolyORBLF_PolyORB-LF-S04-J06-T08-unfolded_5_1.p,intuitionistic,horn,1,,5,0,3,provable,proved,,ok,horn,IMELL,117780,17188,7.827,5,0,5,0,0,0,2048,10.000,0.027,auto,30,0.586,1073741824,0,
lltp,petri-nets/MCC,,,PolyORBLF_PolyORB-LF-S04-J06-T10-unfolded_20_1.p,intuitionistic,horn,1,,5,0,3,provable,proved,,ok,horn,IMELL,147378,21484,9.104,20,0,20,0,0,0,2048,0.000,0.030,auto,30,0.716,1073741824,0,
lltp,petri-nets/MCC,,,PolyORBLF_PolyORB-LF-S06-J04-T04-unfolded_1_1.p,intuitionistic,horn,1,,5,0,3,provable,proved,,ok,horn,IMELL,241346,38535,13.312,1,0,1,0,0,0,2048,20.000,0.051,auto,30,1.005,1073741824,0,
lltp,petri-nets/MCC,,,PolyORBLF_PolyORB-LF-S06-J04-T06-unfolded_1_1.p,intuitionistic,horn,1,,5,0,3,provable,proved,,ok,horn,IMELL,361998,57795,20.272,1,0,1,0,0,0,2048,30.000,0.051,auto,30,1.515,1073741824,0,
lltp,petri-nets/MCC,,,PolyORBLF_PolyORB-LF-S06-J04-T08-unfolded_1_1.p,intuitionistic,horn,1,,5,0,3,provable,proved,,ok,horn,IMELL,482730,77055,28.258,1,0,1,0,0,0,2048,40.000,0.101,auto,30,1.991,1073741824,0,
lltp,petri-nets/MCC,,,PolyORBLF_PolyORB-LF-S06-J06-T04-unfolded_1_1.p,intuitionistic,horn,1,,5,0,3,provable,proved,,ok,horn,IMELL,242698,38535,14.118,1,0,1,0,0,0,2048,10.000,0.041,auto,30,0.964,1073741824,0,
lltp,petri-nets/MCC,,,PolyORBLF_PolyORB-LF-S06-J06-T06-unfolded_1_1.p,intuitionistic,horn,1,,5,0,3,provable,proved,,ok,horn,IMELL,364022,57795,20.069,1,0,1,0,0,0,2048,20.000,0.049,auto,30,1.463,1073741824,0,
lltp,petri-nets/MCC,,,PolyORBLF_PolyORB-LF-S06-J06-T08-unfolded_1_1.p,intuitionistic,horn,1,,5,0,3,provable,proved,,ok,horn,IMELL,485426,77055,27.024,1,0,1,0,0,0,2048,20.000,0.054,auto,30,2.109,1073741824,0,
lltp,petri-nets/MCC,,,PolyORBNT_PolyORB-NT-S05-J20-unfolded_1_1.p,intuitionistic,horn,1,,5,0,3,provable,proved,,ok,horn,IMELL,33374,4884,2.062,1,0,1,0,0,0,2048,0.000,0.000,auto,30,0.164,1073741824,0,
lltp,petri-nets/MCC,,,PolyORBNT_PolyORB-NT-S05-J30-unfolded_1_1.p,intuitionistic,horn,1,,5,0,3,provable,proved,,ok,horn,IMELL,35294,4884,2.285,1,0,1,0,0,0,2048,0.000,0.000,auto,30,0.179,1073741824,0,
lltp,petri-nets/MCC,,,PolyORBNT_PolyORB-NT-S05-J40-unfolded_1_1.p,intuitionistic,horn,1,,5,0,3,provable,proved,,ok,horn,IMELL,37214,4884,2.592,1,0,1,0,0,0,2048,0.000,0.027,auto,30,0.198,1073741824,0,
lltp,petri-nets/MCC,,,PolyORBNT_PolyORB-NT-S05-J60-unfolded_1_1.p,intuitionistic,horn,1,,5,0,3,provable,proved,,ok,horn,IMELL,41054,4884,3.042,1,0,1,0,0,0,2048,0.000,0.017,auto,30,0.249,1073741824,0,
lltp,petri-nets/MCC,,,PolyORBNT_PolyORB-NT-S05-J80-unfolded_1_1.p,intuitionistic,horn,1,,5,0,3,provable,proved,,ok,horn,IMELL,44894,4884,3.459,1,0,1,0,0,0,2048,0.000,0.023,auto,30,0.272,1073741824,0,
lltp,petri-nets/MCC,,,PolyORBNT_PolyORB-NT-S10-J20-unfolded_1_1.p,intuitionistic,horn,1,,5,0,3,provable,proved,,ok,horn,IMELL,424004,67909,22.385,1,0,1,0,0,0,2048,20.000,0.089,auto,30,1.716,1073741824,0,
lltp,petri-nets/MCC,,,PolyORBNT_PolyORB-NT-S10-J30-unfolded_1_1.p,intuitionistic,horn,1,,5,0,3,provable,proved,,ok,horn,IMELL,426924,67909,23.002,1,0,1,0,0,0,2048,20.000,0.068,auto,30,1.710,1073741824,0,
lltp,petri-nets/MCC,,,PolyORBNT_PolyORB-NT-S10-J40-unfolded_1_1.p,intuitionistic,horn,1,,5,0,3,provable,proved,,ok,horn,IMELL,429844,67909,23.678,1,0,1,0,0,0,2048,30.000,0.050,auto,30,1.772,1073741824,0,
lltp,petri-nets/MCC,,,PolyORBNT_PolyORB-NT-S10-J60-unfolded_1_1.p,intuitionistic,horn,1,,5,0,3,provable,proved,,ok,horn,IMELL,435684,67909,23.811,1,0,1,0,0,0,2048,10.000,0.053,auto,30,1.907,1073741824,0,
lltp,petri-nets/MCC,,,PolyORBNT_PolyORB-NT-S10-J80-unfolded_1_1.p,intuitionistic,horn,1,,5,0,3,provable,proved,,ok,horn,IMELL,441524,67909,25.164,1,0,1,0,0,0,2048,20.000,0.061,auto,30,1.869,1073741824,0,
lltp,petri-nets/MCC,,,ProductionCell_10_1.p,intuitionistic,horn,1,,5,0,3,provable,proved,,ok,horn,IMELL,1076,13,0.213,14,1,13,0,0,0,2048,0.000,0.000,auto,30,0.023,1073741824,0,
lltp,petri-nets/MCC,,,ProductionCell_5_1.p,intuitionistic,horn,1,,5,0,3,provable,proved,,ok,horn,IMELL,1076,13,0.187,5,0,5,0,0,0,2048,0.000,0.000,auto,30,0.020,1073741824,0,
lltp,petri-nets/MCC,,,QuasiCertifProtocol_QCertifProtocol_02-unfold_5_1.p,intuitionistic,horn,1,,5,0,3,provable,proved,,ok,horn,IMELL,480,21,0.110,27,6,21,0,0,0,2048,0.000,0.000,auto,30,0.012,1073741824,0,
lltp,petri-nets/MCC,,,QuasiCertifProtocol_QCertifProtocol_06-unfold_50_1.p,intuitionistic,horn,1,,5,0,3,provable,proved,,ok,horn,IMELL,1494,49,941.407,2455446,1963378,492068,0,0,0,2048,930.000,0.935,auto,30,0.064,1073741824,0,
lltp,petri-nets/MCC,,,QuasiCertifProtocol_QCertifProtocol_10-unfold_20_1.p,intuitionistic,horn,1,,5,0,3,provable,proved,,ok,horn,IMELL,2698,77,0.489,765,496,269,0,0,0,2048,0.000,0.000,auto,30,0.033,1073741824,0,
lltp,petri-nets/MCC,,,QuasiCertifProtocol_QCertifProtocol_18-unfold_50_1.p,intuitionistic,horn,1,,5,0,3,provable,unknown,timeout,,horn,IMELL,6450,133,5013.520,10831134,9474865,1356269,0,0,0,2048,4990.000,4.616,auto,30,,1073741824,0,
lltp,petri-nets/MCC,,,QuasiCertifProtocol_QCertifProtocol_22-unfold_50_1.p,intuitionistic,horn,1,,5,0,3,provable,unknown,timeout,,horn,IMELL,8904,161,5013.808,10050079,8836001,1214078,0,0,0,2048,4990.000,4.114,auto,30,,1073741824,0,
lltp,petri-nets/MCC,,,QuasiCertifProtocol_QCertifProtocol_28-unfold_50_1.p,intuitionistic,horn,1,,5,0,3,provable,unknown,timeout,,horn,IMELL,13302,203,5011.370,8599933,7660672,939261,0,0,0,2048,4990.000,4.082,auto,30,,1073741824,0,
lltp,petri-nets/MCC,,,QuasiCertifProtocol_QCertifProtocol_32-unfold_50_1.p,intuitionistic,horn,1,,5,0,3,provable,proved,,ok,horn,IMELL,16716,231,1.674,35,0,35,0,0,0,2048,0.000,0.020,auto,30,0.101,1073741824,0,
lltp,petri-nets/MCC,,,Raft_raft_02_1_1.p,intuitionistic,horn,1,,5,0,3,provable,proved,,ok,horn,IMELL,332,17,0.080,1,0,1,0,0,0,2048,0.000,0.000,auto,30,0.008,1073741824,0,
lltp,petri-nets/MCC,,,Raft_raft_03_10_1.p,intuitionistic,horn,1,,5,0,3,provable,proved,,ok,horn,IMELL,680,23,0.112,1,0,1,0,0,0,2048,0.000,0.000,auto,30,0.012,1073741824,0,
lltp,petri-nets/MCC,,,Raft_raft_04_1_1.p,intuitionistic,horn,1,,5,0,3,provable,proved,,ok,horn,IMELL,1164,31,0.174,1,0,1,0,0,0,2048,0.000,0.000,auto,30,0.018,1073741824,0,
lltp,petri-nets/MCC,,,Raft_raft_05_1_1.p,intuitionistic,horn,1,,5,0,3,provable,proved,,ok,horn,IMELL,1784,39,0.214,1,0,1,0,0,0,2048,0.000,0.000,auto,30,0.026,1073741824,0,
lltp,petri-nets/MCC,,,Raft_raft_06_1_1.p,intuitionistic,horn,1,,5,0,3,provable,proved,,ok,horn,IMELL,2540,47,0.284,1,0,1,0,0,0,2048,0.000,0.000,auto,30,0.033,1073741824,0,
lltp,petri-nets/MCC,,,Raft_raft_07_100_1.p,intuitionistic,horn,1,,5,0,3,provable,proved,,ok,horn,IMELL,3432,55,0.444,46,1,45,0,0,0,2048,0.000,0.000,auto,30,0.052,1073741824,0,
lltp,petri-nets/MCC,,,Raft_raft_07_5_1.p,intuitionistic,horn,1,,5,0,3,provable,proved,,ok,horn,IMELL,3432,55,0.352,5,0,5,0,0,0,2048,0.000,0.000,auto,30,0.043,1073741824,0,
lltp,petri-nets/MCC,,,Raft_raft_08_50_1.p,intuitionistic,horn,1,,5,0,3,provable,proved,,ok,horn,IMELL,4460,63,0.688,50,0,50,0,0,0,2048,0.000,0.000,auto,30,0.067,1073741824,0,
lltp,petri-nets/MCC,,,Raft_raft_09_20_1.p,intuitionistic,horn,1,,5,0,3,provable,proved,,ok,horn,IMELL,5624,71,0.657,20,0,20,0,0,0,2048,0.000,0.000,auto,30,0.067,1073741824,0,
lltp,petri-nets/MCC,,,Raft_raft_10_1_1.p,intuitionistic,horn,1,,5,0,3,provable,proved,,ok,horn,IMELL,6924,79,0.662,1,0,1,0,0,0,2048,0.000,0.000,auto,30,0.073,1073741824,0,
lltp,petri-nets/MCC,,,Railroad_railroad-005-pt_100_1.p,intuitionistic,horn,1,,5,0,3,provable,proved,,ok,horn,IMELL,682,36,0.096,1,0,1,0,0,0,2048,0.000,0.000,auto,30,0.012,1073741824,0,
lltp,petri-nets/MCC,,,Railroad_railroad-005-pt_50_1.p,intuitionistic,horn,1,,5,0,3,provable,proved,,ok,horn,IMELL,684,36,0.096,6,0,6,0,0,0,2048,0.000,0.000,auto,30,0.014,1073741824,0,
lltp,petri-nets/MCC,,,Railroad_railroad-010-pt_1_1.p,intuitionistic,horn,1,,5,0,3,provable,proved,,ok,horn,IMELL,1892,121,0.180,1,0,1,0,0,0,2048,0.000,0.000,auto,30,0.022,1073741824,0,
lltp,petri-nets/MCC,,,Railroad_railroad-020-pt_10_1.p,intuitionistic,horn,1,,5,0,3,provable,proved,,ok,horn,IMELL,6106,441,0.455,15,0,15,0,0,0,2048,0.000,0.000,auto,30,0.055,1073741824,0,
lltp,petri-nets/MCC,,,Railroad_railroad-050-pt_100_1.p,intuitionistic,horn,1,,5,0,3,provable,proved,,ok,horn,IMELL,33170,2600,2.300,3,0,3,0,0,0,2048,0.000,0.000,auto,30,0.213,1073741824,0,
lltp,petri-nets/MCC,,,Railroad_railroad-050-pt_50_1.p,intuitionistic,horn,1,,5,0,3,provable,proved,,ok,horn,IMELL,33174,2601,2.436,7,0,7,0,0,0,2048,0.000,0.018,auto,30,0.218,1073741824,0,
lltp,petri-nets/MCC,,,Railroad_railroad-100-pt_20_1.p,intuitionistic,horn,1,,5,0,3,provable,proved,,ok,horn,IMELL,126262,10201,10.347,20,0,20,0,0,0,2048,10.000,0.030,auto,30,0.865,1073741824,0,
lltp,petri-nets/MCC,,,Referendum_referendum-unfolded-1000_1_1.p,intuitionistic,horn,1,,5,0,3,provable,proved,,ok,horn,IMELL,12002,3,1.618,1,0,1,0,0,0,2048,0.000,0.019,auto,30,0.294,1073741824,0,
lltp,petri-nets/MCC,,,Referendum_referendum-unfolded-100_100_1.p,intuitionistic,horn,1,,5,0,3,provable,proved,,ok,horn,IMELL,1202,3,0.460,100,0,100,0,0,0,2048,0.000,0.000,auto,30,0.053,1073741824,0,
lltp,petri-nets/MCC,,,Referendum_referendum-unfolded-100_5_1.p,intuitionistic,horn,1,,5,0,3,provable,proved,,ok,horn,IMELL,1202,3,0.195,5,0,5,0,0,0,2048,0.000,0.000,auto,30,0.038,1073741824,0,
lltp,petri-nets/MCC,,,Referendum_referendum-unfolded-10_5_1.p,intuitionistic,horn,1,,5,0,3,provable,proved,,ok,horn,IMELL,122,3,0.063,5,0,5,0,0,0,2048,0.000,0.000,auto,30,0.007,1073741824,0,
lltp,petri-nets/MCC,,,Referendum_referendum-unfolded-15_5_1.p,intuitionistic,horn,1,,5,0,3,provable,proved,,ok,horn,IMELL,182,3,0.071,5,0,5,0,0,0,2048,0.000,0.000,auto,30,0.008,1073741824,0,
lltp,petri-nets/MCC,,,Referendum_referendum-unfolded-200_50_1.p,intuitionistic,horn,1,,5,0,3,provable,proved,,ok,horn,IMELL,2402,3,0.674,50,0,50,0,0,0,2048,0.000,0.000,auto,30,0.078,1073741824,0,
lltp,petri-nets/MCC,,,Referendum_referendum-unfolded-20_50_1.p,intuitionistic,horn,1,,5,0,3,provable,proved,,ok,horn,IMELL,242,2,0.085,21,0,21,0,0,0,2048,0.000,0.000,auto,30,0.012,1073741824,0,
lltp,petri-nets/MCC,,,Referendum_referendum-unfolded-500_20_1.p,intuitionistic,horn,1,,5,0,3,provable,proved,,ok,horn,IMELL,6002,3,1.102,20,0,20,0,0,0,2048,0.000,0.000,auto,30,0.155,1073741824,0,
lltp,petri-nets/MCC,,,Referendum_referendum-unfolded-50_1_1.p,intuitionistic,horn,1,,5,0,3,provable,proved,,ok,horn,IMELL,602,3,0.104,1,0,1,0,0,0,2048,0.000,0.000,auto,30,0.020,1073741824,0,
lltp,petri-nets/MCC,,,ResAllocation_RAS-C-100_100_1.p,intuitionistic,horn,1,,5,0,3,provable,proved,,ok,horn,IMELL,4588,3,0.797,102,0,102,0,0,0,2048,0.000,0.000,auto,30,0.141,1073741824,0,
lltp,petri-nets/MCC,,,ResAllocation_RAS-C-100_5_1.p,intuitionistic,horn,1,,5,0,3,provable,proved,,ok,horn,IMELL,4776,3,0.464,5,0,5,0,0,0,2048,0.000,0.000,auto,30,0.086,1073741824,0,
lltp,petri-nets/MCC,,,ResAllocation_RAS-C-10_50_1.p,intuitionistic,horn,1,,5,0,3,provable,proved,,ok,horn,IMELL,444,3,0.101,20,0,20,0,0,0,2048,0.000,0.000,auto,30,0.018,1073741824,0,
lltp,petri-nets/MCC,,,ResAllocation_RAS-C-15_20_1.p,intuitionistic,horn,1,,5,0,3,provable,proved,,ok,horn,IMELL,678,3,0.213,147,16,131,0,0,0,2048,0.000,0.000,auto,30,0.031,1073741824,0,
lltp,petri-nets/MCC,,,ResAllocation_RAS-C-20_20_1.p,intuitionistic,horn,1,,5,0,3,provable,proved,,ok,horn,IMELL,908,3,0.141,22,0,22,0,0,0,2048,0.000,0.000,auto,30,0.023,1073741824,0,
lltp,petri-nets/MCC,,,ResAllocation_RAS-C-3_10_1.p,intuitionistic,horn,1,,5,0,3,provable,proved,,ok,horn,IMELL,124,3,0.051,6,0,6,0,0,0,2048,0.000,0.000,auto,30,0.007,1073741824,0,
lltp,petri-nets/MCC,,,ResAllocation_RAS-C-3_5_1.p,intuitionistic,horn,1,,5,0,3,provable,proved,,ok,horn,IMELL,126,3,0.055,36,12,24,0,0,0,2048,0.000,0.000,auto,30,0.007,1073741824,0,
lltp,petri-nets/MCC,,,ResAllocation_RAS-C-50_50_1.p,intuitionistic,horn,1,,5,0,3,provable,proved,,ok,horn,IMELL,2288,3,0.332,52,0,52,0,0,0,2048,0.000,0.000,auto,30,0.054,1073741824,0,
lltp,petri-nets/MCC,,,ResAllocation_RAS-C-5_1_1.p,intuitionistic,horn,1,,5,0,3,provable,proved,,ok,horn,IMELL,224,3,0.056,1,0,1,0,0,0,2048,0.000,0.000,auto,30,0.007,1073741824,0,
lltp,petri-nets/MCC,,,ResAllocation_RAS-R-100_100_1.p,intuitionistic,horn,1,,5,0,3,provable,proved,,ok,horn,IMELL,2772,3,56.892,43481,26997,16484,0,0,0,2048,50.000,0.094,auto,30,0.124,1073741824,0,
lltp,petri-nets/MCC,,,ResAllocation_RAS-R-100_50_1.p,intuitionistic,horn,1,,5,0,3,provable,proved,,ok,horn,IMELL,2780,3,56.633,43218,26784,16434,0,0,0,2048,50.000,0.137,auto,30,0.095,1073741824,0,
lltp,petri-nets/MCC,,,ResAllocation_RAS-R-10_1_1.p,intuitionistic,horn,1,,5,0,3,provable,proved,,ok,horn,IMELL,276,3,0.070,1,0,1,0,0,0,2048,0.000,0.000,auto,30,0.008,1073741824,0,
lltp,petri-nets/MCC,,,ResAllocation_RAS-R-15_100_1.p,intuitionistic,horn,1,,5,0,3,provable,proved,,ok,horn,IMELL,392,3,14.118,54736,38252,16484,0,0,0,2048,10.000,0.090,auto,30,0.060,1073741824,0,
lltp,petri-nets/MCC,,,ResAllocation_RAS-R-15_50_1.p,intuitionistic,horn,1,,5,0,3,provable,proved,,ok,horn,IMELL,400,3,14.525,54413,37979,16434,0,0,0,2048,10.000,0.063,auto,30,0.037,1073741824,0,
lltp,petri-nets/MCC,,,ResAllocation_RAS-R-20_1_1.p,intuitionistic,horn,1,,5,0,3,provable,proved,,ok,horn,IMELL,556,3,0.093,1,0,1,0,0,0,2048,0.000,0.000,auto,30,0.016,1073741824,0,
lltp,petri-nets/MCC,,,ResAllocation_RAS-R-2_100_1.p,intuitionistic,horn,1,,5,0,3,provable,proved,,ok,horn,IMELL,52,3,0.034,1,0,1,0,0,0,2048,0.000,0.000,auto,30,0.003,1073741824,0,
lltp,petri-nets/MCC,,,ResAllocation_RAS-R-2_50_1.p,intuitionistic,horn,1,,5,0,3,provable,proved,,ok,horn,IMELL,52,3,0.039,8,2,6,0,0,0,2048,0.000,0.000,auto,30,0.004,1073741824,0,
lltp,petri-nets/MCC,,,ResAllocation_RAS-R-3_1_1.p,intuitionistic,horn,1,,5,0,3,provable,proved,,ok,horn,IMELL,80,3,0.040,1,0,1,0,0,0,2048,0.000,0.000,auto,30,0.005,1073741824,0,
lltp,petri-nets/MCC,,,ResAllocation_RAS-R-50_100_1.p,intuitionistic,horn,1,,5,0,3,provable,proved,,ok,horn,IMELL,1372,3,33.399,48585,32101,16484,0,0,0,2048,30.000,0.108,auto,30,0.092,1073741824,0,
lltp,petri-nets/MCC,,,ResAllocation_RAS-R-50_50_1.p,intuitionistic,horn,1,,5,0,3,provable,proved,,ok,horn,IMELL,1380,3,33.501,48275,31841,16434,0,0,0,2048,30.000,0.080,auto,30,0.065,1073741824,0,
lltp,petri-nets/MCC,,,ResAllocation_RAS-R-5_1_1.p,intuitionistic,horn,1,,5,0,3,provable,proved,,ok,horn,IMELL,136,3,0.056,1,0,1,0,0,0,2048,0.000,0.000,auto,30,0.007,1073741824,0,
lltp,petri-nets/MCC,,,Ring_ring_100_1.p,intuitionistic,horn,1,,5,0,3,provable,proved,,ok,horn,IMELL,1038,5,7.681,13938,9010,4928,0,0,0,2048,0.000,0.053,auto,30,0.055,1073741824,0,
lltp,petri-nets/MCC,,,Ring_ring_50_1.p,intuitionistic,horn,1,,5,0,3,provable,proved,,ok,horn,IMELL,1040,5,13.415,25724,17475,8249,0,0,0,2048,10.000,0.068,auto,30,0.043,1073741824,0,
lltp,petri-nets/MCC,,,RobotManipulation_robot-manipulation-1000_1_1.p,intuitionistic,horn,1,,5,0,3,provable,proved,,ok,horn,IMELL,24072,2002,0.990,1,0,1,0,0,0,2048,0.000,0.000,auto,30,1.326,1073741824,0,
lltp,petri-nets/MCC,,,RobotManipulation_robot-manipulation-100_100_1.p,intuitionistic,horn,1,,5,0,3,provable,proved,,ok,horn,IMELL,2420,202,0.177,100,0,100,0,0,0,2048,0.000,0.000,auto,30,0.147,1073741824,0,
lltp,petri-nets/MCC,,,RobotManipulation_robot-manipulation-100_50_1.p,intuitionistic,horn,1,,5,0,3,provable,proved,,ok,horn,IMELL,2468,202,0.131,8,0,8,0,0,0,2048,0.000,0.000,auto,30,0.201,1073741824,0,
lltp,petri-nets/MCC,,,RobotManipulation_robot-manipulation-10_1_1.p,intuitionistic,horn,1,,5,0,3,provable,proved,,ok,horn,IMELL,312,22,0.048,1,0,1,0,0,0,2048,0.000,0.000,auto,30,0.017,1073741824,0,
lltp,petri-nets/MCC,,,RobotManipulation_robot-manipulation-1_100_1.p,intuitionistic,horn,1,,5,0,3,provable,proved,,ok,horn,IMELL,92,4,0.042,4,0,4,0,0,0,2048,0.000,0.000,auto,30,0.005,1073741824,0,
lltp,petri-nets/MCC,,,RobotManipulation_robot-manipulation-1_50_1.p,intuitionistic,horn,1,,5,0,3,provable,proved,,ok,horn,IMELL,92,4,0.046,8,0,8,0,0,0,2048,0.000,0.000,auto,30,0.006,1073741824,0,
lltp,petri-nets/MCC,,,RobotManipulation_robot-manipulation-2000_1_1.p,intuitionistic,horn,1,,5,0,3,provable,proved,,ok,horn,IMELL,48072,4002,2.294,1,0,1,0,0,0,2048,0.000,0.000,auto,30,2.826,1073741824,0,
lltp,petri-nets/MCC,,,RobotManipulation_robot-manipulation-200_100_1.p,intuitionistic,horn,1,,5,0,3,provable,proved,,ok,horn,IMELL,4820,402,0.254,100,0,100,0,0,0,2048,0.000,0.000,auto,30,0.261,1073741824,0,
lltp,petri-nets/MCC,,,RobotManipulation_robot-manipulation-200_50_1.p,intuitionistic,horn,1,,5,0,3,provable,proved,,ok,horn,IMELL,4868,402,0.212,8,0,8,0,0,0,2048,0.000,0.000,auto,30,0.244,1073741824,0,
lltp,petri-nets/MCC,,,RobotManipulation_robot-manipulation-20_1_1.p,intuitionistic,horn,1,,5,0,3,provable,proved,,ok,horn,IMELL,552,42,0.059,1,0,1,0,0,0,2048,0.000,0.000,auto,30,0.028,1073741824,0,
lltp,petri-nets/MCC,,,RobotManipulation_robot-manipulation-2_100_1.p,intuitionistic,horn,1,,5,0,3,provable,proved,,ok,horn,IMELL,116,6,0.049,4,0,4,0,0,0,2048,0.000,0.000,auto,30,0.007,1073741824,0,
lltp,petri-nets/MCC,,,RobotManipulation_robot-manipulation-2_50_1.p,intuitionistic,horn,1,,5,0,3,provable,proved,,ok,horn,IMELL,116,6,0.051,8,0,8,0,0,0,2048,0.000,0.000,auto,30,0.008,1073741824,0,
lltp,petri-nets/MCC,,,RobotManipulation_robot-manipulation-500_1_1.p,intuitionistic,horn,1,,5,0,3,provable,proved,,ok,horn,IMELL,12072,1002,0.521,1,0,1,0,0,0,2048,0.000,0.000,auto,30,0.665,1073741824,0,
lltp,petri-nets/MCC,,,RobotManipulation_robot-manipulation-50_100_1.p,intuitionistic,horn,1,,5,0,3,provable,proved,,ok,horn,IMELL,1220,102,0.128,100,0,100,0,0,0,2048,0.000,0.000,auto,30,0.080,1073741824,0,
lltp,petri-nets/MCC,,,RobotManipulation_robot-manipulation-50_50_1.p,intuitionistic,horn,1,,5,0,3,provable,proved,,ok,horn,IMELL,1268,102,0.090,8,0,8,0,0,0,2048,0.000,0.000,auto,30,0.065,1073741824,0,
lltp,petri-nets/MCC,,,RobotManipulation_robot-manipulation-5_1_1.p,intuitionistic,horn,1,,5,0,3,provable,proved,,ok,horn,IMELL,192,12,0.043,1,0,1,0,0,0,2048,0.000,0.000,auto,30,0.010,1073741824,0,
lltp,petri-nets/MCC,,,RwMutex_rwmutex-r1000w10_100_1.p,intuitionistic,horn,1,,5,0,3,provable,proved,,ok,horn,IMELL,59918,12,6.976,100,0,100,0,0,0,2048,0.000,0.055,auto,30,0.617,1073741824,0,
lltp,petri-nets/MCC,,,RwMutex_rwmutex-r1000w10_5_1.p,intuitionistic,horn,1,,5,0,3,provable,proved,,ok,horn,IMELL,60108,12,3.958,5,0,5,0,0,0,2048,0.000,0.015,auto,30,0.666,1073741824,0,
lltp,petri-nets/MCC,,,RwMutex_rwmutex-r100w10_50_1.p,intuitionistic,horn,1,,5,0,3,provable,proved,,ok,horn,IMELL,6018,12,0.527,50,0,50,0,0,0,2048,0.000,0.000,auto,30,0.080,1073741824,0,
lltp,petri-nets/MCC,,,RwMutex_rwmutex-r10w1000_20_1.p,intuitionistic,horn,1,,5,0,3,provable,proved,,ok,horn,IMELL,52194,1002,3.695,2,0,2,0,0,0,2048,0.000,0.017,auto,30,0.435,1073741824,0,
lltp,petri-nets/MCC,,,RwMutex_rwmutex-r10w100_10_1.p,intuitionistic,horn,1,,5,0,3,provable,proved,,ok,horn,IMELL,5398,102,0.410,0,0,0,0,0,0,2048,0.000,0.000,auto,30,0.052,1073741824,0,
lltp,petri-nets/MCC,,,RwMutex_rwmutex-r10w100_5_1.p,intuitionistic,horn,1,,5,0,3,provable,proved,,ok,horn,IMELL,5378,102,0.388,1,0,1,0,0,0,2048,0.000,0.000,auto,30,0.050,1073741824,0,
lltp,petri-nets/MCC,,,RwMutex_rwmutex-r10w10_20_1.p,intuitionistic,horn,1,,5,0,3,provable,proved,,ok,horn,IMELL,718,12,0.189,0,0,0,0,0,0,2048,0.000,0.048,auto,30,0.012,1073741824,0,
lltp,petri-nets/MCC,,,RwMutex_rwmutex-r10w2000_1_1.p,intuitionistic,horn,1,,5,0,3,provable,proved,,ok,horn,IMELL,104178,2002,7.992,1,0,1,0,0,0,2048,10.000,0.040,auto,30,0.879,1073741824,0,
lltp,petri-nets/MCC,,,RwMutex_rwmutex-r10w20_10_1.p,intuitionistic,horn,1,,5,0,3,provable,proved,,ok,horn,IMELL,1238,22,0.134,0,0,0,0,0,0,2048,0.000,0.000,auto,30,0.018,1073741824,0,
lltp,petri-nets/MCC,,,RwMutex_rwmutex-r10w20_5_1.p,intuitionistic,horn,1,,5,0,3,provable,proved,,ok,horn,IMELL,1218,22,0.129,1,0,1,0,0,0,2048,0.000,0.000,auto,30,0.018,1073741824,0,
lltp,petri-nets/MCC,,,RwMutex_rwmutex-r10w500_20_1.p,intuitionistic,horn,1,,5,0,3,provable,proved,,ok,horn,IMELL,26198,502,1.847,0,0,0,0,0,0,2048,0.000,0.000,auto,30,0.207,1073741824,0,
lltp,petri-nets/MCC,,,RwMutex_rwmutex-r10w50_10_1.p,intuitionistic,horn,1,,5,0,3,provable,proved,,ok,horn,IMELL,2798,52,0.229,0,0,0,0,0,0,2048,0.000,0.000,auto,30,0.028,1073741824,0,
lltp,petri-nets/MCC,,,RwMutex_rwmutex-r10w50_5_1.p,intuitionistic,horn,1,,5,0,3,provable,proved,,ok,horn,IMELL,2778,52,0.226,1,0,1,0,0,0,2048,0.000,0.000,auto,30,0.030,1073741824,0,
lltp,petri-nets/MCC,,,RwMutex_rwmutex-r2000w10_50_1.p,intuitionistic,horn,1,,5,0,3,provable,proved,,ok,horn,IMELL,120018,12,9.985,50,0,50,0,0,0,2048,10.000,0.032,auto,30,1.253,1073741824,0,
lltp,petri-nets/MCC,,,RwMutex_rwmutex-r20w10_20_1.p,intuitionistic,horn,1,,5,0,3,provable,proved,,ok,horn,IMELL,1278,12,0.173,30,0,30,0,0,0,2048,0.000,0.000,auto,30,0.025,1073741824,0,
lltp,petri-nets/MCC,,,RwMutex_rwmutex-r500w10_20_1.p,intuitionistic,horn,1,,5,0,3,provable,proved,,ok,horn,IMELL,30078,12,2.101,20,0,20,0,0,0,2048,0.000,0.025,auto,30,0.303,1073741824,0,
lltp,petri-nets/MCC,,,SafeBus-03-unfolded_10_1.p,intuitionistic,horn,1,,5,0,3,provable,proved,,ok,horn,IMELL,1130,43,1.368,3562,1810,1752,0,0,0,2048,0.000,0.043,auto,30,0.027,1073741824,0,
lltp,petri-nets/MCC,,,SafeBus-03-unfolded_5_1.p,intuitionistic,horn,1,,5,0,3,provable,proved,,ok,horn,IMELL,1124,42,0.143,5,0,5,0,0,0,2048,0.000,0.000,auto,30,0.016,1073741824,0,
lltp,petri-nets/MCC,,,SafeBus-06-unfolded_20_1.p,intuitionistic,horn,1,,5,0,3,provable,proved,,ok,horn,IMELL,6004,283,0.443,20,0,20,0,0,0,2048,0.000,0.000,auto,30,0.052,1073741824,0,
lltp,petri-nets/MCC,,,SafeBus-10-unfolded_1_1.p,intuitionistic,horn,1,,5,0,3,provable,proved,,ok,horn,IMELL,22868,1191,1.734,1,0,1,0,0,0,2048,0.000,0.017,auto,30,0.142,1073741824,0,
lltp,petri-nets/MCC,,,SafeBus-15-unfolded_100_1.p,intuitionistic,horn,1,,5,0,3,provable,proved,,ok,horn,IMELL,69238,3811,140.097,13180,2254,10926,0,0,0,2048,140.000,0.186,auto,30,0.476,1073741824,0,
lltp,petri-nets/MCC,,,SafeBus-15-unfolded_5_1.p,intuitionistic,horn,1,,5,0,3,provable,proved,,ok,horn,IMELL,69246,3811,5.291,5,0,5,0,0,0,2048,0.000,0.070,auto,30,0.427,1073741824,0,
lltp,petri-nets/MCC,,,SafeBus-20-unfolded_50_1.p,intuitionistic,horn,1,,5,0,3,provable,unknown,timeout,,horn,IMELL,154924,8781,5003.418,461662,272450,189212,0,0,0,2048,4980.000,5.700,auto,30,,1073741824,0,
lltp,petri-nets/MCC,,,SharedMemory_shared_memory-pt-100_20_1.p,intuitionistic,horn,1,,5,0,3,provable,proved,,ok,horn,IMELL,160798,9901,16.678,35,11,24,0,0,0,2048,10.000,0.109,auto,30,1.271,1073741824,0,
lltp,petri-nets/MCC,,,SharedMemory_shared_memory-pt-10_20_1.p,intuitionistic,horn,1,,5,0,3,provable,proved,,ok,horn,IMELL,1678,91,0.229,28,5,23,0,0,0,2048,0.000,0.000,auto,30,0.022,1073741824,0,
lltp,petri-nets/MCC,,,SharedMemory_shared_memory-pt-200_1_1.p,intuitionistic,horn,1,,5,0,3,provable,proved,,ok,horn,IMELL,641602,39801,82.058,1,0,1,0,0,0,2048,80.000,0.140,auto,30,6.066,1073741824,0,
lltp,petri-nets/MCC,,,SharedMemory_shared_memory-pt-20_100_1.p,intuitionistic,horn,1,,5,0,3,provable,proved,,ok,horn,IMELL,6558,381,0.762,88,17,71,0,0,0,2048,0.000,0.050,auto,30,0.064,1073741824,0,
lltp,petri-nets/MCC,,,SharedMemory_shared_memory-pt-20_5_1.p,intuitionistic,horn,1,,5,0,3,provable,proved,,ok,horn,IMELL,6558,381,0.642,5,0,5,0,0,0,2048,0.000,0.000,auto,30,0.065,1073741824,0,
lltp,petri-nets/MCC,,,SharedMemory_shared_memory-pt-50_50_1.p,intuitionistic,horn,1,,5,0,3,provable,proved,,ok,horn,IMELL,40398,2451,4.252,95,31,64,0,0,0,2048,0.000,0.019,auto,30,0.329,1073741824,0,
lltp,petri-nets/MCC,,,SharedMemory_shared_memory-pt-5_1_1.p,intuitionistic,horn,1,,5,0,3,provable,proved,,ok,horn,IMELL,442,21,0.089,1,0,1,0,0,0,2048,0.000,0.000,auto,30,0.011,1073741824,0,
lltp,petri-nets/MCC,,,SimpleLoadBal_simple_lbs-10_100_1.p,intuitionistic,horn,1,,5,0,3,provable,proved,,ok,horn,IMELL,8372,512,1.677,1834,841,993,0,0,0,2048,0.000,0.042,auto,30,0.069,1073741824,0,
lltp,petri-nets/MCC,,,SimpleLoadBal_simple_lbs-10_50_1.p,intuitionistic,horn,1,,5,0,3,provable,proved,,ok,horn,IMELL,8376,512,0.631,41,0,41,0,0,0,2048,0.000,0.000,auto,30,0.068,1073741824,0,
lltp,petri-nets/MCC,,,SimpleLoadBal_simple_lbs-15_20_1.p,intuitionistic,horn,1,,5,0,3,provable,proved,,ok,horn,IMELL,18062,1142,1.255,20,0,20,0,0,0,2048,0.000,0.014,auto,30,0.110,1073741824,0,
lltp,petri-nets/MCC,,,SimpleLoadBal_simple_lbs-20_1_1.p,intuitionistic,horn,1,,5,0,3,provable,proved,,ok,horn,IMELL,31456,2022,2.364,1,0,1,0,0,0,2048,0.000,0.016,auto,30,0.201,1073741824,0,
lltp,petri-nets/MCC,,,SimpleLoadBal_simple_lbs-2_100_1.p,intuitionistic,horn,1,,5,0,3,provable,proved,,ok,horn,IMELL,532,24,0.098,11,0,11,0,0,0,2048,0.000,0.000,auto,30,0.013,1073741824,0,
lltp,petri-nets/MCC,,,SimpleLoadBal_simple_lbs-2_50_1.p,intuitionistic,horn,1,,5,0,3,provable,proved,,ok,horn,IMELL,530,24,0.088,6,0,6,0,0,0,2048,0.000,0.000,auto,30,0.010,1073741824,0,
lltp,petri-nets/MCC,,,SimpleLoadBal_simple_lbs-5_1_1.p,intuitionistic,horn,1,,5,0,3,provable,proved,,ok,horn,IMELL,2356,132,0.234,1,0,1,0,0,0,2048,0.000,0.000,auto,30,0.021,1073741824,0,
lltp,petri-nets/MCC,,,SmallOperatingSystem-MT0016DC0008_100_1.p,intuitionistic,horn,1,,5,0,3,provable,proved,,ok,horn,IMELL,244,18,0.157,48,0,48,0,0,0,2048,0.000,0.080,auto,30,0.027,1073741824,0,
lltp,petri-nets/MCC,,,SmallOperatingSystem-MT0016DC0008_50_1.p,intuitionistic,horn,1,,5,0,3,provable,proved,,ok,horn,IMELL,244,18,0.076,48,0,48,0,0,0,2048,0.000,0.000,auto,30,0.027,1073741824,0,
lltp,petri-nets/MCC,,,SmallOperatingSystem-MT0032DC0008_1_1.p,intuitionistic,horn,1,,5,0,3,provable,proved,,ok,horn,IMELL,400,34,0.058,1,0,1,0,0,0,2048,0.000,0.000,auto,30,0.022,1073741824,0,
lltp,petri-nets/MCC,,,SmallOperatingSystem-MT0032DC0016_100_1.p,intuitionistic,horn,1,,5,0,3,provable,proved,,ok,horn,IMELL,436,34,0.090,96,0,96,0,0,0,2048,0.000,0.000,auto,30,0.047,1073741824,0,
lltp,petri-nets/MCC,,,SmallOperatingSystem-MT0032DC0016_50_1.p,intuitionistic,horn,1,,5,0,3,provable,proved,,ok,horn,IMELL,418,34,0.076,50,0,50,0,0,0,2048,0.000,0.000,auto,30,0.034,1073741824,0,
lltp,petri-nets/MCC,,,SmallOperatingSystem-MT0064DC0016_1_1.p,intuitionistic,horn,1,,5,0,3,provable,proved,,ok,horn,IMELL,752,66,0.061,1,0,1,0,0,0,2048,0.000,0.000,auto,30,0.038,1073741824,0,
lltp,petri-nets/MCC,,,SmallOperatingSystem-MT0064DC0032_10_1.p,intuitionistic,horn,1,,5,0,3,provable,proved,,ok,horn,IMELL,908,66,0.072,10,0,10,0,0,0,2048,0.000,0.000,auto,30,0.050,1073741824,0,
lltp,petri-nets/MCC,,,SmallOperatingSystem-MT0064DC0032_5_1.p,intuitionistic,horn,1,,5,0,3,provable,proved,,ok,horn,IMELL,928,66,0.072,5,0,5,0,0,0,2048,0.000,0.000,auto,30,0.050,1073741824,0,
lltp,petri-nets/MCC,,,SmallOperatingSystem-MT0128DC0032_50_1.p,intuitionistic,horn,1,,5,0,3,provable,proved,,ok,horn,IMELL,1320,130,0.110,65,10,55,0,0,0,2048,0.000,0.000,auto,30,0.083,1073741824,0,
lltp,petri-nets/MCC,,,SmallOperatingSystem-MT0128DC0064_1_1.p,intuitionistic,horn,1,,5,0,3,provable,proved,,ok,horn,IMELL,1840,130,0.094,1,0,1,0,0,0,2048,0.000,0.000,auto,30,0.096,1073741824,0,
lltp,petri-nets/MCC,,,SmallOperatingSystem-MT0256DC0064_100_1.p,intuitionistic,horn,1,,5,0,3,provable,proved,,ok,horn,IMELL,2612,258,0.167,69,1,68,0,0,0,2048,0.000,0.000,auto,30,0.155,1073741824,0,
lltp,petri-nets/MCC,,,SmallOperatingSystem-MT0256DC0064_50_1.p,intuitionistic,horn,1,,5,0,3,provable,proved,,ok,horn,IMELL,2668,258,0.151,50,0,50,0,0,0,2048,0.000,0.000,auto,30,0.149,1073741824,0,
lltp,petri-nets/MCC,,,SmallOperatingSystem-MT0256DC0128_1_1.p,intuitionistic,horn,1,,5,0,3,provable,proved,,ok,horn,IMELL,3632,258,0.152,1,0,1,0,0,0,2048,0.000,0.000,auto,30,0.186,1073741824,0,
lltp,petri-nets/MCC,,,SmallOperatingSystem-MT0512DC0128_100_1.p,intuitionistic,horn,1,,5,0,3,provable,proved,,ok,horn,IMELL,5284,514,0.260,100,0,100,0,0,0,2048,0.000,0.000,auto,30,0.277,1073741824,0,
lltp,petri-nets/MCC,,,SmallOperatingSystem-MT0512DC0128_50_1.p,intuitionistic,horn,1,,5,0,3,provable,proved,,ok,horn,IMELL,5484,514,0.241,50,0,50,0,0,0,2048,0.000,0.000,auto,30,0.280,1073741824,0,
lltp,petri-nets/MCC,,,SmallOperatingSystem-MT0512DC0256_1_1.p,intuitionistic,horn,1,,5,0,3,provable,proved,,ok,horn,IMELL,7216,514,0.378,1,0,1,0,0,0,2048,0.000,0.050,auto,30,0.358,1073741824,0,
lltp,petri-nets/MCC,,,SmallOperatingSystem-MT1024DC0256_100_1.p,intuitionistic,horn,1,,5,0,3,provable,proved,,ok,horn,IMELL,10916,1026,0.464,100,0,100,0,0,0,2048,0.000,0.000,auto,30,0.653,1073741824,0,
lltp,petri-nets/MCC,,,SmallOperatingSystem-MT1024DC0256_50_1.p,intuitionistic,horn,1,,5,0,3,provable,proved,,ok,horn,IMELL,11116,1026,0.442,50,0,50,0,0,0,2048,0.000,0.000,auto,30,0.580,1073741824,0,
lltp,petri-nets/MCC,,,SmallOperatingSystem-MT1024DC0512_1_1.p,intuitionistic,horn,1,,5,0,3,provable,proved,,ok,horn,IMELL,14384,1026,0.582,1,0,1,0,0,0,2048,0.000,0.037,auto,30,0.751,1073741824,0,
lltp,petri-nets/MCC,,,SmallOperatingSystem-MT2048DC0512_100_1.p,intuitionistic,horn,1,,5,0,3,provable,proved,,ok,horn,IMELL,22180,2050,0.934,100,0,100,0,0,0,2048,0.000,0.000,auto,30,1.225,1073741824,0,
lltp,petri-nets/MCC,,,SmallOperatingSystem-MT2048DC0512_50_1.p,intuitionistic,horn,1,,5,0,3,provable,proved,,ok,horn,IMELL,22380,2050,0.943,50,0,50,0,0,0,2048,0.000,0.015,auto,30,1.202,1073741824,0,
lltp,petri-nets/MCC,,,SmallOperatingSystem-MT2048DC1024_1_1.p,intuitionistic,horn,1,,5,0,3,provable,proved,,ok,horn,IMELL,28720,2050,1.120,1,0,1,0,0,0,2048,0.000,0.014,auto,30,1.490,1073741824,0,
lltp,petri-nets/MCC,,,SmallOperatingSystem-MT4096DC1024_100_1.p,intuitionistic,horn,1,,5,0,3,provable,proved,,ok,horn,IMELL,44708,4098,1.934,100,0,100,0,0,0,2048,0.000,0.015,auto,30,2.586,1073741824,0,
lltp,petri-nets/MCC,,,SmallOperatingSystem-MT4096DC1024_50_1.p,intuitionistic,horn,1,,5,0,3,provable,proved,,ok,horn,IMELL,44908,4098,1.874,50,0,50,0,0,0,2048,0.000,0.000,auto,30,2.548,1073741824,0,
lltp,petri-nets/MCC,,,SmallOperatingSystem-MT4096DC2048_1_1.p,intuitionistic,horn,1,,5,0,3,provable,proved,,ok,horn,IMELL,57392,4098,2.344,1,0,1,0,0,0,2048,0.000,0.015,auto,30,3.098,1073741824,0,
lltp,petri-nets/MCC,,,SmallOperatingSystem-MT8192DC2048_10_1.p,intuitionistic,horn,1,,5,0,3,provable,proved,,ok,horn,IMELL,90124,8194,3.865,10,0,10,0,0,0,2048,0.000,0.027,auto,30,4.970,1073741824,0,
lltp,petri-nets/MCC,,,SmallOperatingSystem-MT8192DC2048_5_1.p,intuitionistic,horn,1,,5,0,3,provable,proved,,ok,horn,IMELL,90144,8194,3.861,5,0,5,0,0,0,2048,0.000,0.038,auto,30,4.977,1073741824,0,
lltp,petri-nets/MCC,,,Solitaire_soli0_square5_1_1.p,intuitionistic,horn,1,,5,0,3,provable,proved,,ok,horn,IMELL,1010,9,0.113,1,0,1,0,0,0,2048,0.000,0.000,auto,30,0.015,1073741824,0,
lltp,petri-nets/MCC,,,Solitaire_soli1_1_1.p,intuitionistic,horn,1,,5,0,3,provable,proved,,ok,horn,IMELL,1042,9,0.111,1,0,1,0,0,0,2048,0.000,0.000,auto,30,0.017,1073741824,0,
lltp,petri-nets/MCC,,,Solitaire_soli1_counter_10_1.p,intuitionistic,horn,1,,5,0,3,provable,proved,,ok,horn,IMELL,1302,98,18.755,32087,15538,16549,0,0,0,2048,10.000,0.076,auto,30,0.031,1073741824,0,
lltp,petri-nets/MCC,,,Solitaire_soli1_counter_5_1.p,intuitionistic,horn,1,,5,0,3,provable,proved,,ok,horn,IMELL,1312,103,5.147,7712,3550,4162,0,0,0,2048,0.000,0.045,auto,30,0.029,1073741824,0,
lltp,petri-nets/MCC,,,Solitaire_soli2_50_1.p,intuitionistic,horn,1,,5,0,3,provable,proved,,ok,horn,IMELL,1250,9,155.956,428538,302234,126304,0,0,0,2048,150.000,0.198,auto,30,0.045,1073741824,0,
lltp,petri-nets/MCC,,,Solitaire_soli2_counter_50_1.p,intuitionistic,horn,1,,5,0,3,provable,proved,,ok,horn,IMELL,1522,100,193.801,522541,373482,149059,0,0,0,2048,180.000,0.197,auto,30,0.047,1073741824,0,
lltp,petri-nets/MCC,,,SquareGrid_sg-10-5-10_20_1.p,intuitionistic,horn,1,,5,0,3,provable,proved,,ok,horn,IMELL,26878,23,2.119,20,0,20,0,0,0,2048,0.000,0.023,auto,30,0.878,1073741824,0,
lltp,petri-nets/MCC,,,SquareGrid_sg-13-6-13_1_1.p,intuitionistic,horn,1,,5,0,3,provable,proved,,ok,horn,IMELL,49970,26,3.735,1,0,1,0,0,0,2048,0.000,0.017,auto,30,1.716,1073741824,0,
lltp,petri-nets/MCC,,,SquareGrid_sg-2-1-2_100_1.p,intuitionistic,horn,1,,5,0,3,provable,proved,,ok,horn,IMELL,766,18,7.364,22362,16183,6179,0,0,0,2048,0.000,0.047,auto,30,0.055,1073741824,0,
lltp,petri-nets/MCC,,,SquareGrid_sg-2-1-2_5_1.p,intuitionistic,horn,1,,5,0,3,provable,proved,,ok,horn,IMELL,766,15,0.106,5,0,5,0,0,0,2048,0.000,0.000,auto,30,0.019,1073741824,0,
lltp,petri-nets/MCC,,,SquareGrid_sg-4-2-4_50_1.p,intuitionistic,horn,1,,5,0,3,provable,proved,,ok,horn,IMELL,3262,20,0.421,50,0,50,0,0,0,2048,0.000,0.000,auto,30,0.092,1073741824,0,
lltp,petri-nets/MCC,,,SquareGrid_sg-8-4-8_20_1.p,intuitionistic,horn,1,,5,0,3,provable,proved,,ok,horn,IMELL,15742,21,1.302,20,0,20,0,0,0,2048,0.000,0.000,auto,30,0.435,1073741824,0,
lltp,petri-nets/MCC,,,SwimmingPool-10_10_1.p,intuitionistic,horn,1,,5,0,3,provable,proved,,ok,horn,IMELL,1838,201,0.116,10,0,10,0,0,0,2048,0.000,0.000,auto,30,0.114,1073741824,0,
lltp,petri-nets/MCC,,,SwimmingPool-10_5_1.p,intuitionistic,horn,1,,5,0,3,provable,proved,,ok,horn,IMELL,1838,201,0.107,5,0,5,0,0,0,2048,0.000,0.000,auto,30,0.098,1073741824,0,
lltp,petri-nets/MCC,,,SwimmingPool-1_20_1.p,intuitionistic,horn,1,,5,0,3,provable,proved,,ok,horn,IMELL,218,21,0.061,20,0,20,0,0,0,2048,0.000,0.000,auto,30,0.019,1073741824,0,
lltp,petri-nets/MCC,,,SwimmingPool-2_10_1.p,intuitionistic,horn,1,,5,0,3,provable,proved,,ok,horn,IMELL,398,41,0.056,10,0,10,0,0,0,2048,0.000,0.000,auto,30,0.024,1073741824,0,
lltp,petri-nets/MCC,,,SwimmingPool-2_5_1.p,intuitionistic,horn,1,,5,0,3,provable,proved,,ok,horn,IMELL,398,41,0.054,5,0,5,0,0,0,2048,0.000,0.000,auto,30,0.023,1073741824,0,
lltp,petri-nets/MCC,,,SwimmingPool-3_20_1.p,intuitionistic,horn,1,,5,0,3,provable,proved,,ok,horn,IMELL,578,61,0.070,20,0,20,0,0,0,2048,0.000,0.000,auto,30,0.035,1073741824,0,
lltp,petri-nets/MCC,,,SwimmingPool-4_10_1.p,intuitionistic,horn,1,,5,0,3,provable,proved,,ok,horn,IMELL,758,81,0.068,10,0,10,0,0,0,2048,0.000,0.000,auto,30,0.042,1073741824,0,
lltp,petri-nets/MCC,,,SwimmingPool-4_5_1.p,intuitionistic,horn,1,,5,0,3,provable,proved,,ok,horn,IMELL,758,81,0.067,5,0,5,0,0,0,2048,0.000,0.000,auto,30,0.043,1073741824,0,
lltp,petri-nets/MCC,,,SwimmingPool-5_20_1.p,intuitionistic,horn,1,,5,0,3,provable,proved,,ok,horn,IMELL,938,101,0.080,20,0,20,0,0,0,2048,0.000,0.000,auto,30,0.054,1073741824,0,
lltp,petri-nets/MCC,,,SwimmingPool-6_10_1.p,intuitionistic,horn,1,,5,0,3,provable,proved,,ok,horn,IMELL,1118,121,0.078,10,0,10,0,0,0,2048,0.000,0.000,auto,30,0.063,1073741824,0,
lltp,petri-nets/MCC,,,SwimmingPool-6_5_1.p,intuitionistic,horn,1,,5,0,3,provable,proved,,ok,horn,IMELL,1118,121,0.074,5,0,5,0,0,0,2048,0.000,0.000,auto,30,0.059,1073741824,0,
lltp,petri-nets/MCC,,,SwimmingPool-7_20_1.p,intuitionistic,horn,1,,5,0,3,provable,proved,,ok,horn,IMELL,1298,141,0.096,20,0,20,0,0,0,2048,0.000,0.000,auto,30,0.069,1073741824,0,
lltp,petri-nets/MCC,,,SwimmingPool-8_10_1.p,intuitionistic,horn,1,,5,0,3,provable,proved,,ok,horn,IMELL,1478,161,0.096,10,0,10,0,0,0,2048,0.000,0.000,auto,30,0.084,1073741824,0,
lltp,petri-nets/MCC,,,SwimmingPool-8_5_1.p,intuitionistic,horn,1,,5,0,3,provable,proved,,ok,horn,IMELL,1478,161,0.092,5,0,5,0,0,0,2048,0.000,0.000,auto,30,0.080,1073741824,0,
lltp,petri-nets/MCC,,,SwimmingPool-9_20_1.p,intuitionistic,horn,1,,5,0,3,provable,proved,,ok,horn,IMELL,1658,181,0.105,20,0,20,0,0,0,2048,0.000,0.000,auto,30,0.096,1073741824,0,
lltp,petri-nets/MCC,,,TCPcondis_tcp10_10_1.p,intuitionistic,horn,1,,5,0,3,provable,proved,,ok,horn,IMELL,314,13,0.078,10,0,10,0,0,0,2048,0.000,0.000,auto,30,0.013,1073741824,0,
lltp,petri-nets/MCC,,,TCPcondis_tcp10_5_1.p,intuitionistic,horn,1,,5,0,3,provable,proved,,ok,horn,IMELL,304,12,0.070,5,0,5,0,0,0,2048,0.000,0.000,auto,30,0.011,1073741824,0,
lltp,petri-nets/MCC,,,TCPcondis_tcp15_20_1.p,intuitionistic,horn,1,,5,0,3,provable,proved,,ok,horn,IMELL,370,17,0.081,20,0,20,0,0,0,2048,0.000,0.000,auto,30,0.018,1073741824,0,
lltp,petri-nets/MCC,,,TCPcondis_tcp20_10_1.p,intuitionistic,horn,1,,5,0,3,provable,proved,,ok,horn,IMELL,394,22,0.073,10,0,10,0,0,0,2048,0.000,0.000,auto,30,0.016,1073741824,0,
lltp,petri-nets/MCC,,,TCPcondis_tcp20_5_1.p,intuitionistic,horn,1,,5,0,3,provable,proved,,ok,horn,IMELL,384,22,0.071,5,0,5,0,0,0,2048,0.000,0.000,auto,30,0.014,1073741824,0,
lltp,petri-nets/MCC,,,TCPcondis_tcp25_20_1.p,intuitionistic,horn,1,,5,0,3,provable,proved,,ok,horn,IMELL,454,27,0.084,20,0,20,0,0,0,2048,0.000,0.000,auto,30,0.022,1073741824,0,
lltp,petri-nets/MCC,,,TCPcondis_tcp30_10_1.p,intuitionistic,horn,1,,5,0,3,provable,proved,,ok,horn,IMELL,474,32,0.083,10,0,10,0,0,0,2048,0.000,0.000,auto,30,0.023,1073741824,0,
lltp,petri-nets/MCC,,,TCPcondis_tcp30_5_1.p,intuitionistic,horn,1,,5,0,3,provable,proved,,ok,horn,IMELL,464,32,0.078,5,0,5,0,0,0,2048,0.000,0.000,auto,30,0.020,1073741824,0,
lltp,petri-nets/MCC,,,TCPcondis_tcp35_20_1.p,intuitionistic,horn,1,,5,0,3,provable,proved,,ok,horn,IMELL,534,37,0.083,20,0,20,0,0,0,2048,0.000,0.000,auto,30,0.026,1073741824,0,
lltp,petri-nets/MCC,,,TCPcondis_tcp40_10_1.p,intuitionistic,horn,1,,5,0,3,provable,proved,,ok,horn,IMELL,554,42,0.079,10,0,10,0,0,0,2048,0.000,0.000,auto,30,0.024,1073741824,0,
lltp,petri-nets/MCC,,,TCPcondis_tcp40_5_1.p,intuitionistic,horn,1,,5,0,3,provable,proved,,ok,horn,IMELL,544,42,0.076,5,0,5,0,0,0,2048,0.000,0.000,auto,30,0.021,1073741824,0,
lltp,petri-nets/MCC,,,TCPcondis_tcp50_20_1.p,intuitionistic,horn,1,,5,0,3,provable,proved,,ok,horn,IMELL,654,52,0.089,20,0,20,0,0,0,2048,0.000,0.000,auto,30,0.031,1073741824,0,
lltp,petri-nets/MCC,,,TCPcondis_tcp5_10_1.p,intuitionistic,horn,1,,5,0,3,provable,proved,,ok,horn,IMELL,270,7,0.072,10,0,10,0,0,0,2048,0.000,0.000,auto,30,0.011,1073741824,0,
lltp,petri-nets/MCC,,,TCPcondis_tcp5_5_1.p,intuitionistic,horn,1,,5,0,3,provable,proved,,ok,horn,IMELL,264,8,0.072,5,0,5,0,0,0,2048,0.000,0.000,auto,30,0.009,1073741824,0,
lltp,petri-nets/MCC,,,TokenRing-10-unfolded_20_1.p,intuitionistic,horn,1,,5,0,3,provable,proved,,ok,horn,IMELL,8930,21,0.801,11,0,11,0,0,0,2048,0.000,0.000,auto,30,0.078,1073741824,0,
lltp,petri-nets/MCC,,,TokenRing-15-unfolded_1_1.p,intuitionistic,horn,1,,5,0,3,provable,proved,,ok,horn,IMELL,28990,31,2.755,1,0,1,0,0,0,2048,0.000,0.000,auto,30,0.267,1073741824,0,
lltp,petri-nets/MCC,,,TokenRing-20-unfolded_100_1.p,intuitionistic,horn,1,,5,0,3,provable,unknown,timeout,,horn,IMELL,67450,41,5007.062,8579703,7089114,1490589,0,0,0,2048,4990.000,4.345,auto,30,,1073741824,0,
lltp,petri-nets/MCC,,,TokenRing-20-unfolded_5_1.p,intuitionistic,horn,1,,5,0,3,provable,proved,,ok,horn,IMELL,67450,41,7.156,5,0,5,0,0,0,2048,10.000,0.021,auto,30,0.551,1073741824,0,
lltp,petri-nets/MCC,,,TokenRing-30-unfolded_50_1.p,intuitionistic,horn,1,,5,0,3,provable,unknown,timeout,,horn,IMELL,223570,61,5004.155,735723,581985,153738,0,0,0,2048,4990.000,4.949,auto,30,,1073741824,0,
lltp,petri-nets/MCC,,,TokenRing-40-unfolded_20_1.p,intuitionistic,horn,1,,5,0,3,provable,proved,,ok,horn,IMELL,525290,81,64.967,19,0,19,0,0,0,2048,70.000,0.144,auto,30,4.522,1073741824,0,
lltp,petri-nets/MCC,,,TokenRing-5-unfolded_100_1.p,intuitionistic,horn,1,,5,0,3,provable,proved,,ok,horn,IMELL,1270,11,0.222,136,51,85,0,0,0,2048,0.000,0.000,auto,30,0.026,1073741824,0,
lltp,petri-nets/MCC,,,TokenRing-5-unfolded_50_1.p,intuitionistic,horn,1,,5,0,3,provable,proved,,ok,horn,IMELL,1270,11,0.199,101,42,59,0,0,0,2048,0.000,0.000,auto,30,0.020,1073741824,0,
lltp,petri-nets/MCC,,,TokenRing-50-unfolded_1_1.p,intuitionistic,horn,1,,5,0,3,provable,proved,,ok,horn,IMELL,1020610,101,135.559,1,0,1,0,0,0,2048,140.000,0.288,auto,30,8.886,1073741824,0,
lltp,petri-nets/MCC,,,TriangularGrid_trg_1-20-0_1_1.p,intuitionistic,horn,1,,5,0,3,provable,proved,,ok,horn,IMELL,358,22,0.066,1,0,1,0,0,0,2048,0.000,0.000,auto,30,0.019,1073741824,0,
lltp,petri-nets/MCC,,,TriangularGrid_trg_1-50-0_100_1.p,intuitionistic,horn,1,,5,0,3,provable,proved,,ok,horn,IMELL,718,81,0.126,100,0,100,0,0,0,2048,0.000,0.000,auto,30,0.061,1073741824,0,
lltp,petri-nets/MCC,,,TriangularGrid_trg_1-50-0_50_1.p,intuitionistic,horn,1,,5,0,3,provable,proved,,ok,horn,IMELL,718,64,0.095,50,0,50,0,0,0,2048,0.000,0.000,auto,30,0.046,1073741824,0,
lltp,petri-nets/MCC,,,TriangularGrid_trg_2-01-1_1_1.p,intuitionistic,horn,1,,5,0,3,provable,proved,,ok,horn,IMELL,470,8,0.074,1,0,1,0,0,0,2048,0.000,0.000,auto,30,0.012,1073741824,0,
lltp,petri-nets/MCC,,,TriangularGrid_trg_3-01-1_100_1.p,intuitionistic,horn,1,,5,0,3,provable,proved,,ok,horn,IMELL,1006,9,30.675,38865,21889,16976,0,0,0,2048,20.000,0.105,auto,30,0.149,1073741824,0,
lltp,petri-nets/MCC,,,TriangularGrid_trg_3-01-1_5_1.p,intuitionistic,horn,1,,5,0,3,provable,proved,,ok,horn,IMELL,1006,8,0.139,5,0,5,0,0,0,2048,0.000,0.000,auto,30,0.026,1073741824,0,
lltp,petri-nets/MCC,,,TriangularGrid_trg_3-02-6_50_1.p,intuitionistic,horn,1,,5,0,3,provable,proved,,ok,horn,IMELL,1294,14,0.222,50,0,50,0,0,0,2048,0.000,0.000,auto,30,0.051,1073741824,0,
lltp,petri-nets/MCC,,,TriangularGrid_trg_4-02-2_20_1.p,intuitionistic,horn,1,,5,0,3,provable,proved,,ok,horn,IMELL,1998,10,0.226,20,0,20,0,0,0,2048,0.000,0.000,auto,30,0.061,1073741824,0,
lltp,petri-nets/MCC,,,TriangularGrid_trg_5-02-0_1_1.p,intuitionistic,horn,1,,5,0,3,provable,proved,,ok,horn,IMELL,2878,7,0.238,1,0,1,0,0,0,2048,0.000,0.000,auto,30,0.067,1073741824,0,
lltp,petri-nets/MCC,,,TriangularGrid_trg_5-04-6_100_1.p,intuitionistic,horn,1,,5,0,3,provable,proved,,ok,horn,IMELL,4078,15,0.758,110,1,109,0,0,0,2048,0.000,0.000,auto,30,0.146,1073741824,0,
lltp,petri-nets/MCC,,,TriangularGrid_trg_5-04-6_5_1.p,intuitionistic,horn,1,,5,0,3,provable,proved,,ok,horn,IMELL,4078,13,0.297,5,0,5,0,0,0,2048,0.000,0.000,auto,30,0.135,1073741824,0,
lltp,petri-nets/MCC,,,UtahNoC_5_1.p,intuitionistic,horn,1,,5,0,3,provable,proved,,ok,horn,IMELL,5826,100,0.626,5,0,5,0,0,0,2048,0.000,0.000,auto,30,0.116,1073741824,0,
lltp,petri-nets/MCC,,,Vasy2003_50_1.p,intuitionistic,horn,1,,5,0,3,provable,proved,,ok,horn,IMELL,5738,105,0.694,49,0,49,0,0,0,2048,0.000,0.000,auto,30,0.126,1073741824,0,
lltp,petri-nets/MCC,,,ARMCacheCoherence_50_1.p,intuitionistic,horn,1,,5,0,3,provable,proved,,ok,horn,IMELL,493894,14998,26.724,7,0,7,0,0,0,2048,20.000,0.118,auto,30,2.981,1073741824,0,
lltp,petri-nets/MCC,,,AirplaneLD-pt-0010_10_1.p,intuitionistic,horn,1,,5,0,3,provable,proved,,ok,horn,IMELL,808,25,0.191,157,64,93,0,0,0,2048,0.000,0.000,auto,30,0.021,1073741824,0,
lltp,petri-nets/MCC,,,AirplaneLD-pt-0020_10_1.p,intuitionistic,horn,1,,5,0,3,provable,proved,,ok,horn,IMELL,1538,50,1.484,2592,1512,1080,0,0,0,2048,0.000,0.050,auto,30,0.034,1073741824,0,
lltp,petri-nets/MCC,,,AirplaneLD-pt-0050_1_1.p,intuitionistic,horn,1,,5,0,3,provable,proved,,ok,horn,IMELL,3736,125,0.364,1,0,1,0,0,0,2048,0.000,0.000,auto,30,0.059,1073741824,0,
lltp,petri-nets/MCC,,,AirplaneLD-pt-0100_20_1.p,intuitionistic,horn,1,,5,0,3,provable,proved,,ok,horn,IMELL,7382,250,8.582,3218,1602,1616,0,0,0,2048,0.000,0.072,auto,30,0.128,1073741824,0,
lltp,petri-nets/MCC,,,AirplaneLD-pt-0200_5_1.p,intuitionistic,horn,1,,5,0,3,provable,proved,,ok,horn,IMELL,14686,500,1.478,5,0,5,0,0,0,2048,0.000,0.000,auto,30,0.226,1073741824,0,
lltp,petri-nets/MCC,,,AirplaneLD-pt-1000_1_1.p,intuitionistic,horn,1,,5,0,3,provable,proved,,ok,horn,IMELL,73086,2500,8.004,1,0,1,0,0,0,2048,0.000,0.044,auto,30,1.278,1073741824,0,
lltp,petri-nets/MCC,,,AirplaneLD-pt-2000_20_1.p,intuitionistic,horn,1,,5,0,3,provable,proved,,ok,horn,IMELL,146082,5000,16.022,16,0,16,0,0,0,2048,10.000,0.054,auto,30,2.446,1073741824,0,
lltp,petri-nets/MCC,,,AirplaneLD-pt-4000_5_1.p,intuitionistic,horn,1,,5,0,3,provable,proved,,ok,horn,IMELL,292086,10000,33.847,5,0,5,0,0,0,2048,30.000,0.093,auto,30,4.803,1073741824,0,
lltp,petri-nets/MCC,,,Angiogenesis_angiogenesis-01_20_1.p,intuitionistic,horn,1,,5,0,3,provable,proved,,ok,horn,IMELL,396,10,0.110,9,2,7,0,0,0,2048,0.000,0.000,auto,30,0.013,1073741824,0,
lltp,petri-nets/MCC,,,Angiogenesis_angiogenesis-05_1_1.p,intuitionistic,horn,1,,5,0,3,provable,proved,,ok,horn,IMELL,526,14,0.098,1,0,1,0,0,0,2048,0.000,0.000,auto,30,0.017,1073741824,0,
lltp,petri-nets/MCC,,,Angiogenesis_angiogenesis-10_100_1.p,intuitionistic,horn,1,,5,0,3,provable,proved,,ok,horn,IMELL,636,19,0.374,532,297,235,0,0,0,2048,0.000,0.053,auto,30,0.037,1073741824,0,
lltp,petri-nets/MCC,,,Angiogenesis_angiogenesis-10_50_1.p,intuitionistic,horn,1,,5,0,3,provable,proved,,ok,horn,IMELL,638,19,0.125,34,0,34,0,0,0,2048,0.000,0.000,auto,30,0.028,1073741824,0,
lltp,petri-nets/MCC,,,Angiogenesis_angiogenesis-15_1_1.p,intuitionistic,horn,1,,5,0,3,provable,proved,,ok,horn,IMELL,846,24,0.105,1,0,1,0,0,0,2048,0.000,0.000,auto,30,0.032,1073741824,0,
lltp,petri-nets/MCC,,,Angiogenesis_angiogenesis-20_100_1.p,intuitionistic,horn,1,,5,0,3,provable,proved,,ok,horn,IMELL,908,29,0.161,68,0,68,0,0,0,2048,0.000,0.000,auto,30,0.047,1073741824,0,
lltp,petri-nets/MCC,,,Angiogenesis_angiogenesis-20_50_1.p,intuitionistic,horn,1,,5,0,3,provable,proved,,ok,horn,IMELL,922,29,0.136,46,0,46,0,0,0,2048,0.000,0.000,auto,30,0.141,1073741824,0,
lltp,petri-nets/MCC,,,Angiogenesis_angiogenesis-25_1_1.p,intuitionistic,horn,1,,5,0,3,provable,proved,,ok,horn,IMELL,1166,34,0.125,1,0,1,0,0,0,2048,0.000,0.000,auto,30,0.051,1073741824,0,
lltp,petri-nets/MCC,,,Angiogenesis_angiogenesis-50_100_1.p,intuitionistic,horn,1,,5,0,3,provable,proved,,ok,horn,IMELL,1768,59,0.211,100,0,100,0,0,0,2048,0.000,0.000,auto,30,0.102,1073741824,0,
lltp,petri-nets/MCC,,,Angiogenesis_angiogenesis-50_50_1.p,intuitionistic,horn,1,,5,0,3,provable,proved,,ok,horn,IMELL,1868,59,0.184,50,0,50,0,0,0,2048,0.000,0.000,auto,30,0.094,1073741824,0,
lltp,petri-nets/MCC,,,AutoFlight_afcs_01_a_1_1.p,intuitionistic,horn,1,,5,0,3,provable,proved,,ok,horn,IMELL,218,5,0.064,1,0,1,0,0,0,2048,0.000,0.000,auto,30,0.007,1073741824,0,
lltp,petri-nets/MCC,,,AutoFlight_afcs_01_b_100_1.p,intuitionistic,horn,1,,5,0,3,provable,proved,,ok,horn,IMELL,546,4,0.147,65,0,65,0,0,0,2048,0.000,0.000,auto,30,0.025,1073741824,0,
lltp,petri-nets/MCC,,,AutoFlight_afcs_01_b_50_1.p,intuitionistic,horn,1,,5,0,3,provable,proved,,ok,horn,IMELL,546,4,0.138,52,0,52,0,0,0,2048,0.000,0.000,auto,30,0.022,1073741824,0,
lltp,petri-nets/MCC,,,AutoFlight_afcs_02_a_1_1.p,intuitionistic,horn,1,,5,0,3,provable,proved,,ok,horn,IMELL,390,5,0.091,1,0,1,0,0,0,2048,0.000,0.000,auto,30,0.011,1073741824,0,
lltp,petri-nets/MCC,,,AutoFlight_afcs_02_b_100_1.p,intuitionistic,horn,1,,5,0,3,provable,proved,,ok,horn,IMELL,986,5,0.239,122,1,121,0,0,0,2048,0.000,0.000,auto,30,0.036,1073741824,0,
lltp,petri-nets/MCC,,,AutoFlight_afcs_02_b_50_1.p,intuitionistic,horn,1,,5,0,3,provable,proved,,ok,horn,IMELL,976,5,0.215,54,0,54,0,0,0,2048,0.000,0.000,auto,30,0.026,1073741824,0,
lltp,petri-nets/MCC,,,AutoFlight_afcs_03_a_1_1.p,intuitionistic,horn,1,,5,0,3,provable,proved,,ok,horn,IMELL,562,6,0.110,1,0,1,0,0,0,2048,0.000,0.000,auto,30,0.014,1073741824,0,
lltp,petri-nets/MCC,,,AutoFlight_afcs_03_b_100_1.p,intuitionistic,horn,1,,5,0,3,provable,proved,,ok,horn,IMELL,1426,6,0.304,112,0,112,0,0,0,2048,0.000,0.000,auto,30,0.042,1073741824,0,
lltp,petri-nets/MCC,,,AutoFlight_afcs_03_b_50_1.p,intuitionistic,horn,1,,5,0,3,provable,proved,,ok,horn,IMELL,1398,6,0.259,50,0,50,0,0,0,2048,0.000,0.000,auto,30,0.031,1073741824,0,
lltp,petri-nets/MCC,,,AutoFlight_afcs_04_a_20_1.p,intuitionistic,horn,1,,5,0,3,provable,proved,,ok,horn,IMELL,734,7,0.141,11,0,11,0,0,0,2048,0.000,0.000,auto,30,0.018,1073741824,0,
lltp,petri-nets/MCC,,,AutoFlight_afcs_04_b_1_1.p,intuitionistic,horn,1,,5,0,3,provable,proved,,ok,horn,IMELL,1814,6,0.339,1,0,1,0,0,0,2048,0.000,0.000,auto,30,0.028,1073741824,0,
lltp,petri-nets/MCC,,,AutoFlight_afcs_05_a_10_1.p,intuitionistic,horn,1,,5,0,3,provable,proved,,ok,horn,IMELL,906,8,0.166,10,0,10,0,0,0,2048,0.000,0.000,auto,30,0.022,1073741824,0,
lltp,petri-nets/MCC,,,AutoFlight_afcs_05_a_5_1.p,intuitionistic,horn,1,,5,0,3,provable,proved,,ok,horn,IMELL,906,8,0.152,5,0,5,0,0,0,2048,0.000,0.000,auto,30,0.021,1073741824,0,
lltp,petri-nets/MCC,,,AutoFlight_afcs_05_b_20_1.p,intuitionistic,horn,1,,5,0,3,provable,proved,,ok,horn,IMELL,2262,8,0.396,20,0,20,0,0,0,2048,0.000,0.000,auto,30,0.041,1073741824,0,
lltp,petri-nets/MCC,,,AutoFlight_afcs_06_a_10_1.p,intuitionistic,horn,1,,5,0,3,provable,proved,,ok,horn,IMELL,1078,9,0.192,10,0,10,0,0,0,2048,0.000,0.000,auto,30,0.027,1073741824,0,
lltp,petri-nets/MCC,,,AutoFlight_afcs_06_a_5_1.p,intuitionistic,horn,1,,5,0,3,provable,proved,,ok,horn,IMELL,1078,9,0.184,5,0,5,0,0,0,2048,0.000,0.000,auto,30,0.024,1073741824,0,
lltp,petri-nets/MCC,,,AutoFlight_afcs_06_b_20_1.p,intuitionistic,horn,1,,5,0,3,provable,proved,,ok,horn,IMELL,2686,9,0.460,20,0,20,0,0,0,2048,0.000,0.000,auto,30,0.046,1073741824,0,
lltp,petri-nets/MCC,,,AutoFlight_afcs_12_a_1_1.p,intuitionistic,horn,1,,5,0,3,provable,proved,,ok,horn,IMELL,2110,15,0.294,1,0,1,0,0,0,2048,0.000,0.000,auto,30,0.040,1073741824,0,
lltp,petri-nets/MCC,,,AutoFlight_afcs_12_b_100_1.p,intuitionistic,horn,1,,5,0,3,provable,proved,,ok,horn,IMELL,5266,15,0.928,115,0,115,0,0,0,2048,0.000,0.048,auto,30,0.086,1073741824,0,
lltp,petri-nets/MCC,,,AutoFlight_afcs_12_b_50_1.p,intuitionistic,horn,1,,5,0,3,provable,proved,,ok,horn,IMELL,5254,15,0.914,53,0,53,0,0,0,2048,0.000,0.048,auto,30,0.077,1073741824,0,
lltp,petri-nets/MCC,,,AutoFlight_afcs_24_a_20_1.p,intuitionistic,horn,1,,5,0,3,provable,proved,,ok,horn,IMELL,4174,27,0.519,20,0,20,0,0,0,2048,0.000,0.000,auto,30,0.071,1073741824,0,
lltp,petri-nets/MCC,,,AutoFlight_afcs_24_b_10_1.p,intuitionistic,horn,1,,5,0,3,provable,proved,,ok,horn,IMELL,10384,27,1.834,10,0,10,0,0,0,2048,0.000,0.023,auto,30,0.140,1073741824,0,
lltp,petri-nets/MCC,,,AutoFlight_afcs_24_b_5_1.p,intuitionistic,horn,1,,5,0,3,provable,proved,,ok,horn,IMELL,10380,27,1.821,5,0,5,0,0,0,2048,0.000,0.000,auto,30,0.139,1073741824,0,
lltp,petri-nets/MCC,,,AutoFlight_afcs_48_a_50_1.p,intuitionistic,horn,1,,5,0,3,provable,proved,,ok,horn,IMELL,7430,53,1.209,50,0,50,0,0,0,2048,0.000,0.054,auto,30,0.132,1073741824,0,
lltp,petri-nets/MCC,,,AutoFlight_afcs_48_b_1_1.p,intuitionistic,horn,1,,5,0,3,provable,proved,,ok,horn,IMELL,18210,52,3.251,1,0,1,0,0,0,2048,0.000,0.017,auto,30,0.322,1073741824,0,
lltp,petri-nets/MCC,,,AutoFlight_afcs_96_a_100_1.p,intuitionistic,horn,1,,5,0,3,provable,proved,,ok,horn,IMELL,14854,105,2.783,100,0,100,0,0,0,2048,0.000,0.025,auto,30,0.270,1073741824,0,
lltp,petri-nets/MCC,,,AutoFlight_afcs_96_a_5_1.p,intuitionistic,horn,1,,5,0,3,provable,proved,,ok,horn,IMELL,14854,105,2.021,5,0,5,0,0,0,2048,0.000,0.026,auto,30,0.239,1073741824,0,
lltp,petri-nets/MCC,,,AutoFlight_afcs_96_b_20_1.p,intuitionistic,horn,1,,5,0,3,provable,proved,,ok,horn,IMELL,36422,105,6.193,21,0,21,0,0,0,2048,0.000,0.066,auto,30,0.479,1073741824,0,
lltp,petri-nets/MCC,,,BART-002-unf_20_1.p,intuitionistic,horn,1,,5,0,3,provable,proved,,ok,horn,IMELL,29342,391,2.141,2,0,2,0,0,0,2048,0.000,0.033,auto,30,0.236,1073741824,0,
lltp,petri-nets/MCC,,,BART-005-unf_50_1.p,intuitionistic,horn,1,,5,0,3,provable,proved,,ok,horn,IMELL,71726,976,5.430,5,0,5,0,0,0,2048,0.000,0.046,auto,30,0.499,1073741824,0,
lltp,petri-nets/MCC,,,BART-010-unf_20_1.p,intuitionistic,horn,1,,5,0,3,provable,unknown,timeout,,horn,IMELL,142366,1951,5034.946,635180,539263,95917,0,0,0,2048,5020.000,7.632,auto,30,,1073741824,0,
lltp,petri-nets/MCC,,,BART-020-unf_1_1.p,intuitionistic,horn,1,,5,0,3,provable,proved,,ok,horn,IMELL,283646,3901,27.422,1,0,1,0,0,0,2048,20.000,0.108,auto,30,2.014,1073741824,0,
lltp,petri-nets/MCC,,,BART-030-unf_100_1.p,intuitionistic,horn,1,,5,0,3,provable,unknown,timeout,,horn,IMELL,424926,5851,5007.453,225300,189857,35443,0,0,0,2048,4990.000,9.679,auto,30,,1073741824,0,
lltp,petri-nets/MCC,,,BART-030-unf_5_1.p,intuitionistic,horn,1,,5,0,3,provable,proved,,ok,horn,IMELL,424926,5851,39.051,5,0,5,0,0,0,2048,50.000,0.147,auto,30,3.114,1073741824,0,
lltp,petri-nets/MCC,,,BART-040-unf_50_1.p,intuitionistic,horn,1,,5,0,3,provable,unknown,timeout,,horn,IMELL,566206,7801,5011.745,112659,82588,30071,0,0,0,2048,4970.000,34.866,auto,30,,1073741824,0,
lltp,petri-nets/MCC,,,BART-050-unf_20_1.p,intuitionistic,horn,1,,5,0,3,provable,proved,,ok,horn,IMELL,707486,9751,66.019,20,0,20,0,0,0,2048,70.000,0.202,auto,30,4.817,1073741824,0,
lltp,petri-nets/MCC,,,BART-060-unf_1_1.p,intuitionistic,horn,1,,5,0,3,provable,proved,,ok,horn,IMELL,848766,11701,90.730,1,0,1,0,0,0,2048,90.000,0.195,auto,30,6.921,1073741824,0,
lltp,petri-nets/MCC,,,BridgeAndVehicles-V04-P05-N02-unfolded_10_1.p,intuitionistic,horn,1,,5,0,3,provable,proved,,ok,horn,IMELL,748,27,0.131,14,1,13,0,0,0,2048,0.000,0.000,auto,30,0.019,1073741824,0,
lltp,petri-nets/MCC,,,BridgeAndVehicles-V04-P05-N02-unfolded_5_1.p,intuitionistic,horn,1,,5,0,3,provable,proved,,ok,horn,IMELL,748,27,0.122,5,0,5,0,0,0,2048,0.000,0.000,auto,30,0.016,1073741824,0,
lltp,petri-nets/MCC,,,BridgeAndVehicles-V10-P10-N10-unfolded_20_1.p,intuitionistic,horn,1,,5,0,3,provable,proved,,ok,horn,IMELL,4386,223,9.931,30377,19147,11230,0,0,0,2048,0.000,0.528,auto,30,0.057,1073741824,0,
lltp,petri-nets/MCC,,,BridgeAndVehicles-V20-P10-N10-unfolded_10_1.p,intuitionistic,horn,1,,5,0,3,provable,proved,,ok,horn,IMELL,8426,443,0.693,10,0,10,0,0,0,2048,0.000,0.000,auto,30,0.081,1073741824,0,
lltp,petri-nets/MCC,,,BridgeAndVehicles-V20-P10-N10-unfolded_5_1.p,intuitionistic,horn,1,,5,0,3,provable,proved,,ok,horn,IMELL,8426,443,0.679,5,0,5,0,0,0,2048,0.000,0.021,auto,30,0.071,1073741824,0,
lltp,petri-nets/MCC,,,BridgeAndVehicles-V20-P10-N20-unfolded_20_1.p,intuitionistic,horn,1,,5,0,3,provable,proved,,ok,horn,IMELL,14986,843,1.333,20,0,20,0,0,0,2048,0.000,0.028,auto,30,0.129,1073741824,0,
lltp,petri-nets/MCC,,,BridgeAndVehicles-V20-P10-N50-unfolded_10_1.p,intuitionistic,horn,1,,5,0,3,provable,proved,,ok,horn,IMELL,34666,2043,6.164,4492,2603,1889,0,0,0,2048,0.000,0.042,auto,30,0.239,1073741824,0,
lltp,petri-nets/MCC,,,BridgeAndVehicles-V20-P10-N50-unfolded_5_1.p,intuitionistic,horn,1,,5,0,3,provable,proved,,ok,horn,IMELL,34666,2043,4.756,25,6,19,0,0,0,2048,0.000,2.061,auto,30,0.224,1073741824,0,
lltp,petri-nets/MCC,,,BridgeAndVehicles-V20-P20-N10-unfolded_20_1.p,intuitionistic,horn,1,,5,0,3,provable,proved,,ok,horn,IMELL,8546,443,0.924,325,142,183,0,0,0,2048,0.000,0.057,auto,30,0.086,1073741824,0,
lltp,petri-nets/MCC,,,BridgeAndVehicles-V20-P20-N20-unfolded_10_1.p,intuitionistic,horn,1,,5,0,3,provable,proved,,ok,horn,IMELL,15106,843,1.193,10,0,10,0,0,0,2048,0.000,0.000,auto,30,0.121,1073741824,0,
lltp,petri-nets/MCC,,,BridgeAndVehicles-V20-P20-N20-unfolded_5_1.p,intuitionistic,horn,1,,5,0,3,provable,proved,,ok,horn,IMELL,15106,843,1.333,5,0,5,0,0,0,2048,0.000,0.033,auto,30,0.116,1073741824,0,
lltp,petri-nets/MCC,,,BridgeAndVehicles-V20-P20-N50-unfolded_20_1.p,intuitionistic,horn,1,,5,0,3,provable,proved,,ok,horn,IMELL,34786,2043,29.454,42940,26420,16520,0,0,0,2048,30.000,0.074,auto,30,0.251,1073741824,0,
lltp,petri-nets/MCC,,,BridgeAndVehicles-V50-P20-N10-unfolded_10_1.p,intuitionistic,horn,1,,5,0,3,provable,proved,,ok,horn,IMELL,20666,1103,5.592,10,0,10,0,0,0,2048,0.000,3.864,auto,30,0.159,1073741824,0,
lltp,petri-nets/MCC,,,BridgeAndVehicles-V50-P20-N10-unfolded_5_1.p,intuitionistic,horn,1,,5,0,3,provable,proved,,ok,horn,IMELL,20666,1103,3.781,5,0,5,0,0,0,2048,0.000,2.086,auto,30,0.154,1073741824,0,
lltp,petri-nets/MCC,,,BridgeAndVehicles-V50-P20-N20-unfolded_20_1.p,intuitionistic,horn,1,,5,0,3,provable,proved,,ok,horn,IMELL,36826,2103,2.867,22,0,22,0,0,0,2048,0.000,0.042,auto,30,0.254,1073741824,0,
lltp,petri-nets/MCC,,,BridgeAndVehicles-V50-P20-N50-unfolded_10_1.p,intuitionistic,horn,1,,5,0,3,provable,proved,,ok,horn,IMELL,85300,5103,6.994,10,0,10,0,0,0,2048,10.000,0.036,auto,30,0.593,1073741824,0,
lltp,petri-nets/MCC,,,BridgeAndVehicles-V50-P20-N50-unfolded_5_1.p,intuitionistic,horn,1,,5,0,3,provable,proved,,ok,horn,IMELL,85304,5103,9.292,5,0,5,0,0,0,2048,10.000,2.889,auto,30,0.554,1073741824,0,
lltp,petri-nets/MCC,,,BridgeAndVehicles-V50-P50-N10-unfolded_20_1.p,intuitionistic,horn,1,,5,0,3,provable,proved,,ok,horn,IMELL,21026,1103,3.073,2375,1449,926,0,0,0,2048,0.000,0.029,auto,30,0.171,1073741824,0,
lltp,petri-nets/MCC,,,BridgeAndVehicles-V50-P50-N20-unfolded_10_1.p,intuitionistic,horn,1,,5,0,3,provable,proved,,ok,horn,IMELL,37186,2103,3.070,10,0,10,0,0,0,2048,0.000,0.055,auto,30,0.271,1073741824,0,
lltp,petri-nets/MCC,,,BridgeAndVehicles-V50-P50-N20-unfolded_5_1.p,intuitionistic,horn,1,,5,0,3,provable,proved,,ok,horn,IMELL,37186,2103,3.029,5,0,5,0,0,0,2048,0.000,0.069,auto,30,0.277,1073741824,0,
lltp,petri-nets/MCC,,,BridgeAndVehicles-V50-P50-N50-unfolded_20_1.p,intuitionistic,horn,1,,5,0,3,provable,proved,,ok,horn,IMELL,85654,5103,7.098,20,0,20,0,0,0,2048,10.000,0.081,auto,30,0.566,1073741824,0,
lltp,petri-nets/MCC,,,BridgeAndVehicles-V80-P20-N10-unfolded_10_1.p,intuitionistic,horn,1,,5,0,3,provable,proved,,ok,horn,IMELL,32786,1763,2.602,11,0,11,0,0,0,2048,0.000,0.000,auto,30,0.299,1073741824,0,
lltp,petri-nets/MCC,,,BridgeAndVehicles-V80-P20-N10-unfolded_5_1.p,intuitionistic,horn,1,,5,0,3,provable,proved,,ok,horn,IMELL,32784,1763,2.655,5,0,5,0,0,0,2048,0.000,0.045,auto,30,0.250,1073741824,0,
lltp,petri-nets/MCC,,,BridgeAndVehicles-V80-P20-N20-unfolded_20_1.p,intuitionistic,horn,1,,5,0,3,provable,proved,,ok,horn,IMELL,58544,3363,4.559,20,0,20,0,0,0,2048,0.000,0.029,auto,30,0.425,1073741824,0,
lltp,petri-nets/MCC,,,BridgeAndVehicles-V80-P20-N50-unfolded_10_1.p,intuitionistic,horn,1,,5,0,3,provable,proved,,ok,horn,IMELL,135824,8163,10.562,10,0,10,0,0,0,2048,0.000,0.040,auto,30,0.886,1073741824,0,
lltp,petri-nets/MCC,,,BridgeAndVehicles-V80-P20-N50-unfolded_5_1.p,intuitionistic,horn,1,,5,0,3,provable,proved,,ok,horn,IMELL,135824,8163,10.746,5,0,5,0,0,0,2048,0.000,0.051,auto,30,0.906,1073741824,0,
lltp,petri-nets/MCC,,,BridgeAndVehicles-V80-P50-N10-unfolded_20_1.p,intuitionistic,horn,1,,5,0,3,provable,proved,,ok,horn,IMELL,33144,1763,2.861,35,3,32,0,0,0,2048,0.000,0.036,auto,30,0.294,1073741824,0,
lltp,petri-nets/MCC,,,BridgeAndVehicles-V80-P50-N20-unfolded_10_1.p,intuitionistic,horn,1,,5,0,3,provable,proved,,ok,horn,IMELL,58906,3363,4.564,10,0,10,0,0,0,2048,10.000,0.053,auto,30,0.415,1073741824,0,
lltp,petri-nets/MCC,,,BridgeAndVehicles-V80-P50-N20-unfolded_5_1.p,intuitionistic,horn,1,,5,0,3,provable,proved,,ok,horn,IMELL,58906,3363,4.537,5,0,5,0,0,0,2048,0.000,0.045,auto,30,0.414,1073741824,0,
lltp,petri-nets/MCC,,,BridgeAndVehicles-V80-P50-N50-unfolded_20_1.p,intuitionistic,horn,1,,5,0,3,provable,proved,,ok,horn,IMELL,136184,8163,10.731,20,0,20,0,0,0,2048,10.000,0.046,auto,30,0.877,1073741824,0,
lltp,petri-nets/MCC,,,CSRepetitions_cs_repetitions-10-unfolded_5_1.p,intuitionistic,horn,1,,5,0,3,provable,proved,,ok,horn,IMELL,18078,1010,4.444,350,1,349,0,0,0,2048,0.000,0.040,auto,30,0.192,1073741824,0,
lltp,petri-nets/MCC,,,CSRepetitions_cs_repetitions-2-unfolded_20_1.p,intuitionistic,horn,1,,5,0,3,provable,proved,,ok,horn,IMELL,222,10,0.097,8,0,8,0,0,0,2048,0.000,0.000,auto,30,0.010,1073741824,0,
lltp,petri-nets/MCC,,,CSRepetitions_cs_repetitions-3-unfolded_1_1.p,intuitionistic,horn,1,,5,0,3,provable,proved,,ok,horn,IMELL,634,30,0.112,1,0,1,0,0,0,2048,0.000,0.000,auto,30,0.014,1073741824,0,
lltp,petri-nets/MCC,,,CSRepetitions_cs_repetitions-4-unfolded_1_1.p,intuitionistic,horn,1,,5,0,3,provable,proved,,ok,horn,IMELL,1374,68,0.188,1,0,1,0,0,0,2048,0.000,0.000,auto,30,0.022,1073741824,0,
lltp,petri-nets/MCC,,,CSRepetitions_cs_repetitions-5-unfolded_1_1.p,intuitionistic,horn,1,,5,0,3,provable,proved,,ok,horn,IMELL,2538,130,0.393,1,0,1,0,0,0,2048,0.000,0.057,auto,30,0.033,1073741824,0,
lltp,petri-nets/MCC,,,CSRepetitions_cs_repetitions-7-unfolded_1_1.p,intuitionistic,horn,1,,5,0,3,provable,proved,,ok,horn,IMELL,6522,350,0.725,1,0,1,0,0,0,2048,0.000,0.052,auto,30,0.069,1073741824,0,
lltp,petri-nets/MCC,,,CircadianClock_circadian_clock-000001_10_1.p,intuitionistic,horn,1,,5,0,3,provable,proved,,ok,horn,IMELL,142,5,0.056,2,0,2,0,0,0,2048,0.000,0.000,auto,30,0.007,1073741824,0,
lltp,petri-nets/MCC,,,CircadianClock_circadian_clock-000001_5_1.p,intuitionistic,horn,1,,5,0,3,provable,proved,,ok,horn,IMELL,142,5,0.055,1,0,1,0,0,0,2048,0.000,0.000,auto,30,0.006,1073741824,0,
lltp,petri-nets/MCC,,,CircadianClock_circadian_clock-000010_20_1.p,intuitionistic,horn,1,,5,0,3,provable,proved,,ok,horn,IMELL,322,14,0.069,10,0,10,0,0,0,2048,0.000,0.000,auto,30,0.019,1073741824,0,
lltp,petri-nets/MCC,,,CircadianClock_circadian_clock-000100_10_1.p,intuitionistic,horn,1,,5,0,3,provable,proved,,ok,horn,IMELL,2122,104,0.132,10,0,10,0,0,0,2048,0.000,0.000,auto,30,0.119,1073741824,0,
lltp,petri-nets/MCC,,,CircadianClock_circadian_clock-000100_5_1.p,intuitionistic,horn,1,,5,0,3,provable,proved,,ok,horn,IMELL,2122,104,0.125,5,0,5,0,0,0,2048,0.000,0.000,auto,30,0.113,1073741824,0,
lltp,petri-nets/MCC,,,CircadianClock_circadian_clock-001000_20_1.p,intuitionistic,horn,1,,5,0,3,provable,proved,,ok,horn,IMELL,20122,1004,0.958,20,0,20,0,0,0,2048,0.000,0.016,auto,30,1.169,1073741824,0,
lltp,petri-nets/MCC,,,CircularTrains_CircularTrain-012_10_1.p,intuitionistic,horn,1,,5,0,3,provable,proved,,ok,horn,IMELL,142,2,0.067,10,0,10,0,0,0,2048,0.000,0.000,auto,30,0.011,1073741824,0,
lltp,petri-nets/MCC,,,CircularTrains_CircularTrain-012_5_1.p,intuitionistic,horn,1,,5,0,3,provable,proved,,ok,horn,IMELL,142,3,0.055,5,0,5,0,0,0,2048,0.000,0.000,auto,30,0.009,1073741824,0,
lltp,petri-nets/MCC,,,CircularTrains_CircularTrain-024_20_1.p,intuitionistic,horn,1,,5,0,3,provable,proved,,ok,horn,IMELL,286,3,0.088,35,6,29,0,0,0,2048,0.000,0.000,auto,30,0.018,1073741824,0,
lltp,petri-nets/MCC,,,CircularTrains_CircularTrain-048_10_1.p,intuitionistic,horn,1,,5,0,3,provable,proved,,ok,horn,IMELL,574,3,0.106,10,0,10,0,0,0,2048,0.000,0.000,auto,30,0.022,1073741824,0,
lltp,petri-nets/MCC,,,CircularTrains_CircularTrain-048_5_1.p,intuitionistic,horn,1,,5,0,3,provable,proved,,ok,horn,IMELL,574,3,0.092,5,0,5,0,0,0,2048,0.000,0.000,auto,30,0.021,1073741824,0,
lltp,petri-nets/MCC,,,CircularTrains_CircularTrain-096_50_1.p,intuitionistic,horn,1,,5,0,3,provable,proved,,ok,horn,IMELL,1150,3,0.233,50,0,50,0,0,0,2048,0.000,0.000,auto,30,0.049,1073741824,0,
lltp,petri-nets/MCC,,,CircularTrains_CircularTrain-192_20_1.p,intuitionistic,horn,1,,5,0,3,provable,proved,,ok,horn,IMELL,2302,3,0.299,20,0,20,0,0,0,2048,0.000,0.000,auto,30,0.065,1073741824,0,
lltp,petri-nets/MCC,,,CircularTrains_CircularTrain-384_1_1.p,intuitionistic,horn,1,,5,0,3,provable,proved,,ok,horn,IMELL,4606,3,0.448,1,0,1,0,0,0,2048,0.000,0.000,auto,30,0.114,1073741824,0,
lltp,petri-nets/MCC,,,CircularTrains_CircularTrain-768_100_1.p,intuitionistic,horn,1,,5,0,3,provable,proved,,ok,horn,IMELL,9214,3,2.482,100,0,100,0,0,0,2048,0.000,0.000,auto,30,0.388,1073741824,0,
lltp,petri-nets/MCC,,,CircularTrains_CircularTrain-768_5_1.p,intuitionistic,horn,1,,5,0,3,provable,proved,,ok,horn,IMELL,9214,3,1.004,5,0,5,0,0,0,2048,0.000,0.000,auto,30,0.217,1073741824,0,
lltp,petri-nets/MCC,,,ClientsAndServers-0001-0_20_1.p,intuitionistic,horn,1,,5,0,3,provable,proved,,ok,horn,IMELL,182,9,0.075,21,0,21,0,0,0,2048,0.000,0.000,auto,30,0.015,1073741824,0,
lltp,petri-nets/MCC,,,ClientsAndServers-0002-0_10_1.p,intuitionistic,horn,1,,5,0,3,provable,proved,,ok,horn,IMELL,262,17,0.071,10,0,10,0,0,0,2048,0.000,0.000,auto,30,0.015,1073741824,0,
lltp,petri-nets/MCC,,,ClientsAndServers-0002-0_5_1.p,intuitionistic,horn,1,,5,0,3,provable,proved,,ok,horn,IMELL,252,17,0.070,5,0,5,0,0,0,2048,0.000,0.000,auto,30,0.016,1073741824,0,
lltp,petri-nets/MCC,,,ClientsAndServers-0002-1_20_1.p,intuitionistic,horn,1,,5,0,3,provable,proved,,ok,horn,IMELL,290,17,0.074,20,0,20,0,0,0,2048,0.000,0.000,auto,30,0.018,1073741824,0,
lltp,petri-nets/MCC,,,ClientsAndServers-0005-0_10_1.p,intuitionistic,horn,1,,5,0,3,provable,proved,,ok,horn,IMELL,466,41,0.074,10,0,10,0,0,0,2048,0.000,0.000,auto,30,0.028,1073741824,0,
lltp,petri-nets/MCC,,,ClientsAndServers-0005-0_5_1.p,intuitionistic,horn,1,,5,0,3,provable,proved,,ok,horn,IMELL,456,41,0.073,5,0,5,0,0,0,2048,0.000,0.000,auto,30,0.026,1073741824,0,
lltp,petri-nets/MCC,,,ClientsAndServers-0005-1_20_1.p,intuitionistic,horn,1,,5,0,3,provable,proved,,ok,horn,IMELL,506,41,0.084,20,0,20,0,0,0,2048,0.000,0.000,auto,30,0.031,1073741824,0,
lltp,petri-nets/MCC,,,ClientsAndServers-0010-0_10_1.p,intuitionistic,horn,1,,5,0,3,provable,proved,,ok,horn,IMELL,806,81,0.086,10,0,10,0,0,0,2048,0.000,0.000,auto,30,0.044,1073741824,0,
lltp,petri-nets/MCC,,,ClientsAndServers-0010-0_5_1.p,intuitionistic,horn,1,,5,0,3,provable,proved,,ok,horn,IMELL,796,81,0.088,5,0,5,0,0,0,2048,0.000,0.000,auto,30,0.042,1073741824,0,
lltp,petri-nets/MCC,,,ClientsAndServers-0010-1_20_1.p,intuitionistic,horn,1,,5,0,3,provable,proved,,ok,horn,IMELL,846,81,0.093,20,0,20,0,0,0,2048,0.000,0.000,auto,30,0.053,1073741824,0,
lltp,petri-nets/MCC,,,ClientsAndServers-0010-2_10_1.p,intuitionistic,horn,1,,5,0,3,provable,proved,,ok,horn,IMELL,846,81,0.092,10,0,10,0,0,0,2048,0.000,0.000,auto,30,0.046,1073741824,0,
lltp,petri-nets/MCC,,,ClientsAndServers-0010-2_5_1.p,intuitionistic,horn,1,,5,0,3,provable,proved,,ok,horn,IMELL,836,81,0.081,5,0,5,0,0,0,2048,0.000,0.000,auto,30,0.043,1073741824,0,
lltp,petri-nets/MCC,,,ClientsAndServers-0020-0_20_1.p,intuitionistic,horn,1,,5,0,3,provable,proved,,ok,horn,IMELL,1506,161,0.127,20,0,20,0,0,0,2048,0.000,0.000,auto,30,0.084,1073741824,0,
lltp,petri-nets/MCC,,,ClientsAndServers-0020-1_10_1.p,intuitionistic,horn,1,,5,0,3,provable,proved,,ok,horn,IMELL,1506,161,0.153,10,0,10,0,0,0,2048,0.000,0.000,auto,30,0.083,1073741824,0,
lltp,petri-nets/MCC,,,ClientsAndServers-0020-1_5_1.p,intuitionistic,horn,1,,5,0,3,provable,proved,,ok,horn,IMELL,1496,161,0.126,5,0,5,0,0,0,2048,0.000,0.000,auto,30,0.082,1073741824,0,
lltp,petri-nets/MCC,,,ClientsAndServers-0020-2_20_1.p,intuitionistic,horn,1,,5,0,3,provable,proved,,ok,horn,IMELL,1546,161,0.132,20,0,20,0,0,0,2048,0.000,0.000,auto,30,0.087,1073741824,0,
lltp,petri-nets/MCC,,,ClientsAndServers-0020-3_10_1.p,intuitionistic,horn,1,,5,0,3,provable,proved,,ok,horn,IMELL,1546,161,0.119,10,0,10,0,0,0,2048,0.000,0.000,auto,30,0.084,1073741824,0,
lltp,petri-nets/MCC,,,ClientsAndServers-0020-3_5_1.p,intuitionistic,horn,1,,5,0,3,provable,proved,,ok,horn,IMELL,1536,161,0.141,5,0,5,0,0,0,2048,0.000,0.000,auto,30,0.085,1073741824,0,
lltp,petri-nets/MCC,,,ClientsAndServers-0020-4_20_1.p,intuitionistic,horn,1,,5,0,3,provable,proved,,ok,horn,IMELL,1586,161,0.136,20,0,20,0,0,0,2048,0.000,0.000,auto,30,0.087,1073741824,0,
lltp,petri-nets/MCC,,,ClientsAndServers-0050-0_10_1.p,intuitionistic,horn,1,,5,0,3,provable,proved,,ok,horn,IMELL,3526,401,0.196,10,0,10,0,0,0,2048,0.000,0.000,auto,30,0.201,1073741824,0,
lltp,petri-nets/MCC,,,ClientsAndServers-0050-0_5_1.p,intuitionistic,horn,1,,5,0,3,provable,proved,,ok,horn,IMELL,3516,401,0.191,5,0,5,0,0,0,2048,0.000,0.000,auto,30,0.199,1073741824,0,
lltp,petri-nets/MCC,,,ClientsAndServers-0100-0_20_1.p,intuitionistic,horn,1,,5,0,3,provable,proved,,ok,horn,IMELL,6946,801,0.372,20,0,20,0,0,0,2048,0.000,0.000,auto,30,0.390,1073741824,0,
lltp,petri-nets/MCC,,,ClientsAndServers-0200-0_10_1.p,intuitionistic,horn,1,,5,0,3,provable,proved,,ok,horn,IMELL,13726,1601,0.764,10,0,10,0,0,0,2048,0.000,0.056,auto,30,0.825,1073741824,0,
lltp,petri-nets/MCC,,,ClientsAndServers-0200-0_5_1.p,intuitionistic,horn,1,,5,0,3,provable,proved,,ok,horn,IMELL,13716,1601,0.752,5,0,5,0,0,0,2048,0.000,0.051,auto,30,0.806,1073741824,0,
lltp,petri-nets/MCC,,,ClientsAndServers-0500-0_20_1.p,intuitionistic,horn,1,,5,0,3,provable,proved,,ok,horn,IMELL,34146,4001,1.625,20,0,20,0,0,0,2048,0.000,0.000,auto,30,2.242,1073741824,0,
lltp,petri-nets/MCC,,,ClientsAndServers-1000-0_10_1.p,intuitionistic,horn,1,,5,0,3,provable,proved,,ok,horn,IMELL,68126,8001,3.442,10,0,10,0,0,0,2048,0.000,0.037,auto,30,3.944,1073741824,0,
lltp,petri-nets/MCC,,,ClientsAndServers-1000-0_5_1.p,intuitionistic,horn,1,,5,0,3,provable,proved,,ok,horn,IMELL,68116,8001,3.561,5,0,5,0,0,0,2048,0.000,0.035,auto,30,4.233,1073741824,0,
lltp,petri-nets/MCC,,,CloudDeployment_deploy_2_a_20_1.p,intuitionistic,horn,1,,5,0,3,provable,proved,,ok,horn,IMELL,1662,44,0.244,1,0,1,0,0,0,2048,0.000,0.000,auto,30,0.022,1073741824,0,
lltp,petri-nets/MCC,,,CloudDeployment_deploy_2_b_10_1.p,intuitionistic,horn,1,,5,0,3,provable,proved,,ok,horn,IMELL,4018,49,0.618,10,0,10,0,0,0,2048,0.000,0.000,auto,30,0.052,1073741824,0,
lltp,petri-nets/MCC,,,CloudDeployment_deploy_2_b_5_1.p,intuitionistic,horn,1,,5,0,3,provable,proved,,ok,horn,IMELL,4014,49,0.604,5,0,5,0,0,0,2048,0.000,0.000,auto,30,0.056,1073741824,0,
lltp,petri-nets/MCC,,,CloudDeployment_deploy_3_a_20_1.p,intuitionistic,horn,1,,5,0,3,provable,proved,,ok,horn,IMELL,3250,92,0.362,2,0,2,0,0,0,2048,0.000,0.000,auto,30,0.035,1073741824,0,
lltp,petri-nets/MCC,,,CloudDeployment_deploy_3_b_10_1.p,intuitionistic,horn,1,,5,0,3,provable,proved,,ok,horn,IMELL,8200,109,1.137,10,0,10,0,0,0,2048,0.000,0.000,auto,30,0.090,1073741824,0,
lltp,petri-nets/MCC,,,CloudDeployment_deploy_3_b_5_1.p,intuitionistic,horn,1,,5,0,3,provable,proved,,ok,horn,IMELL,8198,109,1.142,5,0,5,0,0,0,2048,0.000,0.000,auto,30,0.089,1073741824,0,
lltp,petri-nets/MCC,,,CloudDeployment_deploy_4_a_5_1.p,intuitionistic,horn,1,,5,0,3,provable,proved,,ok,horn,IMELL,5350,158,0.516,1,0,1,0,0,0,2048,0.000,0.000,auto,30,0.051,1073741824,0,
lltp,petri-nets/MCC,,,CloudDeployment_deploy_4_b_20_1.p,intuitionistic,horn,1,,5,0,3,provable,proved,,ok,horn,IMELL,18016,256,1.852,20,0,20,0,0,0,2048,0.000,0.029,auto,30,0.155,1073741824,0,
lltp,petri-nets/MCC,,,CloudDeployment_deploy_5_a_10_1.p,intuitionistic,horn,1,,5,0,3,provable,proved,,ok,horn,IMELL,7962,242,0.807,2,0,2,0,0,0,2048,0.000,0.016,auto,30,0.071,1073741824,0,
lltp,petri-nets/MCC,,,CloudDeployment_deploy_5_b_10_1.p,intuitionistic,horn,1,,5,0,3,provable,proved,,ok,horn,IMELL,51580,1024,5.097,10,0,10,0,0,0,2048,0.000,0.049,auto,30,0.338,1073741824,0,
lltp,petri-nets/MCC,,,CloudDeployment_deploy_5_b_5_1.p,intuitionistic,horn,1,,5,0,3,provable,proved,,ok,horn,IMELL,51576,1024,5.096,5,0,5,0,0,0,2048,0.000,0.035,auto,30,0.322,1073741824,0,
lltp,petri-nets/MCC,,,CloudDeployment_deploy_6_b_10_1.p,intuitionistic,horn,1,,5,0,3,provable,proved,,ok,horn,IMELL,191868,4096,15.137,10,0,10,0,0,0,2048,10.000,0.054,auto,30,0.939,1073741824,0,
lltp,petri-nets/MCC,,,CloudDeployment_deploy_6_b_5_1.p,intuitionistic,horn,1,,5,0,3,provable,proved,,ok,horn,IMELL,191864,4096,15.401,5,0,5,0,0,0,2048,10.000,0.070,auto,30,0.898,1073741824,0,
lltp,petri-nets/MCC,,,CloudDeployment_deploy_7_b_10_1.p,intuitionistic,horn,1,,5,0,3,provable,proved,,ok,horn,IMELL,812114,16384,60.019,10,0,10,0,0,0,2048,50.000,0.177,auto,30,3.396,1073741824,0,
lltp,petri-nets/MCC,,,CloudDeployment_deploy_7_b_5_1.p,intuitionistic,horn,1,,5,0,3,provable,proved,,ok,horn,IMELL,812106,16384,61.306,5,0,5,0,0,0,2048,60.000,0.168,auto,30,3.377,1073741824,0,
lltp,petri-nets/MCC,,,CloudReconfiguration_reconf_3_01_20_1.p,intuitionistic,horn,1,,5,0,3,provable,proved,,ok,horn,IMELL,12926,129,2.430,20,0,20,0,0,0,2048,0.000,0.028,auto,30,0.185,1073741824,0,
lltp,petri-nets/MCC,,,CloudReconfiguration_reconf_3_02_10_1.p,intuitionistic,horn,1,,5,0,3,provable,proved,,ok,horn,IMELL,12930,129,2.524,10,0,10,0,0,0,2048,0.000,0.025,auto,30,0.184,1073741824,0,
lltp,petri-nets/MCC,,,CloudReconfiguration_reconf_3_02_5_1.p,intuitionistic,horn,1,,5,0,3,provable,proved,,ok,horn,IMELL,12930,129,2.527,5,0,5,0,0,0,2048,0.000,0.022,auto,30,0.174,1073741824,0,
lltp,petri-nets/MCC,,,CloudReconfiguration_reconf_3_03_20_1.p,intuitionistic,horn,1,,5,0,3,provable,proved,,ok,horn,IMELL,12926,129,2.556,20,0,20,0,0,0,2048,0.000,0.046,auto,30,0.186,1073741824,0,
lltp,petri-nets/MCC,,,CloudReconfiguration_reconf_3_04_10_1.p,intuitionistic,horn,1,,5,0,3,provable,proved,,ok,horn,IMELL,12922,129,3.535,10,0,10,0,0,0,2048,0.000,1.130,auto,30,0.184,1073741824,0,
lltp,petri-nets/MCC,,,CloudReconfiguration_reconf_3_04_5_1.p,intuitionistic,horn,1,,5,0,3,provable,proved,,ok,horn,IMELL,12922,129,2.445,5,0,5,0,0,0,2048,0.000,0.025,auto,30,0.178,1073741824,0,
lltp,petri-nets/MCC,,,CloudReconfiguration_reconf_3_05_20_1.p,intuitionistic,horn,1,,5,0,3,provable,proved,,ok,horn,IMELL,12934,129,2.409,20,0,20,0,0,0,2048,0.000,0.024,auto,30,0.178,1073741824,0,
lltp,petri-nets/MCC,,,CloudReconfiguration_reconf_3_06_10_1.p,intuitionistic,horn,1,,5,0,3,provable,proved,,ok,horn,IMELL,12922,129,2.462,10,0,10,0,0,0,2048,0.000,0.024,auto,30,0.179,1073741824,0,
lltp,petri-nets/MCC,,,CloudReconfiguration_reconf_3_06_5_1.p,intuitionistic,horn,1,,5,0,3,provable,proved,,ok,horn,IMELL,12922,129,2.485,5,0,5,0,0,0,2048,0.000,0.021,auto,30,0.177,1073741824,0,
lltp,petri-nets/MCC,,,CloudReconfiguration_reconf_3_07_20_1.p,intuitionistic,horn,1,,5,0,3,provable,proved,,ok,horn,IMELL,12926,129,2.454,20,0,20,0,0,0,2048,0.000,0.024,auto,30,0.179,1073741824,0,
lltp,petri-nets/MCC,,,CloudReconfiguration_reconf_3_08_10_1.p,intuitionistic,horn,1,,5,0,3,provable,proved,,ok,horn,IMELL,12930,129,2.507,10,0,10,0,0,0,2048,0.000,0.026,auto,30,0.182,1073741824,0,
lltp,petri-nets/MCC,,,CloudReconfiguration_reconf_3_08_5_1.p,intuitionistic,horn,1,,5,0,3,provable,proved,,ok,horn,IMELL,12930,129,2.450,5,0,5,0,0,0,2048,0.000,0.025,auto,30,0.229,1073741824,0,
lltp,petri-nets/MCC,,,CloudReconfiguration_reconf_3_09_20_1.p,intuitionistic,horn,1,,5,0,3,provable,proved,,ok,horn,IMELL,12934,129,2.558,20,0,20,0,0,0,2048,0.000,0.033,auto,30,0.177,1073741824,0,
lltp,petri-nets/MCC,,,CloudReconfiguration_reconf_3_10_10_1.p,intuitionistic,horn,1,,5,0,3,provable,proved,,ok,horn,IMELL,12930,129,2.602,10,0,10,0,0,0,2048,0.000,0.022,auto,30,0.178,1073741824,0,
lltp,petri-nets/MCC,,,CloudReconfiguration_reconf_3_10_5_1.p,intuitionistic,horn,1,,5,0,3,provable,proved,,ok,horn,IMELL,12930,129,2.435,5,0,5,0,0,0,2048,0.000,0.033,auto,30,0.177,1073741824,0,
lltp,petri-nets/MCC,,,CloudReconfiguration_reconf_3_11_20_1.p,intuitionistic,horn,1,,5,0,3,provable,proved,,ok,horn,IMELL,12934,129,2.424,20,0,20,0,0,0,2048,0.000,0.022,auto,30,0.193,1073741824,0,
lltp,petri-nets/MCC,,,CloudReconfiguration_reconf_3_12_10_1.p,intuitionistic,horn,1,,5,0,3,provable,proved,,ok,horn,IMELL,12930,129,2.445,10,0,10,0,0,0,2048,0.000,0.032,auto,30,0.179,1073741824,0,
lltp,petri-nets/MCC,,,CloudReconfiguration_reconf_3_12_5_1.p,intuitionistic,horn,1,,5,0,3,provable,proved,,ok,horn,IMELL,12930,129,2.500,5,0,5,0,0,0,2048,0.000,0.025,auto,30,0.179,1073741824,0,
lltp,petri-nets/MCC,,,CloudReconfiguration_reconf_3_13_20_1.p,intuitionistic,horn,1,,5,0,3,provable,proved,,ok,horn,IMELL,12934,129,2.460,20,0,20,0,0,0,2048,0.000,0.021,auto,30,0.181,1073741824,0,
lltp,petri-nets/MCC,,,CloudReconfiguration_reconf_3_14_10_1.p,intuitionistic,horn,1,,5,0,3,provable,proved,,ok,horn,IMELL,12930,129,2.484,10,0,10,0,0,0,2048,0.000,0.000,auto,30,0.186,1073741824,0,
lltp,petri-nets/MCC,,,CloudReconfiguration_reconf_3_14_5_1.p,intuitionistic,horn,1,,5,0,3,provable,proved,,ok,horn,IMELL,12930,129,2.495,5,0,5,0,0,0,2048,0.000,0.030,auto,30,0.182,1073741824,0,
lltp,petri-nets/MCC,,,CloudReconfiguration_reconf_3_15_20_1.p,intuitionistic,horn,1,,5,0,3,provable,proved,,ok,horn,IMELL,12934,129,2.487,20,0,20,0,0,0,2048,0.000,0.035,auto,30,0.180,1073741824,0,
lltp,petri-nets/MCC,,,CloudReconfiguration_reconf_3_16_10_1.p,intuitionistic,horn,1,,5,0,3,provable,proved,,ok,horn,IMELL,12930,129,2.390,10,0,10,0,0,0,2048,0.000,0.025,auto,30,0.175,1073741824,0,
lltp,petri-nets/MCC,,,CloudReconfiguration_reconf_3_16_5_1.p,intuitionistic,horn,1,,5,0,3,provable,proved,,ok,horn,IMELL,12930,129,2.414,5,0,5,0,0,0,2048,0.000,0.022,auto,30,0.169,1073741824,0,
lltp,petri-nets/MCC,,,CloudReconfiguration_reconf_3_17_20_1.p,intuitionistic,horn,1,,5,0,3,provable,proved,,ok,horn,IMELL,12966,129,2.466,20,0,20,0,0,0,2048,0.000,0.032,auto,30,0.175,1073741824,0,
lltp,petri-nets/MCC,,,CloudReconfiguration_reconf_3_18_10_1.p,intuitionistic,horn,1,,5,0,3,provable,proved,,ok,horn,IMELL,12962,129,2.530,10,0,10,0,0,0,2048,0.000,0.024,auto,30,0.179,1073741824,0,
lltp,petri-nets/MCC,,,CloudReconfiguration_reconf_3_18_5_1.p,intuitionistic,horn,1,,5,0,3,provable,proved,,ok,horn,IMELL,12962,129,2.473,5,0,5,0,0,0,2048,0.000,0.028,auto,30,0.177,1073741824,0,
lltp,petri-nets/MCC,,,CloudReconfiguration_reconf_3_19_20_1.p,intuitionistic,horn,1,,5,0,3,provable,proved,,ok,horn,IMELL,12966,129,2.418,20,0,20,0,0,0,2048,0.000,0.029,auto,30,0.175,1073741824,0,
lltp,petri-nets/MCC,,,CloudReconfiguration_reconf_3_20_10_1.p,intuitionistic,horn,1,,5,0,3,provable,proved,,ok,horn,IMELL,12962,129,2.403,10,0,10,0,0,0,2048,0.000,0.028,auto,30,0.178,1073741824,0,
lltp,petri-nets/MCC,,,CloudReconfiguration_reconf_3_20_5_1.p,intuitionistic,horn,1,,5,0,3,provable,proved,,ok,horn,IMELL,12962,129,2.431,5,0,5,0,0,0,2048,0.000,0.029,auto,30,0.184,1073741824,0,
lltp,petri-nets/MCC,,,CloudReconfiguration_reconf_4_01_20_1.p,intuitionistic,horn,1,,5,0,3,provable,proved,,ok,horn,IMELL,17788,172,3.780,20,0,20,0,0,0,2048,0.000,0.026,auto,30,0.263,1073741824,0,
lltp,petri-nets/MCC,,,CloudReconfiguration_reconf_4_02_10_1.p,intuitionistic,horn,1,,5,0,3,provable,proved,,ok,horn,IMELL,17782,172,3.801,10,0,10,0,0,0,2048,0.000,0.022,auto,30,0.261,1073741824,0,
lltp,petri-nets/MCC,,,CloudReconfiguration_reconf_4_02_5_1.p,intuitionistic,horn,1,,5,0,3,provable,proved,,ok,horn,IMELL,17782,172,3.799,5,0,5,0,0,0,2048,0.000,0.044,auto,30,0.267,1073741824,0,
lltp,petri-nets/MCC,,,DES_des_00_a_1_1.p,intuitionistic,horn,1,,5,0,3,provable,proved,,ok,horn,IMELL,828,6,0.146,1,0,1,0,0,0,2048,0.000,0.000,auto,30,0.020,1073741824,0,
lltp,petri-nets/MCC,,,DES_des_00_b_100_1.p,intuitionistic,horn,1,,5,0,3,provable,proved,,ok,horn,IMELL,1396,6,9.640,24073,16536,7537,0,0,0,2048,0.000,0.081,auto,30,0.058,1073741824,0,
lltp,petri-nets/MCC,,,DES_des_00_b_50_1.p,intuitionistic,horn,1,,5,0,3,provable,proved,,ok,horn,IMELL,1386,6,7.871,19582,13609,5973,0,0,0,2048,0.000,0.064,auto,30,0.047,1073741824,0,
lltp,petri-nets/MCC,,,DES_des_01_a_20_1.p,intuitionistic,horn,1,,5,0,3,provable,proved,,ok,horn,IMELL,846,7,0.308,319,173,146,0,0,0,2048,0.000,0.000,auto,30,0.029,1073741824,0,
lltp,petri-nets/MCC,,,DES_des_01_b_10_1.p,intuitionistic,horn,1,,5,0,3,provable,proved,,ok,horn,IMELL,1384,6,0.265,10,0,10,0,0,0,2048,0.000,0.000,auto,30,0.028,1073741824,0,
lltp,petri-nets/MCC,,,DES_des_01_b_5_1.p,intuitionistic,horn,1,,5,0,3,provable,proved,,ok,horn,IMELL,1378,6,0.248,5,0,5,0,0,0,2048,0.000,0.000,auto,30,0.025,1073741824,0,
lltp,petri-nets/MCC,,,DES_des_02_a_50_1.p,intuitionistic,horn,1,,5,0,3,provable,proved,,ok,horn,IMELL,888,7,20.482,33400,23466,9934,0,0,0,2048,10.000,5.477,auto,30,0.043,1073741824,0,
lltp,petri-nets/MCC,,,DES_des_02_b_1_1.p,intuitionistic,horn,1,,5,0,3,provable,proved,,ok,horn,IMELL,1402,6,0.284,1,0,1,0,0,0,2048,0.000,0.000,auto,30,0.025,1073741824,0,
lltp,petri-nets/MCC,,,DES_des_05_a_10_1.p,intuitionistic,horn,1,,5,0,3,provable,proved,,ok,horn,IMELL,1008,10,0.186,12,1,11,0,0,0,2048,0.000,0.000,auto,30,0.029,1073741824,0,
lltp,petri-nets/MCC,,,DES_des_05_a_5_1.p,intuitionistic,horn,1,,5,0,3,provable,proved,,ok,horn,IMELL,1006,10,0.168,5,0,5,0,0,0,2048,0.000,0.000,auto,30,0.024,1073741824,0,
lltp,petri-nets/MCC,,,DES_des_05_b_20_1.p,intuitionistic,horn,1,,5,0,3,provable,proved,,ok,horn,IMELL,1532,6,0.290,20,0,20,0,0,0,2048,0.000,0.000,auto,30,0.032,1073741824,0,
lltp,petri-nets/MCC,,,DES_des_10_a_1_1.p,intuitionistic,horn,1,,5,0,3,provable,proved,,ok,horn,IMELL,1194,15,0.184,1,0,1,0,0,0,2048,0.000,0.000,auto,30,0.023,1073741824,0,
lltp,petri-nets/MCC,,,DES_des_10_b_100_1.p,intuitionistic,horn,1,,5,0,3,provable,proved,,ok,horn,IMELL,1742,10,45.544,121677,91397,30280,0,0,0,2048,40.000,0.103,auto,30,0.065,1073741824,0,
lltp,petri-nets/MCC,,,DES_des_10_b_50_1.p,intuitionistic,horn,1,,5,0,3,provable,proved,,ok,horn,IMELL,1742,10,0.358,63,1,62,0,0,0,2048,0.000,0.000,auto,30,0.047,1073741824,0,
lltp,petri-nets/MCC,,,DES_des_20_a_1_1.p,intuitionistic,horn,1,,5,0,3,provable,proved,,ok,horn,IMELL,1574,25,0.216,1,0,1,0,0,0,2048,0.000,0.000,auto,30,0.026,1073741824,0,
lltp,petri-nets/MCC,,,DES_des_20_b_100_1.p,intuitionistic,horn,1,,5,0,3,provable,proved,,ok,horn,IMELL,2062,20,8.953,20315,13919,6396,0,0,0,2048,0.000,0.077,auto,30,0.062,1073741824,0,
lltp,petri-nets/MCC,,,DES_des_20_b_50_1.p,intuitionistic,horn,1,,5,0,3,provable,proved,,ok,horn,IMELL,2062,20,0.380,63,1,62,0,0,0,2048,0.000,0.000,auto,30,0.051,1073741824,0,
lltp,petri-nets/MCC,,,DES_des_30_a_1_1.p,intuitionistic,horn,1,,5,0,3,provable,proved,,ok,horn,IMELL,1942,35,0.247,1,0,1,0,0,0,2048,0.000,0.000,auto,30,0.029,1073741824,0,
lltp,petri-nets/MCC,,,DES_des_30_b_100_1.p,intuitionistic,horn,1,,5,0,3,provable,proved,,ok,horn,IMELL,2374,30,44.749,107078,79249,27829,0,0,0,2048,40.000,0.129,auto,30,0.065,1073741824,0,
lltp,petri-nets/MCC,,,DES_des_30_b_50_1.p,intuitionistic,horn,1,,5,0,3,provable,proved,,ok,horn,IMELL,2328,31,9.981,22274,15025,7249,0,0,0,2048,0.000,0.316,auto,30,0.051,1073741824,0,
lltp,petri-nets/MCC,,,DES_des_40_a_1_1.p,intuitionistic,horn,1,,5,0,3,provable,proved,,ok,horn,IMELL,2322,45,0.307,1,0,1,0,0,0,2048,0.000,0.000,auto,30,0.037,1073741824,0,
lltp,petri-nets/MCC,,,DES_des_40_b_100_1.p,intuitionistic,horn,1,,5,0,3,provable,proved,,ok,horn,IMELL,2694,40,45.054,102229,75408,26821,0,0,0,2048,40.000,0.185,auto,30,0.066,1073741824,0,
lltp,petri-nets/MCC,,,DES_des_40_b_50_1.p,intuitionistic,horn,1,,5,0,3,provable,proved,,ok,horn,IMELL,2648,41,10.321,22274,15025,7249,0,0,0,2048,10.000,0.070,auto,30,0.109,1073741824,0,
lltp,petri-nets/MCC,,,DES_des_50_a_1_1.p,intuitionistic,horn,1,,5,0,3,provable,proved,,ok,horn,IMELL,2702,55,0.346,1,0,1,0,0,0,2048,0.000,0.000,auto,30,0.040,1073741824,0,
lltp,petri-nets/MCC,,,DES_des_50_b_100_1.p,intuitionistic,horn,1,,5,0,3,provable,proved,,ok,horn,IMELL,3014,50,45.325,99820,73370,26450,0,0,0,2048,40.000,0.114,auto,30,0.069,1073741824,0,
lltp,petri-nets/MCC,,,DES_des_50_b_50_1.p,intuitionistic,horn,1,,5,0,3,provable,proved,,ok,horn,IMELL,2970,51,868.470,1916226,1473994,442232,0,0,0,2048,850.000,1.408,auto,30,0.056,1073741824,0,
lltp,petri-nets/MCC,,,DES_des_60_a_1_1.p,intuitionistic,horn,1,,5,0,3,provable,proved,,ok,horn,IMELL,3082,65,0.364,1,0,1,0,0,0,2048,0.000,0.000,auto,30,0.039,1073741824,0,
lltp,petri-nets/MCC,,,DES_des_60_b_100_1.p,intuitionistic,horn,1,,5,0,3,provable,proved,,ok,horn,IMELL,3334,60,46.706,98386,72216,26170,0,0,0,2048,40.000,0.197,auto,30,0.074,1073741824,0,
lltp,petri-nets/MCC,,,DES_des_60_b_50_1.p,intuitionistic,horn,1,,5,0,3,provable,proved,,ok,horn,IMELL,3290,61,917.658,1906193,1465683,440510,0,0,0,2048,900.000,1.780,auto,30,0.058,1073741824,0,
lltp,petri-nets/MCC,,,DLCround_dlcro_03_a_5_1.p,intuitionistic,horn,1,,5,0,3,provable,proved,,ok,horn,IMELL,4642,33,0.437,1,0,1,0,0,0,2048,0.000,0.000,auto,30,0.060,1073741824,0,
lltp,petri-nets/MCC,,,DLCround_dlcro_03_b_50_1.p,intuitionistic,horn,1,,5,0,3,provable,proved,,ok,horn,IMELL,9632,11,1.424,25,0,25,0,0,0,2048,0.000,0.022,auto,30,0.129,1073741824,0,
lltp,petri-nets/MCC,,,DLCround_dlcro_04_a_5_1.p,intuitionistic,horn,1,,5,0,3,provable,proved,,ok,horn,IMELL,6286,37,0.585,2,0,2,0,0,0,2048,0.000,0.000,auto,30,0.142,1073741824,0,
lltp,petri-nets/MCC,,,DLCround_dlcro_04_b_20_1.p,intuitionistic,horn,1,,5,0,3,provable,proved,,ok,horn,IMELL,12354,12,1.857,20,0,20,0,0,0,2048,0.000,0.034,auto,30,0.154,1073741824,0,
lltp,petri-nets/MCC,,,DLCround_dlcro_05_a_20_1.p,intuitionistic,horn,1,,5,0,3,provable,proved,,ok,horn,IMELL,8146,41,0.818,23,0,23,0,0,0,2048,0.000,0.058,auto,30,0.100,1073741824,0,
lltp,petri-nets/MCC,,,DLCround_dlcro_05_b_20_1.p,intuitionistic,horn,1,,5,0,3,provable,proved,,ok,horn,IMELL,15304,13,2.323,30,1,29,0,0,0,2048,0.000,0.048,auto,30,0.170,1073741824,0,
lltp,petri-nets/MCC,,,DLCround_dlcro_06_a_20_1.p,intuitionistic,horn,1,,5,0,3,provable,proved,,ok,horn,IMELL,10222,45,1.049,23,0,23,0,0,0,2048,0.000,0.063,auto,30,0.120,1073741824,0,
lltp,petri-nets/MCC,,,DLCround_dlcro_06_b_1_1.p,intuitionistic,horn,1,,5,0,3,provable,proved,,ok,horn,IMELL,18580,14,3.010,1,0,1,0,0,0,2048,0.000,0.036,auto,30,0.225,1073741824,0,
lltp,petri-nets/MCC,,,DLCround_dlcro_07_a_1_1.p,intuitionistic,horn,1,,5,0,3,provable,proved,,ok,horn,IMELL,12514,49,1.160,1,0,1,0,0,0,2048,0.000,0.000,auto,30,0.137,1073741824,0,
lltp,petri-nets/MCC,,,DLCround_dlcro_07_b_10_1.p,intuitionistic,horn,1,,5,0,3,provable,proved,,ok,horn,IMELL,22156,15,3.792,10,0,10,0,0,0,2048,0.000,0.050,auto,30,0.308,1073741824,0,
lltp,petri-nets/MCC,,,DLCround_dlcro_07_b_5_1.p,intuitionistic,horn,1,,5,0,3,provable,proved,,ok,horn,IMELL,22152,15,3.585,5,0,5,0,0,0,2048,0.000,0.025,auto,30,0.308,1073741824,0,
lltp,petri-nets/MCC,,,DLCround_dlcro_08_a_5_1.p,intuitionistic,horn,1,,5,0,3,provable,proved,,ok,horn,IMELL,15022,53,1.420,5,0,5,0,0,0,2048,0.000,0.000,auto,30,0.180,1073741824,0,
lltp,petri-nets/MCC,,,DLCround_dlcro_08_b_50_1.p,intuitionistic,horn,1,,5,0,3,provable,proved,,ok,horn,IMELL,26014,16,4.193,64,3,61,0,0,0,2048,0.000,0.075,auto,30,0.293,1073741824,0,
lltp,petri-nets/MCC,,,DLCround_dlcro_09_a_50_1.p,intuitionistic,horn,1,,5,0,3,provable,proved,,ok,horn,IMELL,17746,57,1.792,39,1,38,0,0,0,2048,0.000,0.000,auto,30,0.208,1073741824,0,
lltp,petri-nets/MCC,,,DLCround_dlcro_09_b_20_1.p,intuitionistic,horn,1,,5,0,3,provable,proved,,ok,horn,IMELL,30168,17,4.367,30,1,29,0,0,0,2048,0.000,0.045,auto,30,0.330,1073741824,0,
lltp,petri-nets/MCC,,,DLCround_dlcro_10_a_20_1.p,intuitionistic,horn,1,,5,0,3,provable,proved,,ok,horn,IMELL,20686,61,1.991,19,0,19,0,0,0,2048,0.000,0.042,auto,30,0.277,1073741824,0,
lltp,petri-nets/MCC,,,DLCround_dlcro_10_b_1_1.p,intuitionistic,horn,1,,5,0,3,provable,proved,,ok,horn,IMELL,34612,18,5.571,1,0,1,0,0,0,2048,0.000,0.031,auto,30,0.430,1073741824,0,
lltp,petri-nets/MCC,,,DLCround_dlcro_11_a_1_1.p,intuitionistic,horn,1,,5,0,3,provable,proved,,ok,horn,IMELL,23842,65,2.283,1,0,1,0,0,0,2048,0.000,0.040,auto,30,0.258,1073741824,0,
lltp,petri-nets/MCC,,,DLCround_dlcro_11_b_10_1.p,intuitionistic,horn,1,,5,0,3,provable,proved,,ok,horn,IMELL,39360,19,6.414,10,0,10,0,0,0,2048,10.000,0.058,auto,30,0.476,1073741824,0,
lltp,petri-nets/MCC,,,DLCround_dlcro_11_b_5_1.p,intuitionistic,horn,1,,5,0,3,provable,proved,,ok,horn,IMELL,39352,19,6.223,5,0,5,0,0,0,2048,10.000,0.036,auto,30,0.526,1073741824,0,
lltp,petri-nets/MCC,,,DLCround_dlcro_12_a_5_1.p,intuitionistic,horn,1,,5,0,3,provable,proved,,ok,horn,IMELL,27214,69,2.570,2,0,2,0,0,0,2048,0.000,0.047,auto,30,0.285,1073741824,0,
lltp,petri-nets/MCC,,,DLCround_dlcro_12_b_50_1.p,intuitionistic,horn,1,,5,0,3,provable,proved,,ok,horn,IMELL,44382,20,6.499,64,3,61,0,0,0,2048,10.000,0.032,auto,30,0.591,1073741824,0,
lltp,petri-nets/MCC,,,DLCround_dlcro_13_a_50_1.p,intuitionistic,horn,1,,5,0,3,provable,proved,,ok,horn,IMELL,30802,73,3.403,51,1,50,0,0,0,2048,0.000,0.025,auto,30,0.355,1073741824,0,
lltp,petri-nets/MCC,,,DLCround_dlcro_13_b_20_1.p,intuitionistic,horn,1,,5,0,3,provable,proved,,ok,horn,IMELL,49706,21,7.811,30,1,29,0,0,0,2048,10.000,0.052,auto,30,0.580,1073741824,0,
lltp,petri-nets/MCC,,,DLCshifumi_dlcsh_2_a_20_1.p,intuitionistic,horn,1,,5,0,3,provable,proved,,ok,horn,IMELL,6490,69,0.633,11,0,11,0,0,0,2048,0.000,0.061,auto,30,0.083,1073741824,0,
lltp,petri-nets/MCC,,,DLCshifumi_dlcsh_2_b_1_1.p,intuitionistic,horn,1,,5,0,3,provable,proved,,ok,horn,IMELL,15516,20,2.602,1,0,1,0,0,0,2048,0.000,0.024,auto,30,0.193,1073741824,0,
lltp,petri-nets/MCC,,,DLCshifumi_dlcsh_3_a_100_1.p,intuitionistic,horn,1,,5,0,3,provable,proved,,ok,horn,IMELL,23654,169,2.603,53,1,52,0,0,0,2048,0.000,0.027,auto,30,0.275,1073741824,0,
lltp,petri-nets/MCC,,,DLCshifumi_dlcsh_3_a_5_1.p,intuitionistic,horn,1,,5,0,3,provable,proved,,ok,horn,IMELL,23654,169,2.227,1,0,1,0,0,0,2048,0.000,0.019,auto,30,0.324,1073741824,0,
lltp,petri-nets/MCC,,,DLCshifumi_dlcsh_3_b_50_1.p,intuitionistic,horn,1,,5,0,3,provable,proved,,ok,horn,IMELL,49158,45,7.906,25,0,25,0,0,0,2048,10.000,0.045,auto,30,0.594,1073741824,0,
lltp,petri-nets/MCC,,,DLCshifumi_dlcsh_4_a_20_1.p,intuitionistic,horn,1,,5,0,3,provable,proved,,ok,horn,IMELL,58602,317,5.296,12,0,12,0,0,0,2048,10.000,0.032,auto,30,0.729,1073741824,0,
lltp,petri-nets/MCC,,,DLCshifumi_dlcsh_4_b_1_1.p,intuitionistic,horn,1,,5,0,3,provable,proved,,ok,horn,IMELL,112572,82,20.304,1,0,1,0,0,0,2048,20.000,0.097,auto,30,1.433,1073741824,0,
lltp,petri-nets/MCC,,,DLCshifumi_dlcsh_5_a_100_1.p,intuitionistic,horn,1,,5,0,3,provable,proved,,ok,horn,IMELL,117670,513,14.011,52,0,52,0,0,0,2048,10.000,0.055,auto,30,1.439,1073741824,0,
lltp,petri-nets/MCC,,,DLCshifumi_dlcsh_5_a_5_1.p,intuitionistic,horn,1,,5,0,3,provable,proved,,ok,horn,IMELL,117670,513,11.220,3,0,3,0,0,0,2048,0.000,0.079,auto,30,1.409,1073741824,0,
lltp,petri-nets/MCC,,,DLCshifumi_dlcsh_5_b_50_1.p,intuitionistic,horn,1,,5,0,3,provable,proved,,ok,horn,IMELL,214856,131,38.643,64,3,61,0,0,0,2048,40.000,0.141,auto,30,2.512,1073741824,0,
lltp,petri-nets/MCC,,,DLCshifumi_dlcsh_6_a_20_1.p,intuitionistic,horn,1,,5,0,3,provable,proved,,ok,horn,IMELL,207194,757,20.771,10,0,10,0,0,0,2048,10.000,0.064,auto,30,2.191,1073741824,0,
lltp,petri-nets/MCC,,,DLCshifumi_dlcsh_6_b_1_1.p,intuitionistic,horn,1,,5,0,3,provable,proved,,ok,horn,IMELL,365068,192,86.401,1,0,1,0,0,0,2048,90.000,0.204,auto,30,5.259,1073741824,0,
lltp,petri-nets/MCC,,,DNAwalker_dnawalk-01_100_1.p,intuitionistic,horn,1,,5,0,3,provable,proved,,ok,horn,IMELL,840,29,0.140,11,0,11,0,0,0,2048,0.000,0.000,auto,30,0.017,1073741824,0,
lltp,petri-nets/MCC,,,DNAwalker_dnawalk-01_50_1.p,intuitionistic,horn,1,,5,0,3,provable,proved,,ok,horn,IMELL,840,29,0.131,11,0,11,0,0,0,2048,0.000,0.000,auto,30,0.014,1073741824,0,
lltp,petri-nets/MCC,,,DNAwalker_dnawalk-02_1_1.p,intuitionistic,horn,1,,5,0,3,provable,proved,,ok,horn,IMELL,862,30,0.123,1,0,1,0,0,0,2048,0.000,0.000,auto,30,0.013,1073741824,0,
lltp,petri-nets/MCC,,,DNAwalker_dnawalk-03_100_1.p,intuitionistic,horn,1,,5,0,3,provable,proved,,ok,horn,IMELL,848,29,0.155,61,20,41,0,0,0,2048,0.000,0.000,auto,30,0.016,1073741824,0,
lltp,petri-nets/MCC,,,DNAwalker_dnawalk-03_50_1.p,intuitionistic,horn,1,,5,0,3,provable,proved,,ok,horn,IMELL,848,29,0.159,61,20,41,0,0,0,2048,0.000,0.000,auto,30,0.017,1073741824,0,
lltp,petri-nets/MCC,,,DNAwalker_dnawalk-04_5_1.p,intuitionistic,horn,1,,5,0,3,provable,proved,,ok,horn,IMELL,2528,37,8.377,14118,7084,7034,0,0,0,2048,0.000,0.142,auto,30,0.039,1073741824,0,
lltp,petri-nets/MCC,,,DNAwalker_dnawalk-06_1_1.p,intuitionistic,horn,1,,5,0,3,provable,proved,,ok,horn,IMELL,2534,37,0.368,1,0,1,0,0,0,2048,0.000,0.063,auto,30,0.033,1073741824,0,
lltp,petri-nets/MCC,,,DNAwalker_dnawalk-07_20_1.p,intuitionistic,horn,1,,5,0,3,provable,proved,,ok,horn,IMELL,2520,36,0.339,61,15,46,0,0,0,2048,0.000,0.000,auto,30,0.033,1073741824,0,
lltp,petri-nets/MCC,,,DNAwalker_dnawalk-08_5_1.p,intuitionistic,horn,1,,5,0,3,provable,proved,,ok,horn,IMELL,2606,59,0.334,45,15,30,0,0,0,2048,0.000,0.000,auto,30,0.031,1073741824,0,
lltp,petri-nets/MCC,,,DNAwalker_dnawalk-10_1_1.p,intuitionistic,horn,1,,5,0,3,provable,proved,,ok,horn,IMELL,2608,59,0.237,1,0,1,0,0,0,2048,0.000,0.000,auto,30,0.028,1073741824,0,
lltp,petri-nets/MCC,,,DNAwalker_dnawalk-12_1_1.p,intuitionistic,horn,1,,5,0,3,provable,proved,,ok,horn,IMELL,3152,70,0.273,1,0,1,0,0,0,2048,0.000,0.065,auto,30,0.033,1073741824,0,
lltp,petri-nets/MCC,,,DNAwalker_dnawalk-13_20_1.p,intuitionistic,horn,1,,5,0,3,provable,proved,,ok,horn,IMELL,3136,70,0.464,176,45,131,0,0,0,2048,0.000,0.000,auto,30,0.034,1073741824,0,
lltp,petri-nets/MCC,,,DNAwalker_dnawalk-14_5_1.p,intuitionistic,horn,1,,5,0,3,provable,proved,,ok,horn,IMELL,3150,70,90.680,138853,83125,55728,0,0,0,2048,80.000,0.239,auto,30,0.042,1073741824,0,
lltp,petri-nets/MCC,,,DNAwalker_dnawalk-16_1_1.p,intuitionistic,horn,1,,5,0,3,provable,proved,,ok,horn,IMELL,4908,79,0.434,1,0,1,0,0,0,2048,0.000,0.000,auto,30,0.051,1073741824,0,
lltp,petri-nets/MCC,,,DNAwalker_dnawalk-17_20_1.p,intuitionistic,horn,1,,5,0,3,provable,proved,,ok,horn,IMELL,4872,78,1.039,580,225,355,0,0,0,2048,0.000,0.056,auto,30,0.056,1073741824,0,
lltp,petri-nets/MCC,,,DNAwalker_dnawalk-18_50_1.p,intuitionistic,horn,1,,5,0,3,provable,unknown,memory_limit,,horn,IMELL,36538,168,2149.384,1617753,1084713,533040,0,0,0,2048,2140.000,4.091,auto,30,,1073741824,0,
lltp,petri-nets/MCC,,,DatabaseWithMutex_database10UNFOLD_100_1.p,intuitionistic,horn,1,,5,0,3,provable,proved,,ok,horn,IMELL,7726,11,1.132,20,0,20,0,0,0,2048,0.000,0.055,auto,30,0.084,1073741824,0,
lltp,petri-nets/MCC,,,DatabaseWithMutex_database10UNFOLD_5_1.p,intuitionistic,horn,1,,5,0,3,provable,proved,,ok,horn,IMELL,7732,11,1.099,5,0,5,0,0,0,2048,0.000,0.051,auto,30,0.083,1073741824,0,
lltp,petri-nets/MCC,,,DatabaseWithMutex_database20UNFOLD_50_1.p,intuitionistic,horn,1,,5,0,3,provable,proved,,ok,horn,IMELL,46636,21,158.640,34081,17647,16434,0,0,0,2048,160.000,0.241,auto,30,0.362,1073741824,0,
lltp,petri-nets/MCC,,,DatabaseWithMutex_database2UNFOLD_1_1.p,intuitionistic,horn,1,,5,0,3,provable,proved,,ok,horn,IMELL,198,3,0.085,1,0,1,0,0,0,2048,0.000,0.000,auto,30,0.008,1073741824,0,
lltp,petri-nets/MCC,,,DatabaseWithMutex_database40UNFOLD_100_1.p,intuitionistic,horn,1,,5,0,3,provable,proved,,ok,horn,IMELL,314076,41,534.361,17985,1501,16484,0,0,0,2048,520.000,1.240,auto,30,1.810,1073741824,0,
lltp,petri-nets/MCC,,,DatabaseWithMutex_database40UNFOLD_5_1.p,intuitionistic,horn,1,,5,0,3,provable,proved,,ok,horn,IMELL,314152,41,28.809,6,0,6,0,0,0,2048,30.000,0.064,auto,30,1.733,1073741824,0,
lltp,petri-nets/MCC,,,DatabaseWithMutex_database4UNFOLD_20_1.p,intuitionistic,horn,1,,5,0,3,provable,proved,,ok,horn,IMELL,876,5,0.176,6,0,6,0,0,0,2048,0.000,0.000,auto,30,0.018,1073741824,0,
lltp,petri-nets/MCC,,,Dekker_dekker-100_1_1.p,intuitionistic,horn,1,,5,0,3,provable,proved,,ok,horn,IMELL,161198,200,11.881,1,0,1,0,0,0,2048,10.000,0.078,auto,30,1.013,1073741824,0,
lltp,petri-nets/MCC,,,Dekker_dekker-10_100_1.p,intuitionistic,horn,1,,5,0,3,provable,proved,,ok,horn,IMELL,1718,20,0.199,2,0,2,0,0,0,2048,0.000,0.000,auto,30,0.021,1073741824,0,
lltp,petri-nets/MCC,,,Dekker_dekker-10_50_1.p,intuitionistic,horn,1,,5,0,3,provable,proved,,ok,horn,IMELL,1718,20,0.187,2,0,2,0,0,0,2048,0.000,0.000,auto,30,0.019,1073741824,0,
lltp,petri-nets/MCC,,,Dekker_dekker-15_1_1.p,intuitionistic,horn,1,,5,0,3,provable,proved,,ok,horn,IMELL,3778,30,0.321,1,0,1,0,0,0,2048,0.000,0.000,auto,30,0.033,1073741824,0,
lltp,petri-nets/MCC,,,Dekker_dekker-200_100_1.p,intuitionistic,horn,1,,5,0,3,provable,proved,,ok,horn,IMELL,642398,400,63.758,100,0,100,0,0,0,2048,70.000,0.162,auto,30,4.185,1073741824,0,
lltp,petri-nets/MCC,,,Dekker_dekker-200_5_1.p,intuitionistic,horn,1,,5,0,3,provable,proved,,ok,horn,IMELL,642398,400,52.004,5,0,5,0,0,0,2048,40.000,0.194,auto,30,3.859,1073741824,0,
lltp,petri-nets/MCC,,,Dekker_dekker-20_50_1.p,intuitionistic,horn,1,,5,0,3,provable,proved,,ok,horn,IMELL,6638,40,280.634,791177,774781,16396,0,0,0,2048,270.000,0.585,auto,30,0.064,1073741824,0,
lltp,petri-nets/MCC,,,Dekker_dekker-50_20_1.p,intuitionistic,horn,1,,5,0,3,provable,proved,,ok,horn,IMELL,40598,100,2.966,20,0,20,0,0,0,2048,0.000,0.014,auto,30,0.263,1073741824,0,
lltp,petri-nets/MCC,,,Diffusion2D_2D8_gradient_10x10_100_5_1.p,intuitionistic,horn,1,,5,0,3,provable,proved,,ok,horn,IMELL,3134,108,0.556,1,0,1,0,0,0,2048,0.000,0.056,auto,30,0.065,1073741824,0,
lltp,petri-nets/MCC,,,Diffusion2D_2D8_gradient_10x10_150_1_1.p,intuitionistic,horn,1,,5,0,3,provable,proved,,ok,horn,IMELL,3334,158,0.445,1,0,1,0,0,0,2048,0.000,0.000,auto,30,0.069,1073741824,0,
lltp,petri-nets/MCC,,,Diffusion2D_2D8_gradient_10x10_200_20_1.p,intuitionistic,horn,1,,5,0,3,provable,proved,,ok,horn,IMELL,3534,208,0.508,5,0,5,0,0,0,2048,0.000,0.047,auto,30,0.082,1073741824,0,
lltp,petri-nets/MCC,,,Diffusion2D_2D8_gradient_10x10_50_5_1.p,intuitionistic,horn,1,,5,0,3,provable,proved,,ok,horn,IMELL,2934,58,0.415,1,0,1,0,0,0,2048,0.000,0.000,auto,30,0.048,1073741824,0,
lltp,petri-nets/MCC,,,Diffusion2D_2D8_gradient_20x20_10_1_1.p,intuitionistic,horn,1,,5,0,3,provable,proved,,ok,horn,IMELL,11894,18,1.861,1,0,1,0,0,0,2048,0.000,0.024,auto,30,0.147,1073741824,0,
lltp,petri-nets/MCC,,,Diffusion2D_2D8_gradient_20x20_150_20_1.p,intuitionistic,horn,1,,5,0,3,provable,proved,,ok,horn,IMELL,12454,158,1.910,1,0,1,0,0,0,2048,0.000,0.019,auto,30,0.177,1073741824,0,
lltp,petri-nets/MCC,,,Diffusion2D_2D8_gradient_20x20_50_5_1.p,intuitionistic,horn,1,,5,0,3,provable,proved,,ok,horn,IMELL,12054,58,1.919,5,0,5,0,0,0,2048,0.000,0.015,auto,30,0.163,1073741824,0,
lltp,petri-nets/MCC,,,Diffusion2D_2D8_gradient_30x30_10_1_1.p,intuitionistic,horn,1,,5,0,3,provable,proved,,ok,horn,IMELL,27414,18,4.285,1,0,1,0,0,0,2048,0.000,0.020,auto,30,0.347,1073741824,0,
lltp,petri-nets/MCC,,,Diffusion2D_2D8_gradient_30x30_150_20_1.p,intuitionistic,horn,1,,5,0,3,provable,proved,,ok,horn,IMELL,27974,158,4.185,6,0,6,0,0,0,2048,0.000,0.018,auto,30,0.377,1073741824,0,
lltp,petri-nets/MCC,,,Diffusion2D_2D8_gradient_30x30_50_5_1.p,intuitionistic,horn,1,,5,0,3,provable,proved,,ok,horn,IMELL,27574,58,4.367,5,0,5,0,0,0,2048,0.000,0.020,auto,30,0.362,1073741824,0,
lltp,petri-nets/MCC,,,Diffusion2D_2D8_gradient_40x40_10_1_1.p,intuitionistic,horn,1,,5,0,3,provable,proved,,ok,horn,IMELL,49334,18,8.839,1,0,1,0,0,0,2048,10.000,0.268,auto,30,0.659,1073741824,0,
lltp,petri-nets/MCC,,,Diffusion2D_2D8_gradient_40x40_150_20_1.p,intuitionistic,horn,1,,5,0,3,provable,proved,,ok,horn,IMELL,49894,158,8.185,11,0,11,0,0,0,2048,10.000,0.040,auto,30,0.683,1073741824,0,
lltp,petri-nets/MCC,,,Diffusion2D_2D8_gradient_40x40_50_5_1.p,intuitionistic,horn,1,,5,0,3,provable,proved,,ok,horn,IMELL,49494,58,8.716,5,0,5,0,0,0,2048,10.000,0.047,auto,30,0.664,1073741824,0,
lltp,petri-nets/MCC,,,Diffusion2D_2D8_gradient_50x50_10_1_1.p,intuitionistic,horn,1,,5,0,3,provable,proved,,ok,horn,IMELL,77654,18,14.387,1,0,1,0,0,0,2048,10.000,0.052,auto,30,1.096,1073741824,0,
lltp,petri-nets/MCC,,,Diffusion2D_2D8_gradient_50x50_150_20_1.p,intuitionistic,horn,1,,5,0,3,provable,proved,,ok,horn,IMELL,78214,158,14.170,16,0,16,0,0,0,2048,20.000,0.051,auto,30,1.128,1073741824,0,
lltp,petri-nets/MCC,,,Diffusion2D_2D8_gradient_50x50_50_5_1.p,intuitionistic,horn,1,,5,0,3,provable,proved,,ok,horn,IMELL,77814,58,14.161,3,0,3,0,0,0,2048,20.000,0.038,auto,30,1.163,1073741824,0,
lltp,petri-nets/MCC,,,Diffusion2D_2D8_gradient_5x5_100_5_1.p,intuitionistic,horn,1,,5,0,3,provable,proved,,ok,horn,IMELL,974,108,0.168,5,0,5,0,0,0,2048,0.000,0.000,auto,30,0.040,1073741824,0,
lltp,petri-nets/MCC,,,Diffusion2D_2D8_gradient_5x5_10_5_1.p,intuitionistic,horn,1,,5,0,3,provable,proved,,ok,horn,IMELL,614,18,0.125,5,0,5,0,0,0,2048,0.000,0.000,auto,30,0.015,1073741824,0,
lltp,petri-nets/MCC,,,Diffusion2D_2D8_gradient_5x5_150_5_1.p,intuitionistic,horn,1,,5,0,3,provable,proved,,ok,horn,IMELL,1174,158,0.147,5,0,5,0,0,0,2048,0.000,0.000,auto,30,0.043,1073741824,0,
lltp,petri-nets/MCC,,,Diffusion2D_2D8_gradient_5x5_200_5_1.p,intuitionistic,horn,1,,5,0,3,provable,proved,,ok,horn,IMELL,1374,208,0.154,5,0,5,0,0,0,2048,0.000,0.000,auto,30,0.055,1073741824,0,
lltp,petri-nets/MCC,,,Diffusion2D_2D8_gradient_5x5_250_5_1.p,intuitionistic,horn,1,,5,0,3,provable,proved,,ok,horn,IMELL,1574,258,0.163,5,0,5,0,0,0,2048,0.000,0.000,auto,30,0.062,1073741824,0,
lltp,petri-nets/MCC,,,Diffusion2D_2D8_gradient_5x5_300_5_1.p,intuitionistic,horn,1,,5,0,3,provable,proved,,ok,horn,IMELL,1774,308,0.166,5,0,5,0,0,0,2048,0.000,0.000,auto,30,0.070,1073741824,0,
lltp,petri-nets/MCC,,,Diffusion2D_2D8_gradient_5x5_350_5_1.p,intuitionistic,horn,1,,5,0,3,provable,proved,,ok,horn,IMELL,1974,358,0.170,5,0,5,0,0,0,2048,0.000,0.000,auto,30,0.083,1073741824,0,
lltp,petri-nets/MCC,,,Diffusion2D_2D8_gradient_5x5_50_5_1.p,intuitionistic,horn,1,,5,0,3,provable,proved,,ok,horn,IMELL,774,58,0.131,5,0,5,0,0,0,2048,0.000,0.000,auto,30,0.024,1073741824,0,
lltp,petri-nets/MCC,,,DrinkVendingMachine_distributeur-01-unfolded-02_1_1.p,intuitionistic,horn,1,,5,0,3,provable,proved,,ok,horn,IMELL,1118,68,0.112,1,0,1,0,0,0,2048,0.000,0.000,auto,30,0.013,1073741824,0,
lltp,petri-nets/MCC,,,DrinkVendingMachine_distributeur-01-unfolded-10_100_1.p,intuitionistic,horn,1,,5,0,3,provable,proved,,ok,horn,IMELL,2173278,32101,828.128,30717,25694,5023,0,0,0,2048,820.000,1.408,auto,30,12.414,1073741824,0,
lltp,petri-nets/MCC,,,DrinkVendingMachine_distributeur-01-unfolded-10_5_1.p,intuitionistic,horn,1,,5,0,3,provable,proved,,ok,horn,IMELL,2173278,32101,171.357,5,0,5,0,0,0,2048,170.000,0.288,auto,30,12.632,1073741824,0,
lltp,petri-nets/MCC,,,ERK_erk-000001_100_1.p,intuitionistic,horn,1,,5,0,3,provable,proved,,ok,horn,IMELL,86,3,0.059,0,0,0,0,0,0,2048,0.000,0.000,auto,30,0.006,1073741824,0,
lltp,petri-nets/MCC,,,ERK_erk-000001_50_1.p,intuitionistic,horn,1,,5,0,3,provable,proved,,ok,horn,IMELL,86,3,0.046,0,0,0,0,0,0,2048,0.000,0.000,auto,30,0.004,1073741824,0,
lltp,petri-nets/MCC,,,ERK_erk-000010_1_1.p,intuitionistic,horn,1,,5,0,3,provable,proved,,ok,horn,IMELL,264,12,0.059,1,0,1,0,0,0,2048,0.000,0.000,auto,30,0.016,1073741824,0,
lltp,petri-nets/MCC,,,ERK_erk-000100_100_1.p,intuitionistic,horn,1,,5,0,3,provable,proved,,ok,horn,IMELL,1866,102,0.157,100,0,100,0,0,0,2048,0.000,0.000,auto,30,0.118,1073741824,0,
lltp,petri-nets/MCC,,,ERK_erk-000100_50_1.p,intuitionistic,horn,1,,5,0,3,provable,proved,,ok,horn,IMELL,1966,102,0.137,50,0,50,0,0,0,2048,0.000,0.000,auto,30,0.113,1073741824,0,
lltp,petri-nets/MCC,,,ERK_erk-001000_1_1.p,intuitionistic,horn,1,,5,0,3,provable,proved,,ok,horn,IMELL,20064,1002,0.944,1,0,1,0,0,0,2048,0.000,0.019,auto,30,1.130,1073741824,0,
lltp,petri-nets/MCC,,,Echo_echo-d2r11_50_1.p,intuitionistic,horn,1,,5,0,3,provable,proved,,ok,horn,IMELL,10660,5,90.410,36673,20239,16434,0,0,0,2048,80.000,0.164,auto,30,0.155,1073741824,0,
lltp,petri-nets/MCC,,,Echo_echo-d2r15_20_1.p,intuitionistic,horn,1,,5,0,3,provable,proved,,ok,horn,IMELL,20378,5,2.057,20,0,20,0,0,0,2048,0.000,0.021,auto,30,0.210,1073741824,0,
lltp,petri-nets/MCC,,,Echo_echo-d2r19_1_1.p,intuitionistic,horn,1,,5,0,3,provable,proved,,ok,horn,IMELL,33330,5,3.590,1,0,1,0,0,0,2048,0.000,0.019,auto,30,0.319,1073741824,0,
lltp,petri-nets/MCC,,,Echo_echo-d2r9_100_1.p,intuitionistic,horn,1,,5,0,3,provable,proved,,ok,horn,IMELL,6910,5,66.518,46902,30283,16619,0,0,0,2048,60.000,0.129,auto,30,0.142,1073741824,0,
lltp,petri-nets/MCC,,,Echo_echo-d2r9_50_1.p,intuitionistic,horn,1,,5,0,3,provable,proved,,ok,horn,IMELL,6874,5,0.879,50,0,50,0,0,0,2048,0.000,0.054,auto,30,0.106,1073741824,0,
lltp,petri-nets/MCC,,,Echo_echo-d3r3_20_1.p,intuitionistic,horn,1,,5,0,3,provable,proved,,ok,horn,IMELL,2672,5,0.340,20,0,20,0,0,0,2048,0.000,0.000,auto,30,0.043,1073741824,0,
lltp,petri-nets/MCC,,,Echo_echo-d3r5_1_1.p,intuitionistic,horn,1,,5,0,3,provable,proved,,ok,horn,IMELL,17030,7,2.050,1,0,1,0,0,0,2048,0.000,0.094,auto,30,0.163,1073741824,0,
lltp,petri-nets/MCC,,,Echo_echo-d3r7_100_1.p,intuitionistic,horn,1,,5,0,3,provable,proved,,ok,horn,IMELL,53124,7,6.555,100,0,100,0,0,0,2048,10.000,0.038,auto,30,0.542,1073741824,0,
lltp,petri-nets/MCC,,,Echo_echo-d3r7_5_1.p,intuitionistic,horn,1,,5,0,3,provable,proved,,ok,horn,IMELL,52494,7,6.056,5,0,5,0,0,0,2048,0.000,0.028,auto,30,0.454,1073741824,0,
lltp,petri-nets/MCC,,,Echo_echo-d4r3_50_1.p,intuitionistic,horn,1,,5,0,3,provable,proved,,ok,horn,IMELL,13260,8,1.577,50,0,50,0,0,0,2048,0.000,0.000,auto,30,0.156,1073741824,0,
lltp,petri-nets/MCC,,,Echo_echo-d5r3_20_1.p,intuitionistic,horn,1,,5,0,3,provable,proved,,ok,horn,IMELL,58030,10,5.449,20,0,20,0,0,0,2048,0.000,0.028,auto,30,0.411,1073741824,0,
lltp,petri-nets/MCC,,,EnergyBus_1_1.p,intuitionistic,horn,1,,5,0,3,provable,proved,,ok,horn,IMELL,126820,4188,7.907,1,0,1,0,0,0,2048,10.000,0.262,auto,30,0.623,1073741824,0,
lltp,petri-nets/MCC,,,Eratosthenes_eratosthenes-010_5_1.p,intuitionistic,horn,1,,5,0,3,provable,proved,,ok,horn,IMELL,72,5,0.054,5,0,5,0,0,0,2048,0.000,0.000,auto,30,0.006,1073741824,0,
lltp,petri-nets/MCC,,,Eratosthenes_eratosthenes-020_5_1.p,intuitionistic,horn,1,,5,0,3,provable,proved,,ok,horn,IMELL,226,10,0.073,5,0,5,0,0,0,2048,0.000,0.000,auto,30,0.010,1073741824,0,
lltp,petri-nets/MCC,,,Eratosthenes_eratosthenes-050_5_1.p,intuitionistic,horn,1,,5,0,3,provable,proved,,ok,horn,IMELL,832,25,0.145,5,0,5,0,0,0,2048,0.000,0.000,auto,30,0.024,1073741824,0,
lltp,petri-nets/MCC,,,Eratosthenes_eratosthenes-100_50_1.p,intuitionistic,horn,1,,5,0,3,provable,proved,,ok,horn,IMELL,1992,50,0.508,50,0,50,0,0,0,2048,0.000,0.000,auto,30,0.049,1073741824,0,
lltp,petri-nets/MCC,,,Eratosthenes_eratosthenes-200_20_1.p,intuitionistic,horn,1,,5,0,3,provable,proved,,ok,horn,IMELL,4948,100,0.833,20,0,20,0,0,0,2048,0.000,0.045,auto,30,0.090,1073741824,0,
lltp,petri-nets/MCC,,,Eratosthenes_eratosthenes-500_1_1.p,intuitionistic,horn,1,,5,0,3,provable,proved,,ok,horn,IMELL,15138,250,1.719,1,0,1,0,0,0,2048,0.000,0.000,auto,30,0.245,1073741824,0,
lltp,petri-nets/MCC,,,FMS-100_100_1.p,intuitionistic,horn,1,,5,0,3,provable,proved,,ok,horn,IMELL,1316,102,0.151,100,0,100,0,0,0,2048,0.000,0.000,auto,30,0.085,1073741824,0,
lltp,petri-nets/MCC,,,FMS-100_50_1.p,intuitionistic,horn,1,,5,0,3,provable,proved,,ok,horn,IMELL,1316,102,0.147,50,0,50,0,0,0,2048,0.000,0.000,auto,30,0.071,1073741824,0,
lltp,petri-nets/MCC,,,FMS-10_20_1.p,intuitionistic,horn,1,,5,0,3,provable,proved,,ok,horn,IMELL,242,12,0.072,20,0,20,0,0,0,2048,0.000,0.000,auto,30,0.015,1073741824,0,
lltp,petri-nets/MCC,,,FMS-200_10_1.p,intuitionistic,horn,1,,5,0,3,provable,proved,,ok,horn,IMELL,2522,202,0.161,10,0,10,0,0,0,2048,0.000,0.000,auto,30,0.133,1073741824,0,
lltp,petri-nets/MCC,,,FMS-200_5_1.p,intuitionistic,horn,1,,5,0,3,provable,proved,,ok,horn,IMELL,2522,202,0.147,5,0,5,0,0,0,2048,0.000,0.000,auto,30,0.126,1073741824,0,
lltp,petri-nets/MCC,,,FMS-20_20_1.p,intuitionistic,horn,1,,5,0,3,provable,proved,,ok,horn,IMELL,362,22,0.130,20,0,20,0,0,0,2048,0.000,0.000,auto,30,0.024,1073741824,0,
lltp,petri-nets/MCC,,,FMS-2_10_1.p,intuitionistic,horn,1,,5,0,3,provable,proved,,ok,horn,IMELL,144,4,0.060,10,0,10,0,0,0,2048,0.000,0.000,auto,30,0.009,1073741824,0,
lltp,petri-nets/MCC,,,FMS-2_5_1.p,intuitionistic,horn,1,,5,0,3,provable,proved,,ok,horn,IMELL,146,4,0.058,5,0,5,0,0,0,2048,0.000,0.000,auto,30,0.008,1073741824,0,
lltp,petri-nets/MCC,,,FMS-500_20_1.p,intuitionistic,horn,1,,5,0,3,provable,proved,,ok,horn,IMELL,6122,502,0.311,20,0,20,0,0,0,2048,0.000,0.000,auto,30,0.330,1073741824,0,
lltp,petri-nets/MCC,,,FMS-50_10_1.p,intuitionistic,horn,1,,5,0,3,provable,proved,,ok,horn,IMELL,722,52,0.079,10,0,10,0,0,0,2048,0.000,0.000,auto,30,0.038,1073741824,0,
lltp,petri-nets/MCC,,,FMS-50_5_1.p,intuitionistic,horn,1,,5,0,3,provable,proved,,ok,horn,IMELL,722,52,0.082,5,0,5,0,0,0,2048,0.000,0.000,auto,30,0.041,1073741824,0,
lltp,petri-nets/MCC,,,FMS-5_5_1.p,intuitionistic,horn,1,,5,0,3,provable,proved,,ok,horn,IMELL,182,7,0.055,5,0,5,0,0,0,2048,0.000,0.000,auto,30,0.009,1073741824,0,
lltp,petri-nets/MCC,,,FlexibleBarrier_flexbar_04_a_100_1.p,intuitionistic,horn,1,,5,0,3,provable,proved,,ok,horn,IMELL,630,27,0.121,6,0,6,0,0,0,2048,0.000,0.000,auto,30,0.013,1073741824,0,
lltp,petri-nets/MCC,,,FlexibleBarrier_flexbar_04_a_50_1.p,intuitionistic,horn,1,,5,0,3,provable,proved,,ok,horn,IMELL,630,27,0.121,4,0,4,0,0,0,2048,0.000,0.000,auto,30,0.012,1073741824,0,
lltp,petri-nets/MCC,,,FlexibleBarrier_flexbar_04_b_20_1.p,intuitionistic,horn,1,,5,0,3,provable,proved,,ok,horn,IMELL,1496,17,0.275,20,0,20,0,0,0,2048,0.000,0.000,auto,30,0.027,1073741824,0,
lltp,petri-nets/MCC,,,FlexibleBarrier_flexbar_06_a_1_1.p,intuitionistic,horn,1,,5,0,3,provable,proved,,ok,horn,IMELL,1214,63,0.163,1,0,1,0,0,0,2048,0.000,0.000,auto,30,0.016,1073741824,0,
lltp,petri-nets/MCC,,,FlexibleBarrier_flexbar_06_b_10_1.p,intuitionistic,horn,1,,5,0,3,provable,proved,,ok,horn,IMELL,3080,37,0.493,10,0,10,0,0,0,2048,0.000,0.000,auto,30,0.050,1073741824,0,
lltp,petri-nets/MCC,,,FlexibleBarrier_flexbar_06_b_5_1.p,intuitionistic,horn,1,,5,0,3,provable,proved,,ok,horn,IMELL,3074,37,0.480,5,0,5,0,0,0,2048,0.000,0.000,auto,30,0.043,1073741824,0,
lltp,petri-nets/MCC,,,FlexibleBarrier_flexbar_08_b_100_1.p,intuitionistic,horn,1,,5,0,3,provable,proved,,ok,horn,IMELL,5274,65,0.872,67,0,67,0,0,0,2048,0.000,0.041,auto,30,0.073,1073741824,0,
lltp,petri-nets/MCC,,,FlexibleBarrier_flexbar_08_b_50_1.p,intuitionistic,horn,1,,5,0,3,provable,proved,,ok,horn,IMELL,5274,65,0.815,56,0,56,0,0,0,2048,0.000,0.012,auto,30,0.074,1073741824,0,
lltp,petri-nets/MCC,,,FlexibleBarrier_flexbar_10_a_20_1.p,intuitionistic,horn,1,,5,0,3,provable,proved,,ok,horn,IMELL,2958,183,0.292,13,2,11,0,0,0,2048,0.000,0.000,auto,30,0.033,1073741824,0,
lltp,petri-nets/MCC,,,FlexibleBarrier_flexbar_10_b_1_1.p,intuitionistic,horn,1,,5,0,3,provable,proved,,ok,horn,IMELL,8054,101,1.313,1,0,1,0,0,0,2048,0.000,0.050,auto,30,0.094,1073741824,0,
lltp,petri-nets/MCC,,,FlexibleBarrier_flexbar_12_a_10_1.p,intuitionistic,horn,1,,5,0,3,provable,proved,,ok,horn,IMELL,4118,267,0.413,5,0,5,0,0,0,2048,0.000,0.000,auto,30,0.047,1073741824,0,
lltp,petri-nets/MCC,,,FlexibleBarrier_flexbar_12_b_100_1.p,intuitionistic,horn,1,,5,0,3,provable,proved,,ok,horn,IMELL,11482,145,1.751,131,1,130,0,0,0,2048,0.000,0.028,auto,30,0.149,1073741824,0,
lltp,petri-nets/MCC,,,FlexibleBarrier_flexbar_12_b_50_1.p,intuitionistic,horn,1,,5,0,3,provable,proved,,ok,horn,IMELL,11476,145,1.759,181,4,177,0,0,0,2048,0.000,0.000,auto,30,0.153,1073741824,0,
lltp,petri-nets/MCC,,,FlexibleBarrier_flexbar_14_a_20_1.p,intuitionistic,horn,1,,5,0,3,provable,proved,,ok,horn,IMELL,5470,367,0.446,13,2,11,0,0,0,2048,0.000,0.000,auto,30,0.053,1073741824,0,
lltp,petri-nets/MCC,,,FlexibleBarrier_flexbar_14_b_1_1.p,intuitionistic,horn,1,,5,0,3,provable,proved,,ok,horn,IMELL,15470,197,2.554,1,0,1,0,0,0,2048,0.000,0.021,auto,30,0.180,1073741824,0,
lltp,petri-nets/MCC,,,FlexibleBarrier_flexbar_16_a_1_1.p,intuitionistic,horn,1,,5,0,3,provable,proved,,ok,horn,IMELL,7014,483,0.693,1,0,1,0,0,0,2048,0.000,0.052,auto,30,0.069,1073741824,0,
lltp,petri-nets/MCC,,,FlexibleBarrier_flexbar_16_b_10_1.p,intuitionistic,horn,1,,5,0,3,provable,proved,,ok,horn,IMELL,20098,257,3.451,10,0,10,0,0,0,2048,0.000,0.037,auto,30,0.273,1073741824,0,
lltp,petri-nets/MCC,,,FlexibleBarrier_flexbar_16_b_5_1.p,intuitionistic,horn,1,,5,0,3,provable,proved,,ok,horn,IMELL,20094,257,3.501,5,0,5,0,0,0,2048,0.000,0.019,auto,30,0.270,1073741824,0,
lltp,petri-nets/MCC,,,FlexibleBarrier_flexbar_18_b_100_1.p,intuitionistic,horn,1,,5,0,3,provable,proved,,ok,horn,IMELL,25354,325,4.052,112,0,112,0,0,0,2048,0.000,0.020,auto,30,0.322,1073741824,0,
lltp,petri-nets/MCC,,,FlexibleBarrier_flexbar_18_b_50_1.p,intuitionistic,horn,1,,5,0,3,provable,proved,,ok,horn,IMELL,25332,325,4.027,99,1,98,0,0,0,2048,0.000,0.030,auto,30,0.310,1073741824,0,
lltp,petri-nets/MCC,,,FlexibleBarrier_flexbar_20_a_5_1.p,intuitionistic,horn,1,,5,0,3,provable,proved,,ok,horn,IMELL,10678,763,0.893,2,0,2,0,0,0,2048,0.000,0.000,auto,30,0.097,1073741824,0,
lltp,petri-nets/MCC,,,FlexibleBarrier_flexbar_20_b_20_1.p,intuitionistic,horn,1,,5,0,3,provable,proved,,ok,horn,IMELL,31160,401,4.874,120,3,117,0,0,0,2048,0.000,0.039,auto,30,0.366,1073741824,0,
lltp,petri-nets/MCC,,,FlexibleBarrier_flexbar_22_a_20_1.p,intuitionistic,horn,1,,5,0,3,provable,proved,,ok,horn,IMELL,12798,927,1.050,13,2,11,0,0,0,2048,0.000,0.050,auto,30,0.102,1073741824,0,
lltp,petri-nets/MCC,,,FlexibleBarrier_flexbar_22_b_1_1.p,intuitionistic,horn,1,,5,0,3,provable,proved,,ok,horn,IMELL,37598,485,6.474,1,0,1,0,0,0,2048,10.000,0.033,auto,30,0.566,1073741824,0,
lltp,petri-nets/MCC,,,GPPP_G-PPP-1-1000_1_1.p,intuitionistic,horn,1,,5,0,3,provable,proved,,ok,horn,IMELL,36348,4009,1.832,1,0,1,0,0,0,2048,0.000,0.023,auto,30,2.003,1073741824,0,
lltp,petri-nets/MCC,,,GPPP_G-PPP-1-100_100_1.p,intuitionistic,horn,1,,5,0,3,provable,proved,,ok,horn,IMELL,3948,405,0.223,12,0,12,0,0,0,2048,0.000,0.000,auto,30,0.197,1073741824,0,
lltp,petri-nets/MCC,,,GPPP_G-PPP-1-100_50_1.p,intuitionistic,horn,1,,5,0,3,provable,proved,,ok,horn,IMELL,3948,405,0.210,12,0,12,0,0,0,2048,0.000,0.000,auto,30,0.207,1073741824,0,
lltp,petri-nets/MCC,,,GPPP_G-PPP-1-10_1_1.p,intuitionistic,horn,1,,5,0,3,provable,proved,,ok,horn,IMELL,708,49,0.085,1,0,1,0,0,0,2048,0.000,0.000,auto,30,0.030,1073741824,0,
lltp,petri-nets/MCC,,,GPPP_G-PPP-1-1_100_1.p,intuitionistic,horn,1,,5,0,3,provable,proved,,ok,horn,IMELL,386,14,0.089,16,1,15,0,0,0,2048,0.000,0.000,auto,30,0.021,1073741824,0,
lltp,petri-nets/MCC,,,GPPP_G-PPP-1-1_50_1.p,intuitionistic,horn,1,,5,0,3,provable,proved,,ok,horn,IMELL,386,14,0.086,16,1,15,0,0,0,2048,0.000,0.000,auto,30,0.020,1073741824,0,
lltp,petri-nets/MCC,,,GPPP_G-PPP-10-100_1_1.p,intuitionistic,horn,1,,5,0,3,provable,proved,,ok,horn,IMELL,5712,472,0.282,1,0,1,0,0,0,2048,0.000,0.000,auto,30,0.236,1073741824,0,
lltp,petri-nets/MCC,,,GPPP_G-PPP-10-10_100_1.p,intuitionistic,horn,1,,5,0,3,provable,proved,,ok,horn,IMELL,2472,94,17.951,66276,48274,18002,0,0,0,2048,10.000,0.061,auto,30,0.177,1073741824,0,
lltp,petri-nets/MCC,,,GPPP_G-PPP-10-10_50_1.p,intuitionistic,horn,1,,5,0,3,provable,proved,,ok,horn,IMELL,2472,100,19.881,67929,51455,16474,0,0,0,2048,10.000,0.106,auto,30,0.158,1073741824,0,
lltp,petri-nets/MCC,,,GPPP_G-PPP-100-1000_100_1.p,intuitionistic,horn,1,,5,0,3,provable,proved,,ok,horn,IMELL,55752,4680,24.661,72325,54323,18002,0,0,0,2048,20.000,0.047,auto,30,3.159,1073741824,0,
lltp,petri-nets/MCC,,,GPPP_G-PPP-100-1000_50_1.p,intuitionistic,horn,1,,5,0,3,provable,proved,,ok,horn,IMELL,55752,4690,23.751,67929,51455,16474,0,0,0,2048,20.000,0.049,auto,30,3.467,1073741824,0,
lltp,petri-nets/MCC,,,GPPP_G-PPP-100-100_1_1.p,intuitionistic,horn,1,,5,0,3,provable,proved,,ok,horn,IMELL,23352,1400,1.040,1,0,1,0,0,0,2048,0.000,0.000,auto,30,0.875,1073741824,0,
lltp,petri-nets/MCC,,,GPPP_G-PPP-100-10_100_1.p,intuitionistic,horn,1,,5,0,3,provable,proved,,ok,horn,IMELL,20112,724,22.370,70644,52642,18002,0,0,0,2048,20.000,0.046,auto,30,1.102,1073741824,0,
lltp,petri-nets/MCC,,,GPPP_G-PPP-100-10_50_1.p,intuitionistic,horn,1,,5,0,3,provable,proved,,ok,horn,IMELL,20112,730,21.394,67929,51455,16474,0,0,0,2048,20.000,0.087,auto,30,1.069,1073741824,0,
lltp,petri-nets/MCC,,,GPPP_G-PPP-1000-1000_10_1.p,intuitionistic,horn,1,,5,0,3,provable,proved,,ok,horn,IMELL,232152,14000,11.105,10,0,10,0,0,0,2048,10.000,0.043,auto,30,9.380,1073741824,0,
lltp,petri-nets/MCC,,,GPPP_G-PPP-1000-100_100_1.p,intuitionistic,horn,1,,5,0,3,provable,proved,,ok,horn,IMELL,199752,7380,32.677,72325,54323,18002,0,0,0,2048,40.000,0.056,auto,30,9.708,1073741824,0,
lltp,petri-nets/MCC,,,GPPP_G-PPP-1000-100_50_1.p,intuitionistic,horn,1,,5,0,3,provable,proved,,ok,horn,IMELL,199752,7390,31.416,67929,51455,16474,0,0,0,2048,30.000,0.048,auto,30,9.790,1073741824,0,
lltp,petri-nets/MCC,,,GPPP_G-PPP-1000-10_1_1.p,intuitionistic,horn,1,,5,0,3,provable,proved,,ok,horn,IMELL,196512,14000,10.181,1,0,1,0,0,0,2048,20.000,0.031,auto,30,6.959,1073741824,0,
lltp,petri-nets/MCC,,,GlobalResAllocation_galloc_res-3_20_1.p,intuitionistic,horn,1,,5,0,3,provable,proved,,ok,horn,IMELL,119494,5910,7.257,4,0,4,0,0,0,2048,10.000,0.051,auto,30,0.612,1073741824,0,
lltp,petri-nets/MCC,,,GlobalResAllocation_galloc_res-5_1_1.p,intuitionistic,horn,1,,5,0,3,provable,proved,,ok,horn,IMELL,1428214,43210,87.016,1,0,1,0,0,0,2048,90.000,0.192,auto,30,7.557,1073741824,0,
lltp,petri-nets/MCC,,,HexagonalGrid_hxg_110_1_1.p,intuitionistic,horn,1,,5,0,3,provable,proved,,ok,horn,IMELL,406,31,0.091,1,0,1,0,0,0,2048,0.000,0.000,auto,30,0.011,1073741824,0,
lltp,petri-nets/MCC,,,HexagonalGrid_hxg_126_100_1.p,intuitionistic,horn,1,,5,0,3,provable,proved,,ok,horn,IMELL,454,38,0.113,28,0,28,0,0,0,2048,0.000,0.000,auto,30,0.020,1073741824,0,
lltp,petri-nets/MCC,,,HexagonalGrid_hxg_126_50_1.p,intuitionistic,horn,1,,5,0,3,provable,proved,,ok,horn,IMELL,454,38,0.107,26,0,26,0,0,0,2048,0.000,0.000,auto,30,0.020,1073741824,0,
lltp,petri-nets/MCC,,,HexagonalGrid_hxg_226_20_1.p,intuitionistic,horn,1,,5,0,3,provable,proved,,ok,horn,IMELL,2902,39,0.321,20,0,20,0,0,0,2048,0.000,0.000,auto,30,0.067,1073741824,0,
lltp,petri-nets/MCC,,,HexagonalGrid_hxg_316_1_1.p,intuitionistic,horn,1,,5,0,3,provable,proved,,ok,horn,IMELL,7198,37,0.656,1,0,1,0,0,0,2048,0.000,0.045,auto,30,0.125,1073741824,0,
lltp,petri-nets/MCC,,,HexagonalGrid_hxg_410_100_1.p,intuitionistic,horn,1,,5,0,3,provable,proved,,ok,horn,IMELL,12934,33,2.470,100,0,100,0,0,0,2048,0.000,0.049,auto,30,0.226,1073741824,0,
lltp,petri-nets/MCC,,,HexagonalGrid_hxg_410_5_1.p,intuitionistic,horn,1,,5,0,3,provable,proved,,ok,horn,IMELL,12934,31,1.218,5,0,5,0,0,0,2048,0.000,0.013,auto,30,0.188,1073741824,0,
lltp,petri-nets/MCC,,,HexagonalGrid_hxg_516_50_1.p,intuitionistic,horn,1,,5,0,3,provable,proved,,ok,horn,IMELL,22606,37,2.853,50,0,50,0,0,0,2048,0.000,0.035,auto,30,0.413,1073741824,0,
lltp,petri-nets/MCC,,,HexagonalGrid_hxg_816_20_1.p,intuitionistic,horn,1,,5,0,3,provable,proved,,ok,horn,IMELL,61918,37,6.551,20,0,20,0,0,0,2048,0.000,0.041,auto,30,1.149,1073741824,0,
lltp,petri-nets/MCC,,,HouseConstruction-002_1_1.p,intuitionistic,horn,1,,5,0,3,provable,proved,,ok,horn,IMELL,110,2,0.069,1,0,1,0,0,0,2048,0.000,0.000,auto,30,0.005,1073741824,0,
lltp,petri-nets/MCC,,,HouseConstruction-005_100_1.p,intuitionistic,horn,1,,5,0,3,provable,proved,,ok,horn,IMELL,122,5,0.114,209,53,156,0,0,0,2048,0.000,0.000,auto,30,0.025,1073741824,0,
lltp,petri-nets/MCC,,,HouseConstruction-005_50_1.p,intuitionistic,horn,1,,5,0,3,provable,proved,,ok,horn,IMELL,130,5,0.091,122,34,88,0,0,0,2048,0.000,0.000,auto,30,0.016,1073741824,0,
lltp,petri-nets/MCC,,,HouseConstruction-010_1_1.p,intuitionistic,horn,1,,5,0,3,provable,proved,,ok,horn,IMELL,142,10,0.051,1,0,1,0,0,0,2048,0.000,0.000,auto,30,0.006,1073741824,0,
lltp,petri-nets/MCC,,,HouseConstruction-020_100_1.p,intuitionistic,horn,1,,5,0,3,provable,proved,,ok,horn,IMELL,304,21,0.119,113,3,110,0,0,0,2048,0.000,0.000,auto,30,0.037,1073741824,0,
lltp,petri-nets/MCC,,,HouseConstruction-020_50_1.p,intuitionistic,horn,1,,5,0,3,provable,proved,,ok,horn,IMELL,222,20,0.081,50,0,50,0,0,0,2048,0.000,0.000,auto,30,0.019,1073741824,0,
lltp,petri-nets/MCC,,,HouseConstruction-050_1_1.p,intuitionistic,horn,1,,5,0,3,provable,proved,,ok,horn,IMELL,302,50,0.064,1,0,1,0,0,0,2048,0.000,0.000,auto,30,0.015,1073741824,0,
lltp,petri-nets/MCC,,,HouseConstruction-100_100_1.p,intuitionistic,horn,1,,5,0,3,provable,proved,,ok,horn,IMELL,502,101,0.094,100,0,100,0,0,0,2048,0.000,0.000,auto,30,0.036,1073741824,0,
lltp,petri-nets/MCC,,,HouseConstruction-100_50_1.p,intuitionistic,horn,1,,5,0,3,provable,proved,,ok,horn,IMELL,502,100,0.083,50,0,50,0,0,0,2048,0.000,0.000,auto,30,0.032,1073741824,0,
lltp,petri-nets/MCC,,,HouseConstruction-200_1_1.p,intuitionistic,horn,1,,5,0,3,provable,proved,,ok,horn,IMELL,902,200,0.086,1,0,1,0,0,0,2048,0.000,0.000,auto,30,0.049,1073741824,0,
lltp,petri-nets/MCC,,,HouseConstruction-500_100_1.p,intuitionistic,horn,1,,5,0,3,provable,proved,,ok,horn,IMELL,2102,500,0.160,100,0,100,0,0,0,2048,0.000,0.000,auto,30,0.119,1073741824,0,
lltp,petri-nets/MCC,,,HouseConstruction-500_50_1.p,intuitionistic,horn,1,,5,0,3,provable,proved,,ok,horn,IMELL,2102,500,0.137,50,0,50,0,0,0,2048,0.000,0.000,auto,30,0.110,1073741824,0,
lltp,petri-nets/MCC,,,HypercubeGrid_hc3k4p4b12_20_1.p,intuitionistic,horn,1,,5,0,3,provable,proved,,ok,horn,IMELL,30334,43,2.737,20,0,20,0,0,0,2048,0.000,0.019,auto,30,0.815,1073741824,0,
lltp,petri-nets/MCC,,,HypercubeGrid_hc4k3p3b12_1_1.p,intuitionistic,horn,1,,5,0,3,provable,proved,,ok,horn,IMELL,58318,69,5.231,1,0,1,0,0,0,2048,10.000,0.026,auto,30,1.179,1073741824,0,
lltp,petri-nets/MCC,,,HypercubeGrid_hc5k3p3b15_100_1.p,intuitionistic,horn,1,,5,0,3,provable,proved,,ok,horn,IMELL,257578,106,39.234,100,0,100,0,0,0,2048,40.000,0.126,auto,30,4.762,1073741824,0,
lltp,petri-nets/MCC,,,HypercubeGrid_hc5k3p3b15_5_1.p,intuitionistic,horn,1,,5,0,3,provable,proved,,ok,horn,IMELL,257578,106,25.569,5,0,5,0,0,0,2048,20.000,0.065,auto,30,4.568,1073741824,0,
lltp,petri-nets/MCC,,,HypertorusGrid_ht_d2k1p8b00_20_1.p,intuitionistic,horn,1,,5,0,3,provable,proved,,ok,horn,IMELL,270,17,0.090,16,0,16,0,0,0,2048,0.000,0.000,auto,30,0.019,1073741824,0,
lltp,petri-nets/MCC,,,HypertorusGrid_ht_d2k2p1b00_1_1.p,intuitionistic,horn,1,,5,0,3,provable,proved,,ok,horn,IMELL,638,13,0.102,1,0,1,0,0,0,2048,0.000,0.000,auto,30,0.014,1073741824,0,
lltp,petri-nets/MCC,,,HypertorusGrid_ht_d2k3p2b04_100_1.p,intuitionistic,horn,1,,5,0,3,provable,proved,,ok,horn,IMELL,1726,20,9.976,5686,2544,3142,0,0,0,2048,0.000,0.062,auto,30,0.132,1073741824,0,
lltp,petri-nets/MCC,,,HypertorusGrid_ht_d2k3p2b04_5_1.p,intuitionistic,horn,1,,5,0,3,provable,proved,,ok,horn,IMELL,1726,18,0.187,5,0,5,0,0,0,2048,0.000,0.000,auto,30,0.046,1073741824,0,
lltp,petri-nets/MCC,,,HypertorusGrid_ht_d3k3p2b06_50_1.p,intuitionistic,horn,1,,5,0,3,provable,proved,,ok,horn,IMELL,10366,38,1.401,50,0,50,0,0,0,2048,0.000,0.048,auto,30,0.230,1073741824,0,
lltp,petri-nets/MCC,,,HypertorusGrid_ht_d4k3p2b08_20_1.p,intuitionistic,horn,1,,5,0,3,provable,proved,,ok,horn,IMELL,51838,65,5.418,20,0,20,0,0,0,2048,10.000,0.042,auto,30,0.938,1073741824,0,
lltp,petri-nets/MCC,,,HypertorusGrid_ht_d5k3p2b10_1_1.p,intuitionistic,horn,1,,5,0,3,provable,proved,,ok,horn,IMELL,233278,101,24.085,1,0,1,0,0,0,2048,30.000,0.069,auto,30,3.600,1073741824,0,
lltp,petri-nets/MCC,,,IBM319_100_1.p,intuitionistic,horn,1,,5,0,3,provable,proved,,ok,horn,IMELL,1056,4,0.278,153,4,149,0,0,0,2048,0.000,0.000,auto,30,0.048,1073741824,0,
lltp,petri-nets/MCC,,,IBM319_50_1.p,intuitionistic,horn,1,,5,0,3,provable,proved,,ok,horn,IMELL,1064,4,0.229,53,1,52,0,0,0,2048,0.000,0.000,auto,30,0.032,1073741824,0,
lltp,petri-nets/MCC,,,IBM5964_20_1.p,intuitionistic,horn,1,,5,0,3,provable,proved,,ok,horn,IMELL,1108,3,0.211,23,1,22,0,0,0,2048,0.000,0.000,auto,30,0.025,1073741824,0,
lltp,petri-nets/MCC,,,IBM703_10_1.p,intuitionistic,horn,1,,5,0,3,provable,proved,,ok,horn,IMELL,1146,5,0.226,10,0,10,0,0,0,2048,0.000,0.000,auto,30,0.023,1073741824,0,
lltp,petri-nets/MCC,,,IBM703_5_1.p,intuitionistic,horn,1,,5,0,3,provable,proved,,ok,horn,IMELL,1146,5,0.224,5,0,5,0,0,0,2048,0.000,0.000,auto,30,0.022,1073741824,0,
lltp,petri-nets/MCC,,,IBMB2S565S3960_20_1.p,intuitionistic,horn,1,,5,0,3,provable,proved,,ok,horn,IMELL,1168,7,0.249,34,6,28,0,0,0,2048,0.000,0.000,auto,30,0.027,1073741824,0,
lltp,petri-nets/MCC,,,IOTPpurchase_IOTP_c12m10p15d17_10_1.p,intuitionistic,horn,1,,5,0,3,provable,proved,,ok,horn,IMELL,714,18,0.120,10,0,10,0,0,0,2048,0.000,0.000,auto,30,0.096,1073741824,0,
lltp,petri-nets/MCC,,,IOTPpurchase_IOTP_c12m10p15d17_5_1.p,intuitionistic,horn,1,,5,0,3,provable,proved,,ok,horn,IMELL,714,18,0.119,5,0,5,0,0,0,2048,0.000,0.000,auto,30,0.025,1073741824,0,
lltp,petri-nets/MCC,,,IOTPpurchase_IOTP_c1m1p1d1_20_1.p,intuitionistic,horn,1,,5,0,3,provable,proved,,ok,horn,IMELL,522,2,0.124,20,0,20,0,0,0,2048,0.000,0.000,auto,30,0.021,1073741824,0,
lltp,petri-nets/MCC,,,IOTPpurchase_IOTP_c3m3p3d3_10_1.p,intuitionistic,horn,1,,5,0,3,provable,proved,,ok,horn,IMELL,556,4,0.119,10,0,10,0,0,0,2048,0.000,0.000,auto,30,0.017,1073741824,0,
lltp,petri-nets/MCC,,,IOTPpurchase_IOTP_c3m3p3d3_5_1.p,intuitionistic,horn,1,,5,0,3,provable,proved,,ok,horn,IMELL,546,4,0.218,5,0,5,0,0,0,2048,0.000,0.059,auto,30,0.015,1073741824,0,
lltp,petri-nets/MCC,,,IOTPpurchase_IOTP_c5m4p3d2_20_1.p,intuitionistic,horn,1,,5,0,3,provable,proved,,ok,horn,IMELL,554,6,0.129,28,4,24,0,0,0,2048,0.000,0.000,auto,30,0.021,1073741824,0,
lltp,petri-nets/MCC,,,JoinFreeModules_joinFree-100_1_1.p,intuitionistic,horn,1,,5,0,3,provable,proved,,ok,horn,IMELL,91206,203,4.587,1,0,1,0,0,0,2048,0.000,0.038,auto,30,2.508,1073741824,0,
lltp,petri-nets/MCC,,,JoinFreeModules_joinFree-10_100_1.p,intuitionistic,horn,1,,5,0,3,provable,proved,,ok,horn,IMELL,1926,23,62.521,129216,104036,25180,0,0,0,2048,60.000,0.118,auto,30,0.169,1073741824,0,
lltp,petri-nets/MCC,,,JoinFreeModules_joinFree-10_5_1.p,intuitionistic,horn,1,,5,0,3,provable,proved,,ok,horn,IMELL,1926,23,0.194,5,0,5,0,0,0,2048,0.000,0.000,auto,30,0.042,1073741824,0,
lltp,petri-nets/MCC,,,JoinFreeModules_joinFree-20_50_1.p,intuitionistic,horn,1,,5,0,3,provable,proved,,ok,horn,IMELL,5446,43,0.395,50,0,50,0,0,0,2048,0.000,0.000,auto,30,0.135,1073741824,0,
lltp,petri-nets/MCC,,,JoinFreeModules_joinFree-3_1_1.p,intuitionistic,horn,1,,5,0,3,provable,proved,,ok,horn,IMELL,414,10,0.072,1,0,1,0,0,0,2048,0.000,0.000,auto,30,0.009,1073741824,0,
lltp,petri-nets/MCC,,,JoinFreeModules_joinFree-4_10_1.p,intuitionistic,horn,1,,5,0,3,provable,proved,,ok,horn,IMELL,582,13,0.089,10,0,10,0,0,0,2048,0.000,0.000,auto,30,0.014,1073741824,0,
lltp,petri-nets/MCC,,,JoinFreeModules_joinFree-50_100_1.p,intuitionistic,horn,1,,5,0,3,provable,proved,,ok,horn,IMELL,25606,103,1.664,100,0,100,0,0,0,2048,0.000,0.029,auto,30,0.685,1073741824,0,
lltp,petri-nets/MCC,,,JoinFreeModules_joinFree-50_5_1.p,intuitionistic,horn,1,,5,0,3,provable,proved,,ok,horn,IMELL,25606,103,1.297,5,0,5,0,0,0,2048,0.000,0.000,auto,30,0.633,1073741824,0,
lltp,petri-nets/MCC,,,JoinFreeModules_joinFree-5_5_1.p,intuitionistic,horn,1,,5,0,3,provable,proved,,ok,horn,IMELL,766,13,0.097,5,0,5,0,0,0,2048,0.000,0.000,auto,30,0.016,1073741824,0,
lltp,petri-nets/MCC,,,Kanban-1000_20_1.p,intuitionistic,horn,1,,5,0,3,provable,proved,,ok,horn,IMELL,16078,1001,0.824,20,0,20,0,0,0,2048,0.000,0.052,auto,30,0.881,1073741824,0,
lltp,petri-nets/MCC,,,Kanban-100_10_1.p,intuitionistic,horn,1,,5,0,3,provable,proved,,ok,horn,IMELL,1678,101,0.120,10,0,10,0,0,0,2048,0.000,0.000,auto,30,0.096,1073741824,0,
lltp,petri-nets/MCC,,,Kanban-100_5_1.p,intuitionistic,horn,1,,5,0,3,provable,proved,,ok,horn,IMELL,1678,101,0.116,5,0,5,0,0,0,2048,0.000,0.000,auto,30,0.091,1073741824,0,
lltp,petri-nets/MCC,,,Kanban-10_5_1.p,intuitionistic,horn,1,,5,0,3,provable,proved,,ok,horn,IMELL,238,11,0.057,5,0,5,0,0,0,2048,0.000,0.000,auto,30,0.014,1073741824,0,
lltp,petri-nets/MCC,,,Kanban-200_20_1.p,intuitionistic,horn,1,,5,0,3,provable,proved,,ok,horn,IMELL,3278,201,0.203,20,0,20,0,0,0,2048,0.000,0.000,auto,30,0.184,1073741824,0,
lltp,petri-nets/MCC,,,Kanban-20_1_1.p,intuitionistic,horn,1,,5,0,3,provable,proved,,ok,horn,IMELL,398,21,0.064,1,0,1,0,0,0,2048,0.000,0.000,auto,30,0.021,1073741824,0,
lltp,petri-nets/MCC,,,Kanban-500_10_1.p,intuitionistic,horn,1,,5,0,3,provable,proved,,ok,horn,IMELL,8078,501,0.390,10,0,10,0,0,0,2048,0.000,0.000,auto,30,0.431,1073741824,0,
lltp,petri-nets/MCC,,,Kanban-500_5_1.p,intuitionistic,horn,1,,5,0,3,provable,proved,,ok,horn,IMELL,8078,501,0.381,5,0,5,0,0,0,2048,0.000,0.000,auto,30,0.470,1073741824,0,
lltp,petri-nets/MCC,,,Kanban-50_50_1.p,intuitionistic,horn,1,,5,0,3,provable,proved,,ok,horn,IMELL,878,52,0.102,50,0,50,0,0,0,2048,0.000,0.000,auto,30,0.058,1073741824,0,
lltp,petri-nets/MCC,,,Kanban-5_20_1.p,intuitionistic,horn,1,,5,0,3,provable,proved,,ok,horn,IMELL,158,6,0.062,12,0,12,0,0,0,2048,0.000,0.000,auto,30,0.012,1073741824,0,
lltp,petri-nets/MCC,,,LamportFastMutEx_lamport_fmea-2_10_1.p,intuitionistic,horn,1,,5,0,3,provable,proved,,ok,horn,IMELL,826,22,0.134,30,3,27,0,0,0,2048,0.000,0.000,auto,30,0.017,1073741824,0,
lltp,petri-nets/MCC,,,LamportFastMutEx_lamport_fmea-2_5_1.p,intuitionistic,horn,1,,5,0,3,provable,proved,,ok,horn,IMELL,826,22,0.127,5,0,5,0,0,0,2048,0.000,0.000,auto,30,0.014,1073741824,0,
lltp,petri-nets/MCC,,,LamportFastMutEx_lamport_fmea-3_20_1.p,intuitionistic,horn,1,,5,0,3,provable,proved,,ok,horn,IMELL,1358,33,0.181,10,0,10,0,0,0,2048,0.000,0.000,auto,30,0.020,1073741824,0,
lltp,petri-nets/MCC,,,LamportFastMutEx_lamport_fmea-4_10_1.p,intuitionistic,horn,1,,5,0,3,provable,proved,,ok,horn,IMELL,2018,46,0.345,344,94,250,0,0,0,2048,0.000,0.000,auto,30,0.027,1073741824,0,
lltp,petri-nets/MCC,,,LamportFastMutEx_lamport_fmea-4_5_1.p,intuitionistic,horn,1,,5,0,3,provable,proved,,ok,horn,IMELL,2018,46,0.347,5,0,5,0,0,0,2048,0.000,0.064,auto,30,0.025,1073741824,0,
lltp,petri-nets/MCC,,,LamportFastMutEx_lamport_fmea-5_20_1.p,intuitionistic,horn,1,,5,0,3,provable,proved,,ok,horn,IMELL,2806,61,4.154,13224,8794,4430,0,0,0,2048,0.000,0.022,auto,30,0.044,1073741824,0,
lltp,petri-nets/MCC,,,LamportFastMutEx_lamport_fmea-6_10_1.p,intuitionistic,horn,1,,5,0,3,provable,proved,,ok,horn,IMELL,3722,78,0.416,13,0,13,0,0,0,2048,0.000,0.000,auto,30,0.040,1073741824,0,
lltp,petri-nets/MCC,,,LamportFastMutEx_lamport_fmea-6_5_1.p,intuitionistic,horn,1,,5,0,3,provable,proved,,ok,horn,IMELL,3722,78,0.388,5,0,5,0,0,0,2048,0.000,0.000,auto,30,0.038,1073741824,0,
lltp,petri-nets/MCC,,,LamportFastMutEx_lamport_fmea-7_20_1.p,intuitionistic,horn,1,,5,0,3,provable,proved,,ok,horn,IMELL,4766,97,0.653,440,138,302,0,0,0,2048,0.000,0.000,auto,30,0.058,1073741824,0,
lltp,petri-nets/MCC,,,LamportFastMutEx_lamport_fmea-8_10_1.p,intuitionistic,horn,1,,5,0,3,provable,proved,,ok,horn,IMELL,5938,118,0.774,301,98,203,0,0,0,2048,0.000,0.000,auto,30,0.061,1073741824,0,
lltp,petri-nets/MCC,,,LamportFastMutEx_lamport_fmea-8_5_1.p,intuitionistic,horn,1,,5,0,3,provable,proved,,ok,horn,IMELL,5938,118,0.661,5,0,5,0,0,0,2048,0.000,0.000,auto,30,0.056,1073741824,0,
lltp,petri-nets/MCC,,,MAPK-160_20_1.p,intuitionistic,horn,1,,5,0,3,provable,proved,,ok,horn,IMELL,3058,162,0.184,2,0,2,0,0,0,2048,0.000,0.000,auto,30,0.167,1073741824,0,
lltp,petri-nets/MCC,,,MAPK-20_10_1.p,intuitionistic,horn,1,,5,0,3,provable,proved,,ok,horn,IMELL,538,22,0.078,2,0,2,0,0,0,2048,0.000,0.000,auto,30,0.024,1073741824,0,
lltp,petri-nets/MCC,,,MAPK-20_5_1.p,intuitionistic,horn,1,,5,0,3,provable,proved,,ok,horn,IMELL,536,22,0.082,3,0,3,0,0,0,2048,0.000,0.000,auto,30,0.025,1073741824,0,
lltp,petri-nets/MCC,,,MAPK-320_20_1.p,intuitionistic,horn,1,,5,0,3,provable,proved,,ok,horn,IMELL,5938,322,0.290,2,0,2,0,0,0,2048,0.000,0.000,auto,30,0.319,1073741824,0,
lltp,petri-nets/MCC,,,MAPK-40_10_1.p,intuitionistic,horn,1,,5,0,3,provable,proved,,ok,horn,IMELL,898,42,0.088,2,0,2,0,0,0,2048,0.000,0.000,auto,30,0.042,1073741824,0,
lltp,petri-nets/MCC,,,MAPK-40_5_1.p,intuitionistic,horn,1,,5,0,3,provable,proved,,ok,horn,IMELL,896,42,0.088,3,0,3,0,0,0,2048,0.000,0.000,auto,30,0.045,1073741824,0,
lltp,petri-nets/MCC,,,MAPK-80_20_1.p,intuitionistic,horn,1,,5,0,3,provable,proved,,ok,horn,IMELL,1618,82,0.122,2,0,2,0,0,0,2048,0.000,0.000,auto,30,0.087,1073741824,0,
lltp,petri-nets/MCC,,,MAPK-8_1_1.p,intuitionistic,horn,1,,5,0,3,provable,proved,,ok,horn,IMELL,320,10,0.065,1,0,1,0,0,0,2048,0.000,0.000,auto,30,0.013,1073741824,0,
lltp,petri-nets/MCC,,,MultiwaySync_100_1.p,intuitionistic,horn,1,,5,0,3,provable,proved,,ok,horn,IMELL,3044,167,0.396,53,2,51,0,0,0,2048,0.000,0.000,auto,30,0.049,1073741824,0,
lltp,petri-nets/MCC,,,MultiwaySync_5_1.p,intuitionistic,horn,1,,5,0,3,provable,proved,,ok,horn,IMELL,3046,167,0.396,5,0,5,0,0,0,2048,0.000,0.000,auto,30,0.045,1073741824,0,
lltp,petri-nets/MCC,,,NeighborGrid_z_2d_3n_1m_c_1_2_20_1.p,intuitionistic,horn,1,,5,0,3,provable,proved,,ok,horn,IMELL,194,12,0.084,9,0,9,0,0,0,2048,0.000,0.000,auto,30,0.008,1073741824,0,
lltp,petri-nets/MCC,,,NeighborGrid_z_2d_3n_1m_t_1_2_1_1.p,intuitionistic,horn,1,,5,0,3,provable,proved,,ok,horn,IMELL,322,10,0.082,1,0,1,0,0,0,2048,0.000,0.000,auto,30,0.009,1073741824,0,
lltp,petri-nets/MCC,,,NeighborGrid_z_3d_3n_1m_t_1_1_1_1.p,intuitionistic,horn,1,,5,0,3,provable,proved,,ok,horn,IMELL,754,8,0.129,1,0,1,0,0,0,2048,0.000,0.000,auto,30,0.017,1073741824,0,
lltp,petri-nets/MCC,,,NeighborGrid_z_4d_3n_2m_c_2_3_20_1.p,intuitionistic,horn,1,,5,0,3,provable,proved,,ok,horn,IMELL,7174,58,1.186,6,0,6,0,0,0,2048,0.000,0.000,auto,30,0.113,1073741824,0,
lltp,petri-nets/MCC,,,NeighborGrid_z_5d_4n_1m_t_3_5_5_1.p,intuitionistic,horn,1,,5,0,3,provable,proved,,ok,horn,IMELL,790526,195,196.742,5,0,5,0,0,0,2048,190.000,0.559,auto,30,11.640,1073741824,0,
lltp,petri-nets/MCC,,,NeoElection_neoelection-2.unf_50_1.p,intuitionistic,horn,1,,5,0,3,provable,proved,,ok,horn,IMELL,4042,117,0.429,35,1,34,0,0,0,2048,0.000,0.000,auto,30,0.046,1073741824,0,
lltp,petri-nets/MCC,,,NeoElection_neoelection-3.unf_1_1.p,intuitionistic,horn,1,,5,0,3,provable,proved,,ok,horn,IMELL,11774,268,1.178,1,0,1,0,0,0,2048,0.000,0.026,auto,30,0.100,1073741824,0,
lltp,petri-nets/MCC,,,NeoElection_neoelection-4.unf_100_1.p,intuitionistic,horn,1,,5,0,3,provable,unknown,timeout,,horn,IMELL,27302,515,5032.690,8881117,6007368,2873749,0,0,0,2048,5010.000,7.006,auto,30,,1073741824,0,
lltp,petri-nets/MCC,,,NeoElection_neoelection-4.unf_50_1.p,intuitionistic,horn,1,,5,0,3,provable,proved,,ok,horn,IMELL,27310,515,2.322,50,0,50,0,0,0,2048,0.000,0.017,auto,30,0.215,1073741824,0,
lltp,petri-nets/MCC,,,NeoElection_neoelection-5.unf_1_1.p,intuitionistic,horn,1,,5,0,3,provable,proved,,ok,horn,IMELL,54562,882,5.754,1,0,1,0,0,0,2048,10.000,0.757,auto,30,0.428,1073741824,0,
lltp,petri-nets/MCC,,,NeoElection_neoelection-6.unf_100_1.p,intuitionistic,horn,1,,5,0,3,provable,proved,,ok,horn,IMELL,98446,1393,8.251,102,0,102,0,0,0,2048,0.000,0.028,auto,30,0.757,1073741824,0,
lltp,petri-nets/MCC,,,NeoElection_neoelection-6.unf_50_1.p,intuitionistic,horn,1,,5,0,3,provable,proved,,ok,horn,IMELL,98450,1393,8.170,50,0,50,0,0,0,2048,0.000,0.041,auto,30,0.751,1073741824,0,
lltp,petri-nets/MCC,,,NeoElection_neoelection-7.unf_1_1.p,intuitionistic,horn,1,,5,0,3,provable,proved,,ok,horn,IMELL,164382,2072,15.003,1,0,1,0,0,0,2048,10.000,0.041,auto,30,1.220,1073741824,0,
lltp,petri-nets/MCC,,,NeoElection_neoelection-8.unf_100_1.p,intuitionistic,horn,1,,5,0,3,provable,proved,,ok,horn,IMELL,259076,2943,22.192,100,0,100,0,0,0,2048,30.000,0.044,auto,30,1.862,1073741824,0,
lltp,petri-nets/MCC,,,NeoElection_neoelection-8.unf_50_1.p,intuitionistic,horn,1,,5,0,3,provable,proved,,ok,horn,IMELL,259050,2943,22.427,50,0,50,0,0,0,2048,20.000,0.057,auto,30,1.803,1073741824,0,
lltp,petri-nets/MCC,,,PaceMaker_20_1.p,intuitionistic,horn,1,,5,0,3,provable,unknown,timeout,,horn,IMELL,844834,17457,5025.577,8261190,7151299,1109891,0,0,0,2048,5010.000,6.758,auto,30,,1073741824,0,
lltp,petri-nets/MCC,,,ParamProductionCell_closed_system1_10_1.p,intuitionistic,horn,1,,5,0,3,provable,proved,,ok,horn,IMELL,1832,16,0.265,10,0,10,0,0,0,2048,0.000,0.000,auto,30,0.034,1073741824,0,
lltp,petri-nets/MCC,,,ParamProductionCell_closed_system1_5_1.p,intuitionistic,horn,1,,5,0,3,provable,proved,,ok,horn,IMELL,1832,16,0.246,5,0,5,0,0,0,2048,0.000,0.000,auto,30,0.031,1073741824,0,
lltp,petri-nets/MCC,,,ParamProductionCell_closed_system2_20_1.p,intuitionistic,horn,1,,5,0,3,provable,proved,,ok,horn,IMELL,1830,16,0.256,20,0,20,0,0,0,2048,0.000,0.000,auto,30,0.036,1073741824,0,
lltp,petri-nets/MCC,,,ParamProductionCell_closed_system3_10_1.p,intuitionistic,horn,1,,5,0,3,provable,proved,,ok,horn,IMELL,1828,16,0.244,10,0,10,0,0,0,2048,0.000,0.000,auto,30,0.031,1073741824,0,
lltp,petri-nets/MCC,,,ParamProductionCell_closed_system3_5_1.p,intuitionistic,horn,1,,5,0,3,provable,proved,,ok,horn,IMELL,1830,16,0.252,5,0,5,0,0,0,2048,0.000,0.000,auto,30,0.030,1073741824,0,
lltp,petri-nets/MCC,,,ParamProductionCell_closed_system4_20_1.p,intuitionistic,horn,1,,5,0,3,provable,proved,,ok,horn,IMELL,1828,16,0.258,26,1,25,0,0,0,2048,0.000,0.000,auto,30,0.037,1073741824,0,
lltp,petri-nets/MCC,,,ParamProductionCell_closed_system5_10_1.p,intuitionistic,horn,1,,5,0,3,provable,proved,,ok,horn,IMELL,1826,16,0.238,10,0,10,0,0,0,2048,0.000,0.000,auto,30,0.032,1073741824,0,
lltp,petri-nets/MCC,,,ParamProductionCell_closed_system5_5_1.p,intuitionistic,horn,1,,5,0,3,provable,proved,,ok,horn,IMELL,1830,16,0.390,5,0,5,0,0,0,2048,0.000,0.087,auto,30,0.029,1073741824,0,
lltp,petri-nets/MCC,,,ParamProductionCell_open_system_0_20_1.p,intuitionistic,horn,1,,5,0,3,provable,proved,,ok,horn,IMELL,1582,16,0.232,24,1,23,0,0,0,2048,0.000,0.000,auto,30,0.031,1073741824,0,
lltp,petri-nets/MCC,,,Parking_parking_1_4_10_1.p,intuitionistic,horn,1,,5,0,3,provable,proved,,ok,horn,IMELL,598,11,0.122,10,0,10,0,0,0,2048,0.000,0.000,auto,30,0.017,1073741824,0,
lltp,petri-nets/MCC,,,Parking_parking_1_4_5_1.p,intuitionistic,horn,1,,5,0,3,provable,proved,,ok,horn,IMELL,598,11,0.123,5,0,5,0,0,0,2048,0.000,0.000,auto,30,0.017,1073741824,0,
lltp,petri-nets/MCC,,,Parking_parking_2_8_5_1.p,intuitionistic,horn,1,,5,0,3,provable,proved,,ok,horn,IMELL,1250,11,0.198,5,0,5,0,0,0,2048,0.000,0.000,auto,30,0.026,1073741824,0,
lltp,petri-nets/MCC,,,Parking_parking_4_16_50_1.p,intuitionistic,horn,1,,5,0,3,provable,proved,,ok,horn,IMELL,2722,11,0.470,114,0,114,0,0,0,2048,0.000,0.000,auto,30,0.058,1073741824,0,
lltp,petri-nets/MCC,,,Parking_parking_4_32_20_1.p,intuitionistic,horn,1,,5,0,3,provable,proved,,ok,horn,IMELL,4898,19,0.622,20,0,20,0,0,0,2048,0.000,0.000,auto,30,0.155,1073741824,0,
lltp,petri-nets/MCC,,,Parking_parking_8_32_1_1.p,intuitionistic,horn,1,,5,0,3,provable,proved,,ok,horn,IMELL,6338,11,0.842,1,0,1,0,0,0,2048,0.000,0.057,auto,30,0.151,1073741824,0,
lltp,petri-nets/MCC,,,Parking_parking_8_64_100_1.p,intuitionistic,horn,1,,5,0,3,provable,proved,,ok,horn,IMELL,10690,19,85.630,22141,10068,12073,0,0,0,2048,80.000,0.213,auto,30,0.190,1073741824,0,
lltp,petri-nets/MCC,,,Parking_parking_8_64_5_1.p,intuitionistic,horn,1,,5,0,3,provable,proved,,ok,horn,IMELL,10690,19,1.228,5,0,5,0,0,0,2048,0.000,0.000,auto,30,0.162,1073741824,0,
lltp,petri-nets/MCC,,,PermAdmissibility_unf-8x8-4stageSEN-01_5_1.p,intuitionistic,horn,1,,5,0,3,provable,proved,,ok,horn,IMELL,7010,64,0.624,5,0,5,0,0,0,2048,0.000,0.000,auto,30,0.059,1073741824,0,
lltp,petri-nets/MCC,,,PermAdmissibility_unf-8x8-4stageSEN-02_50_1.p,intuitionistic,horn,1,,5,0,3,provable,proved,,ok,horn,IMELL,7042,64,19.443,46866,29505,17361,0,0,0,2048,10.000,0.121,auto,30,0.076,1073741824,0,
lltp,petri-nets/MCC,,,PermAdmissibility_unf-8x8-4stageSEN-05_1_1.p,intuitionistic,horn,1,,5,0,3,provable,proved,,ok,horn,IMELL,7154,64,0.702,1,0,1,0,0,0,2048,0.000,0.063,auto,30,0.064,1073741824,0,
lltp,petri-nets/MCC,,,PermAdmissibility_unf-8x8-4stageSEN-10_100_1.p,intuitionistic,horn,1,,5,0,3,provable,unknown,memory_limit,,horn,IMELL,7334,68,4062.264,6090158,4502911,1587247,0,0,0,2048,4030.000,6.284,auto,30,,1073741824,0,
lltp,petri-nets/MCC,,,PermAdmissibility_unf-8x8-4stageSEN-10_50_1.p,intuitionistic,horn,1,,5,0,3,provable,proved,,ok,horn,IMELL,7334,66,70.896,26285,9851,16434,0,0,0,2048,60.000,0.199,auto,30,0.106,1073741824,0,
lltp,petri-nets/MCC,,,PermAdmissibility_unf-8x8-4stageSEN-20_1_1.p,intuitionistic,horn,1,,5,0,3,provable,proved,,ok,horn,IMELL,7694,64,0.592,1,0,1,0,0,0,2048,0.000,0.000,auto,30,0.085,1073741824,0,
lltp,petri-nets/MCC,,,PermAdmissibility_unf-8x8-4stageSEN-50_100_1.p,intuitionistic,horn,1,,5,0,3,provable,unknown,memory_limit,,horn,IMELL,8774,68,4224.145,6678544,4976418,1702126,0,0,0,2048,4200.000,6.689,auto,30,,1073741824,0,
lltp,petri-nets/MCC,,,PermAdmissibility_unf-8x8-4stageSEN-50_50_1.p,intuitionistic,horn,1,,5,0,3,provable,proved,,ok,horn,IMELL,8774,66,70.367,26285,9851,16434,0,0,0,2048,60.000,0.172,auto,30,0.171,1073741824,0,
lltp,petri-nets/MCC,,,Peterson-2_1_1.p,intuitionistic,horn,1,,5,0,3,provable,proved,,ok,horn,IMELL,798,7,0.146,1,0,1,0,0,0,2048,0.000,0.000,auto,30,0.015,1073741824,0,
lltp,petri-nets/MCC,,,Peterson-3_100_1.p,intuitionistic,horn,1,,5,0,3,provable,proved,,ok,horn,IMELL,2074,11,12.379,47135,33068,14067,0,0,0,2048,10.000,0.072,auto,30,0.055,1073741824,0,
lltp,petri-nets/MCC,,,Peterson-3_50_1.p,intuitionistic,horn,1,,5,0,3,provable,proved,,ok,horn,IMELL,2074,11,12.398,46894,32892,14002,0,0,0,2048,10.000,0.064,auto,30,0.056,1073741824,0,
lltp,petri-nets/MCC,,,Peterson-4_1_1.p,intuitionistic,horn,1,,5,0,3,provable,proved,,ok,horn,IMELL,4294,18,0.575,1,0,1,0,0,0,2048,0.000,0.000,auto,30,0.102,1073741824,0,
lltp,petri-nets/MCC,,,Peterson-5_100_1.p,intuitionistic,horn,1,,5,0,3,provable,unknown,timeout,,horn,IMELL,7722,27,5016.208,11161370,8643091,2518279,0,0,0,2048,4990.000,8.725,auto,30,,1073741824,0,
lltp,petri-nets/MCC,,,Peterson-5_50_1.p,intuitionistic,horn,1,,5,0,3,provable,unknown,timeout,,horn,IMELL,7722,27,5012.780,11138365,8624822,2513543,0,0,0,2048,4990.000,7.739,auto,30,,1073741824,0,
lltp,petri-nets/MCC,,,Peterson-6_1_1.p,intuitionistic,horn,1,,5,0,3,provable,proved,,ok,horn,IMELL,12622,38,1.702,1,0,1,0,0,0,2048,0.000,0.027,auto,30,0.145,1073741824,0,
lltp,petri-nets/MCC,,,Peterson-7_100_1.p,intuitionistic,horn,1,,5,0,3,provable,unknown,timeout,,horn,IMELL,19258,51,5008.517,4858965,3744050,1114915,0,0,0,2048,4990.000,7.219,auto,30,,1073741824,0,
lltp,petri-nets/MCC,,,Peterson-7_50_1.p,intuitionistic,horn,1,,5,0,3,provable,unknown,timeout,,horn,IMELL,19258,51,5010.477,4911421,3803031,1108390,0,0,0,2048,4990.000,6.395,auto,30,,1073741824,0,
lltp,petri-nets/MCC,,,PhaseVariation_10-100_phaseVariation_20_1.p,intuitionistic,horn,1,,5,0,3,provable,proved,,ok,horn,IMELL,45152,3237,3.209,20,0,20,0,0,0,2048,0.000,0.020,auto,30,0.298,1073741824,0,
lltp,petri-nets/MCC,,,PhaseVariation_10-10_phaseVariation_1_1.p,intuitionistic,horn,1,,5,0,3,provable,proved,,ok,horn,IMELL,44354,3147,3.060,1,0,1,0,0,0,2048,0.000,0.025,auto,30,0.269,1073741824,0,
lltp,petri-nets/MCC,,,PhaseVariation_2-100_phaseVariation_1_1.p,intuitionistic,horn,1,,5,0,3,provable,proved,,ok,horn,IMELL,1722,165,0.138,1,0,1,0,0,0,2048,0.000,0.000,auto,30,0.038,1073741824,0,
lltp,petri-nets/MCC,,,PhaseVariation_2-10_phaseVariation_10_1.p,intuitionistic,horn,1,,5,0,3,provable,proved,,ok,horn,IMELL,1012,75,0.125,10,0,10,0,0,0,2048,0.000,0.000,auto,30,0.019,1073741824,0,
lltp,petri-nets/MCC,,,PhaseVariation_20-100_phaseVariation_100_1.p,intuitionistic,horn,1,,5,0,3,provable,proved,,ok,horn,IMELL,190592,13557,18.877,100,0,100,0,0,0,2048,20.000,0.043,auto,30,1.202,1073741824,0,
lltp,petri-nets/MCC,,,PhaseVariation_20-100_phaseVariation_5_1.p,intuitionistic,horn,1,,5,0,3,provable,proved,,ok,horn,IMELL,190402,13557,14.017,5,0,5,0,0,0,2048,10.000,0.038,auto,30,1.172,1073741824,0,
lltp,petri-nets/MCC,,,PhaseVariation_20-10_phaseVariation_50_1.p,intuitionistic,horn,1,,5,0,3,provable,proved,,ok,horn,IMELL,190132,13467,15.402,50,0,50,0,0,0,2048,10.000,0.052,auto,30,1.240,1073741824,0,
lltp,petri-nets/MCC,,,PhaseVariation_30-100_phaseVariation_100_1.p,intuitionistic,horn,1,,5,0,3,provable,proved,,ok,horn,IMELL,437872,31077,42.167,100,0,100,0,0,0,2048,40.000,0.079,auto,30,3.164,1073741824,0,
lltp,petri-nets/MCC,,,PhaseVariation_30-100_phaseVariation_5_1.p,intuitionistic,horn,1,,5,0,3,provable,proved,,ok,horn,IMELL,437682,31077,33.960,5,0,5,0,0,0,2048,40.000,0.076,auto,30,2.890,1073741824,0,
lltp,petri-nets/MCC,,,PhaseVariation_30-10_phaseVariation_50_1.p,intuitionistic,horn,1,,5,0,3,provable,proved,,ok,horn,IMELL,437412,30987,37.707,50,0,50,0,0,0,2048,40.000,0.078,auto,30,2.925,1073741824,0,
lltp,petri-nets/MCC,,,PhaseVariation_5-100_phaseVariation_20_1.p,intuitionistic,horn,1,,5,0,3,provable,proved,,ok,horn,IMELL,10412,777,0.801,20,0,20,0,0,0,2048,0.000,0.000,auto,30,0.101,1073741824,0,
lltp,petri-nets/MCC,,,PhaseVariation_5-10_phaseVariation_20_1.p,intuitionistic,horn,1,,5,0,3,provable,proved,,ok,horn,IMELL,9652,687,0.751,20,0,20,0,0,0,2048,0.000,0.045,auto,30,0.077,1073741824,0,
lltp,petri-nets/MCC,,,Philosophers-10000_1_1.p,intuitionistic,horn,1,,5,0,3,provable,proved,,ok,horn,IMELL,399996,5,53.625,1,0,1,0,0,0,2048,50.000,0.114,auto,30,7.944,1073741824,0,
lltp,petri-nets/MCC,,,Philosophers-1000_100_1.p,intuitionistic,horn,1,,5,0,3,provable,proved,,ok,horn,IMELL,39798,5,10.393,100,0,100,0,0,0,2048,10.000,0.027,auto,30,0.689,1073741824,0,
lltp,petri-nets/MCC,,,Philosophers-1000_5_1.p,intuitionistic,horn,1,,5,0,3,provable,proved,,ok,horn,IMELL,39988,5,4.547,5,0,5,0,0,0,2048,0.000,0.029,auto,30,0.684,1073741824,0,
lltp,petri-nets/MCC,,,Philosophers-100_50_1.p,intuitionistic,horn,1,,5,0,3,provable,proved,,ok,horn,IMELL,3898,5,0.701,50,0,50,0,0,0,2048,0.000,0.000,auto,30,0.089,1073741824,0,
lltp,petri-nets/MCC,,,Philosophers-10_1_1.p,intuitionistic,horn,1,,5,0,3,provable,proved,,ok,horn,IMELL,396,5,0.087,1,0,1,0,0,0,2048,0.000,0.000,auto,30,0.011,1073741824,0,
lltp,petri-nets/MCC,,,Philosophers-2000_100_1.p,intuitionistic,horn,1,,5,0,3,provable,proved,,ok,horn,IMELL,79798,5,21.153,100,0,100,0,0,0,2048,30.000,0.047,auto,30,1.450,1073741824,0,
lltp,petri-nets/MCC,,,Philosophers-2000_5_1.p,intuitionistic,horn,1,,5,0,3,provable,proved,,ok,horn,IMELL,79988,5,9.179,5,0,5,0,0,0,2048,10.000,0.034,auto,30,1.412,1073741824,0,
lltp,petri-nets/MCC,,,Philosophers-200_50_1.p,intuitionistic,horn,1,,5,0,3,provable,proved,,ok,horn,IMELL,7898,5,1.440,50,0,50,0,0,0,2048,0.000,0.048,auto,30,0.165,1073741824,0,
lltp,petri-nets/MCC,,,Philosophers-20_5_1.p,intuitionistic,horn,1,,5,0,3,provable,proved,,ok,horn,IMELL,788,5,0.142,5,0,5,0,0,0,2048,0.000,0.000,auto,30,0.020,1073741824,0,
lltp,petri-nets/MCC,,,Philosophers-5000_50_1.p,intuitionistic,horn,1,,5,0,3,provable,proved,,ok,horn,IMELL,199898,5,39.417,50,0,50,0,0,0,2048,40.000,0.144,auto,30,3.413,1073741824,0,
lltp,petri-nets/MCC,,,Philosophers-500_20_1.p,intuitionistic,horn,1,,5,0,3,provable,proved,,ok,horn,IMELL,19958,5,2.610,20,0,20,0,0,0,2048,0.000,0.000,auto,30,0.381,1073741824,0,
lltp,petri-nets/MCC,,,Philosophers-50_20_1.p,intuitionistic,horn,1,,5,0,3,provable,proved,,ok,horn,IMELL,1958,5,0.280,20,0,20,0,0,0,2048,0.000,0.000,auto,30,0.045,1073741824,0,
lltp,petri-nets/MCC,,,Philosophers-5_10_1.p,intuitionistic,horn,1,,5,0,3,provable,proved,,ok,horn,IMELL,196,5,0.056,1,0,1,0,0,0,2048,0.000,0.000,auto,30,0.006,1073741824,0,
lltp,petri-nets/MCC,,,Philosophers-5_5_1.p,intuitionistic,horn,1,,5,0,3,provable,proved,,ok,horn,IMELL,194,5,0.060,2,0,2,0,0,0,2048,0.000,0.000,auto,30,0.007,1073741824,0,
lltp,petri-nets/MCC,,,PhilosophersDyn_philo_dyn-20-unfolded_1_1.p,intuitionistic,horn,1,,5,0,3,provable,proved,,ok,horn,IMELL,283366,1222,24.974,1,0,1,0,0,0,2048,30.000,0.055,auto,30,1.672,1073741824,0,
lltp,petri-nets/MCC,,,PhilosophersDyn_philo_dyn-3-unfolded_10_1.p,intuitionistic,horn,1,,5,0,3,provable,proved,,ok,horn,IMELL,1200,31,0.245,266,148,118,0,0,0,2048,0.000,0.000,auto,30,0.017,1073741824,0,
lltp,petri-nets/MCC,,,PhilosophersDyn_philo_dyn-3-unfolded_5_1.p,intuitionistic,horn,1,,5,0,3,provable,proved,,ok,horn,IMELL,1198,31,0.276,441,236,205,0,0,0,2048,0.000,0.000,auto,30,0.015,1073741824,0,
lltp,petri-nets/MCC,,,Planning_planning_50_1.p,intuitionistic,horn,1,,5,0,3,provable,proved,,ok,horn,IMELL,1640,21,0.237,42,0,42,0,0,0,2048,0.000,0.000,auto,30,0.048,1073741824,0,
lltp,petri-nets/MCC,,,PolyORBLF_PolyORB-LF-S02-J04-T06-unfolded_1_1.p,intuitionistic,horn,1,,5,0,3,provable,proved,,ok,horn,IMELL,14734,1223,1.282,1,0,1,0,0,0,2048,0.000,0.000,auto,30,0.116,1073741824,0,
lltp,petri-nets/MCC,,,PolyORBLF_PolyORB-LF-S02-J04-T08-unfolded_100_1.p,intuitionistic,horn,1,,5,0,3,provable,proved,,ok,horn,IMELL,19736,1628,517.090,413256,206228,207028,0,0,0,2048,500.000,1.331,auto,30,0.204,1073741824,0,
lltp,petri-nets/MCC,,,PolyORBLF_PolyORB-LF-S02-J04-T08-unfolded_50_1.p,intuitionistic,horn,1,,5,0,3,provable,unknown,timeout,,horn,IMELL,19734,1628,5008.803,4358916,2584442,1774474,0,0,0,2048,4980.000,7.714,auto,30,,1073741824,0,
lltp,petri-nets/MCC,,,PolyORBLF_PolyORB-LF-S02-J04-T10-unfolded_1_1.p,intuitionistic,horn,1,,5,0,3,provable,proved,,ok,horn,IMELL,24822,2031,2.108,1,0,1,0,0,0,2048,0.000,0.000,auto,30,0.178,1073741824,0,
lltp,petri-nets/MCC,,,PolyORBLF_PolyORB-LF-S02-J06-T06-unfolded_100_1.p,intuitionistic,horn,1,,5,0,3,provable,proved,,ok,horn,IMELL,15988,1224,278.254,264323,132130,132193,0,0,0,2048,270.000,0.644,auto,30,0.191,1073741824,0,
lltp,petri-nets/MCC,,,PolyORBLF_PolyORB-LF-S02-J06-T06-unfolded_50_1.p,intuitionistic,horn,1,,5,0,3,provable,proved,,ok,horn,IMELL,15988,1224,3166.193,3159352,1914836,1244516,0,0,0,2048,3150.000,5.496,auto,30,0.243,1073741824,0,
lltp,petri-nets/MCC,,,PolyORBLF_PolyORB-LF-S02-J06-T08-unfolded_1_1.p,intuitionistic,horn,1,,5,0,3,provable,proved,,ok,horn,IMELL,21410,1627,1.963,1,0,1,0,0,0,2048,0.000,0.017,auto,30,0.160,1073741824,0,
lltp,petri-nets/MCC,,,PolyORBLF_PolyORB-LF-S02-J06-T10-unfolded_100_1.p,intuitionistic,horn,1,,5,0,3,provable,proved,,ok,horn,IMELL,26908,2032,1034.725,624671,320625,304046,0,0,0,2048,1020.000,1.799,auto,30,0.273,1073741824,0,
lltp,petri-nets/MCC,,,PolyORBLF_PolyORB-LF-S02-J06-T10-unfolded_50_1.p,intuitionistic,horn,1,,5,0,3,provable,unknown,timeout,,horn,IMELL,26910,2032,5011.406,3056883,1707795,1349088,0,0,0,2048,4990.000,7.672,auto,30,,1073741824,0,
lltp,petri-nets/MCC,,,PolyORBLF_PolyORB-LF-S04-J04-T06-unfolded_1_1.p,intuitionistic,horn,1,,5,0,3,provable,proved,,ok,horn,IMELL,86654,12901,4.950,1,0,1,0,0,0,2048,0.000,0.021,auto,30,0.424,1073741824,0,
lltp,petri-nets/MCC,,,PolyORBLF_PolyORB-LF-S04-J04-T08-unfolded_100_1.p,intuitionistic,horn,1,,5,0,3,provable,unknown,timeout,,horn,IMELL,115598,17188,5008.891,3875514,2574529,1300985,0,0,0,2048,4990.000,8.499,auto,30,,1073741824,0,
lltp,petri-nets/MCC,,,PolyORBLF_PolyORB-LF-S04-J04-T08-unfolded_50_1.p,intuitionistic,horn,1,,5,0,3,provable,proved,,ok,horn,IMELL,115612,17198,91.775,43989,24461,19528,0,0,0,2048,90.000,0.168,auto,30,0.610,1073741824,0,
lltp,petri-nets/MCC,,,PolyORBLF_PolyORB-LF-S04-J04-T10-unfolded_1_1.p,intuitionistic,horn,1,,5,0,3,provable,proved,,ok,horn,IMELL,144662,21493,8.511,1,0,1,0,0,0,2048,10.000,0.038,auto,30,0.652,1073741824,0,
lltp,petri-nets/MCC,,,PolyORBLF_PolyORB-LF-S04-J06-T06-unfolded_100_1.p,intuitionistic,horn,1,,5,0,3,provable,unknown,timeout,,horn,IMELL,88274,12892,5010.342,4298781,2717425,1581356,0,0,0,2048,4990.000,8.038,auto,30,,1073741824,0,
lltp,petri-nets/MCC,,,PolyORBLF_PolyORB-LF-S04-J06-T06-unfolded_50_1.p,intuitionistic,horn,1,,5,0,3,provable,proved,,ok,horn,IMELL,88288,12902,74.539,42004,22642,19362,0,0,0,2048,80.000,0.083,auto,30,0.474,1073741824,0,
lltp,petri-nets/MCC,,,PolyORBLF_PolyORB-LF-S04-J06-T08-unfolded_1_1.p,intuitionistic,horn,1,,5,0,3,provable,proved,,ok,horn,IMELL,117802,17197,7.642,1,0,1,0,0,0,2048,10.000,0.085,auto,30,0.568,1073741824,0,
lltp,petri-nets/MCC,,,PolyORBLF_PolyORB-LF-S04-J06-T10-unfolded_100_1.p,intuitionistic,horn,1,,5,0,3,provable,unknown,timeout,,horn,IMELL,147370,21484,5008.435,2788966,1761724,1027242,0,0,0,2048,4990.000,7.907,auto,30,,1073741824,0,
lltp,petri-nets/MCC,,,PolyORBLF_PolyORB-LF-S04-J06-T10-unfolded_50_1.p,intuitionistic,horn,1,,5,0,3,provable,proved,,ok,horn,IMELL,147384,21494,126.864,42754,22664,20090,0,0,0,2048,130.000,0.373,auto,30,0.775,1073741824,0,
lltp,petri-nets/MCC,,,PolyORBLF_PolyORB-LF-S06-J04-T04-unfolded_20_1.p,intuitionistic,horn,1,,5,0,3,provable,proved,,ok,horn,IMELL,241322,38530,13.554,8,0,8,0,0,0,2048,20.000,0.034,auto,30,0.984,1073741824,0,
lltp,petri-nets/MCC,,,PolyORBLF_PolyORB-LF-S06-J04-T06-unfolded_20_1.p,intuitionistic,horn,1,,5,0,3,provable,proved,,ok,horn,IMELL,361974,57790,19.621,8,0,8,0,0,0,2048,20.000,0.045,auto,30,1.470,1073741824,0,
lltp,petri-nets/MCC,,,PolyORBLF_PolyORB-LF-S06-J04-T08-unfolded_20_1.p,intuitionistic,horn,1,,5,0,3,provable,proved,,ok,horn,IMELL,482706,77050,27.650,8,0,8,0,0,0,2048,30.000,0.051,auto,30,1.955,1073741824,0,
lltp,petri-nets/MCC,,,PolyORBLF_PolyORB-LF-S06-J06-T04-unfolded_20_1.p,intuitionistic,horn,1,,5,0,3,provable,proved,,ok,horn,IMELL,242674,38530,13.771,8,0,8,0,0,0,2048,10.000,0.035,auto,30,1.006,1073741824,0,
lltp,petri-nets/MCC,,,PolyORBLF_PolyORB-LF-S06-J06-T06-unfolded_20_1.p,intuitionistic,horn,1,,5,0,3,provable,proved,,ok,horn,IMELL,363998,57790,19.421,8,0,8,0,0,0,2048,10.000,0.049,auto,30,1.456,1073741824,0,
lltp,petri-nets/MCC,,,PolyORBLF_PolyORB-LF-S06-J06-T08-unfolded_20_1.p,intuitionistic,horn,1,,5,0,3,provable,proved,,ok,horn,IMELL,485402,77050,25.875,8,0,8,0,0,0,2048,20.000,0.052,auto,30,2.033,1073741824,0,
lltp,petri-nets/MCC,,,PolyORBNT_PolyORB-NT-S05-J20-unfolded_20_1.p,intuitionistic,horn,1,,5,0,3,provable,proved,,ok,horn,IMELL,33356,4880,2.161,12,0,12,0,0,0,2048,0.000,0.017,auto,30,0.166,1073741824,0,
lltp,petri-nets/MCC,,,PolyORBNT_PolyORB-NT-S05-J30-unfolded_20_1.p,intuitionistic,horn,1,,5,0,3,provable,proved,,ok,horn,IMELL,35276,4880,2.268,12,0,12,0,0,0,2048,0.000,0.000,auto,30,0.186,1073741824,0,
lltp,petri-nets/MCC,,,PolyORBNT_PolyORB-NT-S05-J40-unfolded_20_1.p,intuitionistic,horn,1,,5,0,3,provable,proved,,ok,horn,IMELL,37196,4880,2.532,12,0,12,0,0,0,2048,0.000,0.000,auto,30,0.202,1073741824,0,
lltp,petri-nets/MCC,,,PolyORBNT_PolyORB-NT-S05-J60-unfolded_20_1.p,intuitionistic,horn,1,,5,0,3,provable,proved,,ok,horn,IMELL,41036,4880,3.007,12,0,12,0,0,0,2048,0.000,0.019,auto,30,0.244,1073741824,0,
lltp,petri-nets/MCC,,,PolyORBNT_PolyORB-NT-S05-J80-unfolded_20_1.p,intuitionistic,horn,1,,5,0,3,provable,proved,,ok,horn,IMELL,44876,4880,3.434,12,0,12,0,0,0,2048,0.000,0.018,auto,30,0.333,1073741824,0,
lltp,petri-nets/MCC,,,PolyORBNT_PolyORB-NT-S10-J20-unfolded_20_1.p,intuitionistic,horn,1,,5,0,3,provable,proved,,ok,horn,IMELL,423966,67900,21.976,17,0,17,0,0,0,2048,30.000,0.061,auto,30,1.725,1073741824,0,
lltp,petri-nets/MCC,,,PolyORBNT_PolyORB-NT-S10-J30-unfolded_20_1.p,intuitionistic,horn,1,,5,0,3,provable,proved,,ok,horn,IMELL,426886,67900,22.526,17,0,17,0,0,0,2048,20.000,0.135,auto,30,1.809,1073741824,0,
lltp,petri-nets/MCC,,,PolyORBNT_PolyORB-NT-S10-J40-unfolded_20_1.p,intuitionistic,horn,1,,5,0,3,provable,proved,,ok,horn,IMELL,429806,67900,22.644,17,0,17,0,0,0,2048,30.000,0.052,auto,30,1.763,1073741824,0,
lltp,petri-nets/MCC,,,PolyORBNT_PolyORB-NT-S10-J60-unfolded_20_1.p,intuitionistic,horn,1,,5,0,3,provable,proved,,ok,horn,IMELL,435646,67900,23.304,17,0,17,0,0,0,2048,20.000,0.062,auto,30,1.772,1073741824,0,
lltp,petri-nets/MCC,,,PolyORBNT_PolyORB-NT-S10-J80-unfolded_20_1.p,intuitionistic,horn,1,,5,0,3,provable,proved,,ok,horn,IMELL,441486,67900,24.544,17,0,17,0,0,0,2048,30.000,0.060,auto,30,1.763,1073741824,0,
lltp,petri-nets/MCC,,,ProductionCell_1_1.p,intuitionistic,horn,1,,5,0,3,provable,proved,,ok,horn,IMELL,1076,13,0.195,1,0,1,0,0,0,2048,0.000,0.000,auto,30,0.021,1073741824,0,
lltp,petri-nets/MCC,,,QuasiCertifProtocol_QCertifProtocol_02-unfold_10_1.p,intuitionistic,horn,1,,5,0,3,provable,proved,,ok,horn,IMELL,480,21,0.127,107,49,58,0,0,0,2048,0.000,0.000,auto,30,0.014,1073741824,0,
lltp,petri-nets/MCC,,,QuasiCertifProtocol_QCertifProtocol_06-unfold_10_1.p,intuitionistic,horn,1,,5,0,3,provable,proved,,ok,horn,IMELL,1396,49,2.717,10871,7835,3036,0,0,0,2048,0.000,0.050,auto,30,0.024,1073741824,0,
lltp,petri-nets/MCC,,,QuasiCertifProtocol_QCertifProtocol_06-unfold_5_1.p,intuitionistic,horn,1,,5,0,3,provable,proved,,ok,horn,IMELL,1398,50,0.213,24,6,18,0,0,0,2048,0.000,0.000,auto,30,0.021,1073741824,0,
lltp,petri-nets/MCC,,,QuasiCertifProtocol_QCertifProtocol_10-unfold_5_1.p,intuitionistic,horn,1,,5,0,3,provable,proved,,ok,horn,IMELL,2706,81,0.325,5,0,5,0,0,0,2048,0.000,0.000,auto,30,0.029,1073741824,0,
lltp,petri-nets/MCC,,,QuasiCertifProtocol_QCertifProtocol_18-unfold_5_1.p,intuitionistic,horn,1,,5,0,3,provable,proved,,ok,horn,IMELL,6422,138,0.778,5,0,5,0,0,0,2048,0.000,0.042,auto,30,0.046,1073741824,0,
lltp,petri-nets/MCC,,,QuasiCertifProtocol_QCertifProtocol_22-unfold_5_1.p,intuitionistic,horn,1,,5,0,3,provable,proved,,ok,horn,IMELL,8874,169,0.989,5,0,5,0,0,0,2048,0.000,0.039,auto,30,0.057,1073741824,0,
lltp,petri-nets/MCC,,,QuasiCertifProtocol_QCertifProtocol_28-unfold_5_1.p,intuitionistic,horn,1,,5,0,3,provable,proved,,ok,horn,IMELL,13266,214,1.351,5,0,5,0,0,0,2048,0.000,0.000,auto,30,0.080,1073741824,0,
lltp,petri-nets/MCC,,,QuasiCertifProtocol_QCertifProtocol_32-unfold_5_1.p,intuitionistic,horn,1,,5,0,3,provable,proved,,ok,horn,IMELL,16678,245,1.733,5,0,5,0,0,0,2048,0.000,0.016,auto,30,0.092,1073741824,0,
lltp,petri-nets/MCC,,,Raft_raft_02_20_1.p,intuitionistic,horn,1,,5,0,3,provable,proved,,ok,horn,IMELL,332,17,0.079,3,0,3,0,0,0,2048,0.000,0.000,auto,30,0.009,1073741824,0,
lltp,petri-nets/MCC,,,Raft_raft_03_1_1.p,intuitionistic,horn,1,,5,0,3,provable,proved,,ok,horn,IMELL,680,23,0.105,1,0,1,0,0,0,2048,0.000,0.000,auto,30,0.012,1073741824,0,
lltp,petri-nets/MCC,,,Raft_raft_04_20_1.p,intuitionistic,horn,1,,5,0,3,provable,proved,,ok,horn,IMELL,1164,30,5.034,13946,6321,7625,0,0,0,2048,0.000,0.046,auto,30,0.093,1073741824,0,
lltp,petri-nets/MCC,,,Raft_raft_05_20_1.p,intuitionistic,horn,1,,5,0,3,provable,proved,,ok,horn,IMELL,1784,38,2.461,3897,1750,2147,0,0,0,2048,0.000,0.045,auto,30,0.040,1073741824,0,
lltp,petri-nets/MCC,,,Raft_raft_06_20_1.p,intuitionistic,horn,1,,5,0,3,provable,proved,,ok,horn,IMELL,2540,47,0.342,20,0,20,0,0,0,2048,0.000,0.000,auto,30,0.041,1073741824,0,
lltp,petri-nets/MCC,,,Raft_raft_07_1_1.p,intuitionistic,horn,1,,5,0,3,provable,proved,,ok,horn,IMELL,3432,55,0.350,1,0,1,0,0,0,2048,0.000,0.000,auto,30,0.041,1073741824,0,
lltp,petri-nets/MCC,,,Raft_raft_08_100_1.p,intuitionistic,horn,1,,5,0,3,provable,proved,,ok,horn,IMELL,4460,63,0.735,78,4,74,0,0,0,2048,0.000,0.037,auto,30,0.074,1073741824,0,
lltp,petri-nets/MCC,,,Raft_raft_08_5_1.p,intuitionistic,horn,1,,5,0,3,provable,proved,,ok,horn,IMELL,4460,63,0.427,5,0,5,0,0,0,2048,0.000,0.000,auto,30,0.053,1073741824,0,
lltp,petri-nets/MCC,,,Raft_raft_09_50_1.p,intuitionistic,horn,1,,5,0,3,provable,proved,,ok,horn,IMELL,5624,71,0.880,50,0,50,0,0,0,2048,0.000,0.037,auto,30,0.078,1073741824,0,
lltp,petri-nets/MCC,,,Raft_raft_10_20_1.p,intuitionistic,horn,1,,5,0,3,provable,proved,,ok,horn,IMELL,6924,79,0.801,20,0,20,0,0,0,2048,0.000,0.000,auto,30,0.078,1073741824,0,
lltp,petri-nets/MCC,,,Railroad_railroad-005-pt_10_1.p,intuitionistic,horn,1,,5,0,3,provable,proved,,ok,horn,IMELL,682,35,0.111,22,0,22,0,0,0,2048,0.000,0.000,auto,30,0.016,1073741824,0,
lltp,petri-nets/MCC,,,Railroad_railroad-005-pt_5_1.p,intuitionistic,horn,1,,5,0,3,provable,proved,,ok,horn,IMELL,682,36,0.102,5,0,5,0,0,0,2048,0.000,0.000,auto,30,0.014,1073741824,0,
lltp,petri-nets/MCC,,,Railroad_railroad-010-pt_20_1.p,intuitionistic,horn,1,,5,0,3,provable,proved,,ok,horn,IMELL,1894,121,0.189,10,0,10,0,0,0,2048,0.000,0.000,auto,30,0.026,1073741824,0,
lltp,petri-nets/MCC,,,Railroad_railroad-020-pt_1_1.p,intuitionistic,horn,1,,5,0,3,provable,proved,,ok,horn,IMELL,6112,441,0.451,1,0,1,0,0,0,2048,0.000,0.000,auto,30,0.051,1073741824,0,
lltp,petri-nets/MCC,,,Railroad_railroad-050-pt_10_1.p,intuitionistic,horn,1,,5,0,3,provable,proved,,ok,horn,IMELL,33166,2601,2.507,15,0,15,0,0,0,2048,0.000,0.000,auto,30,0.222,1073741824,0,
lltp,petri-nets/MCC,,,Railroad_railroad-050-pt_5_1.p,intuitionistic,horn,1,,5,0,3,provable,proved,,ok,horn,IMELL,33172,2601,2.377,5,0,5,0,0,0,2048,0.000,0.000,auto,30,0.220,1073741824,0,
lltp,petri-nets/MCC,,,Railroad_railroad-100-pt_50_1.p,intuitionistic,horn,1,,5,0,3,provable,proved,,ok,horn,IMELL,126232,10201,13.789,65,0,65,0,0,0,2048,20.000,0.039,auto,30,0.835,1073741824,0,
lltp,petri-nets/MCC,,,Referendum_referendum-unfolded-1000_20_1.p,intuitionistic,horn,1,,5,0,3,provable,proved,,ok,horn,IMELL,12002,3,2.264,20,0,20,0,0,0,2048,0.000,0.014,auto,30,0.355,1073741824,0,
lltp,petri-nets/MCC,,,Referendum_referendum-unfolded-100_1_1.p,intuitionistic,horn,1,,5,0,3,provable,proved,,ok,horn,IMELL,1202,3,0.185,1,0,1,0,0,0,2048,0.000,0.000,auto,30,0.037,1073741824,0,
lltp,petri-nets/MCC,,,Referendum_referendum-unfolded-10_10_1.p,intuitionistic,horn,1,,5,0,3,provable,proved,,ok,horn,IMELL,122,3,0.054,10,0,10,0,0,0,2048,0.000,0.000,auto,30,0.007,1073741824,0,
lltp,petri-nets/MCC,,,Referendum_referendum-unfolded-15_10_1.p,intuitionistic,horn,1,,5,0,3,provable,proved,,ok,horn,IMELL,182,3,0.066,10,0,10,0,0,0,2048,0.000,0.000,auto,30,0.009,1073741824,0,
lltp,petri-nets/MCC,,,Referendum_referendum-unfolded-200_100_1.p,intuitionistic,horn,1,,5,0,3,provable,proved,,ok,horn,IMELL,2402,3,0.949,100,0,100,0,0,0,2048,0.000,0.043,auto,30,0.093,1073741824,0,
lltp,petri-nets/MCC,,,Referendum_referendum-unfolded-200_5_1.p,intuitionistic,horn,1,,5,0,3,provable,proved,,ok,horn,IMELL,2402,3,0.329,5,0,5,0,0,0,2048,0.000,0.000,auto,30,0.068,1073741824,0,
lltp,petri-nets/MCC,,,Referendum_referendum-unfolded-20_5_1.p,intuitionistic,horn,1,,5,0,3,provable,proved,,ok,horn,IMELL,242,3,0.074,5,0,5,0,0,0,2048,0.000,0.000,auto,30,0.010,1073741824,0,
lltp,petri-nets/MCC,,,Referendum_referendum-unfolded-500_50_1.p,intuitionistic,horn,1,,5,0,3,provable,proved,,ok,horn,IMELL,6002,3,1.596,50,0,50,0,0,0,2048,0.000,0.000,auto,30,0.159,1073741824,0,
lltp,petri-nets/MCC,,,Referendum_referendum-unfolded-50_20_1.p,intuitionistic,horn,1,,5,0,3,provable,proved,,ok,horn,IMELL,602,3,0.142,20,0,20,0,0,0,2048,0.000,0.000,auto,30,0.022,1073741824,0,
lltp,petri-nets/MCC,,,ResAllocation_RAS-C-100_1_1.p,intuitionistic,horn,1,,5,0,3,provable,proved,,ok,horn,IMELL,4784,3,0.431,1,0,1,0,0,0,2048,0.000,0.000,auto,30,0.090,1073741824,0,
lltp,petri-nets/MCC,,,ResAllocation_RAS-C-10_10_1.p,intuitionistic,horn,1,,5,0,3,provable,proved,,ok,horn,IMELL,452,3,0.094,10,0,10,0,0,0,2048,0.000,0.000,auto,30,0.015,1073741824,0,
lltp,petri-nets/MCC,,,ResAllocation_RAS-C-10_5_1.p,intuitionistic,horn,1,,5,0,3,provable,proved,,ok,horn,IMELL,458,3,0.087,5,0,5,0,0,0,2048,0.000,0.000,auto,30,0.013,1073741824,0,
lltp,petri-nets/MCC,,,ResAllocation_RAS-C-15_50_1.p,intuitionistic,horn,1,,5,0,3,provable,proved,,ok,horn,IMELL,664,3,0.120,29,0,29,0,0,0,2048,0.000,0.000,auto,30,0.088,1073741824,0,
lltp,petri-nets/MCC,,,ResAllocation_RAS-C-20_50_1.p,intuitionistic,horn,1,,5,0,3,provable,proved,,ok,horn,IMELL,890,3,0.157,38,0,38,0,0,0,2048,0.000,0.000,auto,30,0.033,1073741824,0,
lltp,petri-nets/MCC,,,ResAllocation_RAS-C-3_1_1.p,intuitionistic,horn,1,,5,0,3,provable,proved,,ok,horn,IMELL,128,3,0.042,1,0,1,0,0,0,2048,0.000,0.000,auto,30,0.006,1073741824,0,
lltp,petri-nets/MCC,,,ResAllocation_RAS-C-50_100_1.p,intuitionistic,horn,1,,5,0,3,provable,proved,,ok,horn,IMELL,2240,3,0.394,98,0,98,0,0,0,2048,0.000,0.000,auto,30,0.067,1073741824,0,
lltp,petri-nets/MCC,,,ResAllocation_RAS-C-50_5_1.p,intuitionistic,horn,1,,5,0,3,provable,proved,,ok,horn,IMELL,2384,3,1.164,518,230,288,0,0,0,2048,0.000,0.041,auto,30,0.050,1073741824,0,
lltp,petri-nets/MCC,,,ResAllocation_RAS-C-5_20_1.p,intuitionistic,horn,1,,5,0,3,provable,proved,,ok,horn,IMELL,222,3,0.136,251,143,108,0,0,0,2048,0.000,0.000,auto,30,0.009,1073741824,0,
lltp,petri-nets/MCC,,,ResAllocation_RAS-R-100_10_1.p,intuitionistic,horn,1,,5,0,3,provable,proved,,ok,horn,IMELL,2798,3,0.273,10,0,10,0,0,0,2048,0.000,0.000,auto,30,0.065,1073741824,0,
lltp,petri-nets/MCC,,,ResAllocation_RAS-R-100_5_1.p,intuitionistic,horn,1,,5,0,3,provable,proved,,ok,horn,IMELL,2798,3,0.265,5,0,5,0,0,0,2048,0.000,0.000,auto,30,0.061,1073741824,0,
lltp,petri-nets/MCC,,,ResAllocation_RAS-R-10_20_1.p,intuitionistic,horn,1,,5,0,3,provable,proved,,ok,horn,IMELL,268,3,0.070,20,0,20,0,0,0,2048,0.000,0.000,auto,30,0.015,1073741824,0,
lltp,petri-nets/MCC,,,ResAllocation_RAS-R-15_10_1.p,intuitionistic,horn,1,,5,0,3,provable,proved,,ok,horn,IMELL,410,3,0.091,10,0,10,0,0,0,2048,0.000,0.000,auto,30,0.017,1073741824,0,
lltp,petri-nets/MCC,,,ResAllocation_RAS-R-15_5_1.p,intuitionistic,horn,1,,5,0,3,provable,proved,,ok,horn,IMELL,414,3,0.351,824,426,398,0,0,0,2048,0.000,0.000,auto,30,0.014,1073741824,0,
lltp,petri-nets/MCC,,,ResAllocation_RAS-R-20_20_1.p,intuitionistic,horn,1,,5,0,3,provable,proved,,ok,horn,IMELL,550,3,16.959,46966,30562,16404,0,0,0,2048,10.000,0.108,auto,30,0.027,1073741824,0,
lltp,petri-nets/MCC,,,ResAllocation_RAS-R-2_10_1.p,intuitionistic,horn,1,,5,0,3,provable,proved,,ok,horn,IMELL,52,3,0.037,1,0,1,0,0,0,2048,0.000,0.000,auto,30,0.004,1073741824,0,
lltp,petri-nets/MCC,,,ResAllocation_RAS-R-2_5_1.p,intuitionistic,horn,1,,5,0,3,provable,proved,,ok,horn,IMELL,52,3,0.042,8,2,6,0,0,0,2048,0.000,0.000,auto,30,0.005,1073741824,0,
lltp,petri-nets/MCC,,,ResAllocation_RAS-R-3_20_1.p,intuitionistic,horn,1,,5,0,3,provable,proved,,ok,horn,IMELL,78,3,0.048,24,8,16,0,0,0,2048,0.000,0.000,auto,30,0.005,1073741824,0,
lltp,petri-nets/MCC,,,ResAllocation_RAS-R-50_10_1.p,intuitionistic,horn,1,,5,0,3,provable,proved,,ok,horn,IMELL,1398,3,0.164,10,0,10,0,0,0,2048,0.000,0.000,auto,30,0.038,1073741824,0,
lltp,petri-nets/MCC,,,ResAllocation_RAS-R-50_5_1.p,intuitionistic,horn,1,,5,0,3,provable,proved,,ok,horn,IMELL,1398,3,0.155,5,0,5,0,0,0,2048,0.000,0.000,auto,30,0.036,1073741824,0,
lltp,petri-nets/MCC,,,ResAllocation_RAS-R-5_20_1.p,intuitionistic,horn,1,,5,0,3,provable,proved,,ok,horn,IMELL,132,3,0.079,112,46,66,0,0,0,2048,0.000,0.000,auto,30,0.008,1073741824,0,
lltp,petri-nets/MCC,,,Ring_ring_10_1.p,intuitionistic,horn,1,,5,0,3,provable,proved,,ok,horn,IMELL,1036,5,0.153,10,0,10,0,0,0,2048,0.000,0.000,auto,30,0.025,1073741824,0,
lltp,petri-nets/MCC,,,Ring_ring_5_1.p,intuitionistic,horn,1,,5,0,3,provable,proved,,ok,horn,IMELL,1040,5,0.140,5,0,5,0,0,0,2048,0.000,0.000,auto,30,0.022,1073741824,0,
lltp,petri-nets/MCC,,,RobotManipulation_robot-manipulation-1000_20_1.p,intuitionistic,horn,1,,5,0,3,provable,proved,,ok,horn,IMELL,24068,2002,1.026,8,0,8,0,0,0,2048,0.000,0.000,auto,30,1.304,1073741824,0,
lltp,petri-nets/MCC,,,RobotManipulation_robot-manipulation-100_10_1.p,intuitionistic,horn,1,,5,0,3,provable,proved,,ok,horn,IMELL,2468,202,0.130,4,0,4,0,0,0,2048,0.000,0.000,auto,30,0.123,1073741824,0,
lltp,petri-nets/MCC,,,RobotManipulation_robot-manipulation-100_5_1.p,intuitionistic,horn,1,,5,0,3,provable,proved,,ok,horn,IMELL,2470,202,0.129,5,0,5,0,0,0,2048,0.000,0.000,auto,30,0.125,1073741824,0,
lltp,petri-nets/MCC,,,RobotManipulation_robot-manipulation-10_20_1.p,intuitionistic,horn,1,,5,0,3,provable,proved,,ok,horn,IMELL,308,22,0.052,8,0,8,0,0,0,2048,0.000,0.000,auto,30,0.018,1073741824,0,
lltp,petri-nets/MCC,,,RobotManipulation_robot-manipulation-1_10_1.p,intuitionistic,horn,1,,5,0,3,provable,proved,,ok,horn,IMELL,92,4,0.041,4,0,4,0,0,0,2048,0.000,0.000,auto,30,0.005,1073741824,0,
lltp,petri-nets/MCC,,,RobotManipulation_robot-manipulation-1_5_1.p,intuitionistic,horn,1,,5,0,3,provable,proved,,ok,horn,IMELL,94,4,0.043,5,0,5,0,0,0,2048,0.000,0.000,auto,30,0.006,1073741824,0,
lltp,petri-nets/MCC,,,RobotManipulation_robot-manipulation-2000_20_1.p,intuitionistic,horn,1,,5,0,3,provable,proved,,ok,horn,IMELL,48068,4002,2.330,8,0,8,0,0,0,2048,0.000,0.019,auto,30,2.741,1073741824,0,
lltp,petri-nets/MCC,,,RobotManipulation_robot-manipulation-200_10_1.p,intuitionistic,horn,1,,5,0,3,provable,proved,,ok,horn,IMELL,4868,402,0.212,4,0,4,0,0,0,2048,0.000,0.000,auto,30,0.248,1073741824,0,
lltp,petri-nets/MCC,,,RobotManipulation_robot-manipulation-200_5_1.p,intuitionistic,horn,1,,5,0,3,provable,proved,,ok,horn,IMELL,4870,402,0.207,5,0,5,0,0,0,2048,0.000,0.000,auto,30,0.250,1073741824,0,
lltp,petri-nets/MCC,,,RobotManipulation_robot-manipulation-20_20_1.p,intuitionistic,horn,1,,5,0,3,provable,proved,,ok,horn,IMELL,548,42,0.069,8,0,8,0,0,0,2048,0.000,0.000,auto,30,0.032,1073741824,0,
lltp,petri-nets/MCC,,,RobotManipulation_robot-manipulation-2_10_1.p,intuitionistic,horn,1,,5,0,3,provable,proved,,ok,horn,IMELL,116,6,0.046,4,0,4,0,0,0,2048,0.000,0.000,auto,30,0.007,1073741824,0,
lltp,petri-nets/MCC,,,RobotManipulation_robot-manipulation-2_5_1.p,intuitionistic,horn,1,,5,0,3,provable,proved,,ok,horn,IMELL,118,6,0.044,5,0,5,0,0,0,2048,0.000,0.000,auto,30,0.007,1073741824,0,
lltp,petri-nets/MCC,,,RobotManipulation_robot-manipulation-500_20_1.p,intuitionistic,horn,1,,5,0,3,provable,proved,,ok,horn,IMELL,12068,1002,0.527,8,0,8,0,0,0,2048,0.000,0.000,auto,30,0.702,1073741824,0,
lltp,petri-nets/MCC,,,RobotManipulation_robot-manipulation-50_10_1.p,intuitionistic,horn,1,,5,0,3,provable,proved,,ok,horn,IMELL,1268,102,0.085,4,0,4,0,0,0,2048,0.000,0.000,auto,30,0.064,1073741824,0,
lltp,petri-nets/MCC,,,RobotManipulation_robot-manipulation-50_5_1.p,intuitionistic,horn,1,,5,0,3,provable,proved,,ok,horn,IMELL,1270,102,0.092,5,0,5,0,0,0,2048,0.000,0.000,auto,30,0.061,1073741824,0,
lltp,petri-nets/MCC,,,RobotManipulation_robot-manipulation-5_20_1.p,intuitionistic,horn,1,,5,0,3,provable,proved,,ok,horn,IMELL,188,12,0.050,8,0,8,0,0,0,2048,0.000,0.000,auto,30,0.012,1073741824,0,
lltp,petri-nets/MCC,,,RwMutex_rwmutex-r1000w10_1_1.p,intuitionistic,horn,1,,5,0,3,provable,proved,,ok,horn,IMELL,60116,12,3.684,1,0,1,0,0,0,2048,0.000,0.018,auto,30,0.643,1073741824,0,
lltp,petri-nets/MCC,,,RwMutex_rwmutex-r100w10_100_1.p,intuitionistic,horn,1,,5,0,3,provable,proved,,ok,horn,IMELL,5918,12,0.699,110,0,110,0,0,0,2048,0.000,0.000,auto,30,0.086,1073741824,0,
lltp,petri-nets/MCC,,,RwMutex_rwmutex-r100w10_5_1.p,intuitionistic,horn,1,,5,0,3,provable,proved,,ok,horn,IMELL,6108,12,0.390,5,0,5,0,0,0,2048,0.000,0.000,auto,30,0.072,1073741824,0,
lltp,petri-nets/MCC,,,RwMutex_rwmutex-r10w1000_50_1.p,intuitionistic,horn,1,,5,0,3,provable,proved,,ok,horn,IMELL,52194,1002,3.712,2,0,2,0,0,0,2048,0.000,0.033,auto,30,0.425,1073741824,0,
lltp,petri-nets/MCC,,,RwMutex_rwmutex-r10w100_1_1.p,intuitionistic,horn,1,,5,0,3,provable,proved,,ok,horn,IMELL,5378,102,0.389,1,0,1,0,0,0,2048,0.000,0.000,auto,30,0.051,1073741824,0,
lltp,petri-nets/MCC,,,RwMutex_rwmutex-r10w10_100_1.p,intuitionistic,horn,1,,5,0,3,provable,proved,,ok,horn,IMELL,718,12,0.090,0,0,0,0,0,0,2048,0.000,0.000,auto,30,0.012,1073741824,0,
lltp,petri-nets/MCC,,,RwMutex_rwmutex-r10w10_50_1.p,intuitionistic,horn,1,,5,0,3,provable,proved,,ok,horn,IMELL,718,12,0.083,0,0,0,0,0,0,2048,0.000,0.000,auto,30,0.011,1073741824,0,
lltp,petri-nets/MCC,,,RwMutex_rwmutex-r10w2000_20_1.p,intuitionistic,horn,1,,5,0,3,provable,proved,,ok,horn,IMELL,104178,2002,37.686,2010,0,2010,0,0,0,2048,30.000,0.074,auto,30,0.834,1073741824,0,
lltp,petri-nets/MCC,,,RwMutex_rwmutex-r10w20_1_1.p,intuitionistic,horn,1,,5,0,3,provable,proved,,ok,horn,IMELL,1218,22,0.138,1,0,1,0,0,0,2048,0.000,0.000,auto,30,0.019,1073741824,0,
lltp,petri-nets/MCC,,,RwMutex_rwmutex-r10w500_100_1.p,intuitionistic,horn,1,,5,0,3,provable,proved,,ok,horn,IMELL,26198,502,1.845,0,0,0,0,0,0,2048,0.000,0.000,auto,30,0.212,1073741824,0,
lltp,petri-nets/MCC,,,RwMutex_rwmutex-r10w500_50_1.p,intuitionistic,horn,1,,5,0,3,provable,proved,,ok,horn,IMELL,26198,502,1.886,0,0,0,0,0,0,2048,0.000,0.027,auto,30,0.211,1073741824,0,
lltp,petri-nets/MCC,,,RwMutex_rwmutex-r10w50_1_1.p,intuitionistic,horn,1,,5,0,3,provable,proved,,ok,horn,IMELL,2778,52,0.236,1,0,1,0,0,0,2048,0.000,0.000,auto,30,0.030,1073741824,0,
lltp,petri-nets/MCC,,,RwMutex_rwmutex-r2000w10_100_1.p,intuitionistic,horn,1,,5,0,3,provable,proved,,ok,horn,IMELL,119918,12,13.962,100,0,100,0,0,0,2048,10.000,0.040,auto,30,1.215,1073741824,0,
lltp,petri-nets/MCC,,,RwMutex_rwmutex-r2000w10_5_1.p,intuitionistic,horn,1,,5,0,3,provable,proved,,ok,horn,IMELL,120108,12,7.584,5,0,5,0,0,0,2048,10.000,0.031,auto,30,1.310,1073741824,0,
lltp,petri-nets/MCC,,,RwMutex_rwmutex-r20w10_5_1.p,intuitionistic,horn,1,,5,0,3,provable,proved,,ok,horn,IMELL,1312,12,0.160,3,0,3,0,0,0,2048,0.000,0.000,auto,30,0.023,1073741824,0,
lltp,petri-nets/MCC,,,RwMutex_rwmutex-r500w10_50_1.p,intuitionistic,horn,1,,5,0,3,provable,proved,,ok,horn,IMELL,30018,12,2.604,50,0,50,0,0,0,2048,0.000,0.014,auto,30,0.327,1073741824,0,
lltp,petri-nets/MCC,,,SafeBus-03-unfolded_1_1.p,intuitionistic,horn,1,,5,0,3,provable,proved,,ok,horn,IMELL,1126,43,0.144,1,0,1,0,0,0,2048,0.000,0.000,auto,30,0.014,1073741824,0,
lltp,petri-nets/MCC,,,SafeBus-06-unfolded_100_1.p,intuitionistic,horn,1,,5,0,3,provable,proved,,ok,horn,IMELL,6006,283,1.201,764,186,578,0,0,0,2048,0.000,0.043,auto,30,0.057,1073741824,0,
lltp,petri-nets/MCC,,,SafeBus-06-unfolded_50_1.p,intuitionistic,horn,1,,5,0,3,provable,proved,,ok,horn,IMELL,6006,283,0.912,419,81,338,0,0,0,2048,0.000,0.000,auto,30,0.061,1073741824,0,
lltp,petri-nets/MCC,,,SafeBus-10-unfolded_20_1.p,intuitionistic,horn,1,,5,0,3,provable,proved,,ok,horn,IMELL,22886,1191,41.359,17297,8057,9240,0,0,0,2048,40.000,0.106,auto,30,0.177,1073741824,0,
lltp,petri-nets/MCC,,,SafeBus-15-unfolded_1_1.p,intuitionistic,horn,1,,5,0,3,provable,proved,,ok,horn,IMELL,69238,3811,5.113,1,0,1,0,0,0,2048,0.000,0.029,auto,30,0.420,1073741824,0,
lltp,petri-nets/MCC,,,SafeBus-20-unfolded_100_1.p,intuitionistic,horn,1,,5,0,3,provable,proved,,ok,horn,IMELL,154906,8780,3614.833,364498,193908,170590,0,0,0,2048,3600.000,5.924,auto,30,1.828,1073741824,0,
lltp,petri-nets/MCC,,,SafeBus-20-unfolded_5_1.p,intuitionistic,horn,1,,5,0,3,provable,proved,,ok,horn,IMELL,154916,8781,11.511,5,0,5,0,0,0,2048,10.000,0.033,auto,30,0.870,1073741824,0,
lltp,petri-nets/MCC,,,SharedMemory_shared_memory-pt-100_50_1.p,intuitionistic,horn,1,,5,0,3,provable,proved,,ok,horn,IMELL,160798,9901,17.180,95,31,64,0,0,0,2048,20.000,0.043,auto,30,1.282,1073741824,0,
lltp,petri-nets/MCC,,,SharedMemory_shared_memory-pt-10_50_1.p,intuitionistic,horn,1,,5,0,3,provable,proved,,ok,horn,IMELL,1678,91,0.231,47,15,32,0,0,0,2048,0.000,0.000,auto,30,0.023,1073741824,0,
lltp,petri-nets/MCC,,,SharedMemory_shared_memory-pt-200_20_1.p,intuitionistic,horn,1,,5,0,3,provable,proved,,ok,horn,IMELL,641598,39801,76.417,35,11,24,0,0,0,2048,80.000,0.196,auto,30,5.331,1073741824,0,
lltp,petri-nets/MCC,,,SharedMemory_shared_memory-pt-20_1_1.p,intuitionistic,horn,1,,5,0,3,provable,proved,,ok,horn,IMELL,6562,381,0.731,1,0,1,0,0,0,2048,0.000,0.054,auto,30,0.068,1073741824,0,
lltp,petri-nets/MCC,,,SharedMemory_shared_memory-pt-50_100_1.p,intuitionistic,horn,1,,5,0,3,provable,proved,,ok,horn,IMELL,40398,2451,4.799,191,63,128,0,0,0,2048,0.000,0.017,auto,30,0.331,1073741824,0,
lltp,petri-nets/MCC,,,SharedMemory_shared_memory-pt-50_5_1.p,intuitionistic,horn,1,,5,0,3,provable,proved,,ok,horn,IMELL,40398,2451,3.893,5,1,4,0,0,0,2048,0.000,0.018,auto,30,0.319,1073741824,0,
lltp,petri-nets/MCC,,,SharedMemory_shared_memory-pt-5_20_1.p,intuitionistic,horn,1,,5,0,3,provable,proved,,ok,horn,IMELL,442,21,0.085,0,0,0,0,0,0,2048,0.000,0.000,auto,30,0.009,1073741824,0,
lltp,petri-nets/MCC,,,SimpleLoadBal_simple_lbs-10_10_1.p,intuitionistic,horn,1,,5,0,3,provable,proved,,ok,horn,IMELL,8370,512,0.721,10,0,10,0,0,0,2048,0.000,0.048,auto,30,0.061,1073741824,0,
lltp,petri-nets/MCC,,,SimpleLoadBal_simple_lbs-10_5_1.p,intuitionistic,horn,1,,5,0,3,provable,proved,,ok,horn,IMELL,8364,512,0.661,5,0,5,0,0,0,2048,0.000,0.000,auto,30,0.058,1073741824,0,
lltp,petri-nets/MCC,,,SimpleLoadBal_simple_lbs-15_50_1.p,intuitionistic,horn,1,,5,0,3,provable,proved,,ok,horn,IMELL,18082,1142,1.248,50,0,50,0,0,0,2048,0.000,0.015,auto,30,0.126,1073741824,0,
lltp,petri-nets/MCC,,,SimpleLoadBal_simple_lbs-20_20_1.p,intuitionistic,horn,1,,5,0,3,provable,proved,,ok,horn,IMELL,31462,2022,2.206,20,0,20,0,0,0,2048,0.000,0.020,auto,30,0.188,1073741824,0,
lltp,petri-nets/MCC,,,SimpleLoadBal_simple_lbs-2_10_1.p,intuitionistic,horn,1,,5,0,3,provable,proved,,ok,horn,IMELL,532,24,0.099,11,0,11,0,0,0,2048,0.000,0.000,auto,30,0.013,1073741824,0,
lltp,petri-nets/MCC,,,SimpleLoadBal_simple_lbs-2_5_1.p,intuitionistic,horn,1,,5,0,3,provable,proved,,ok,horn,IMELL,530,24,0.089,6,0,6,0,0,0,2048,0.000,0.000,auto,30,0.009,1073741824,0,
lltp,petri-nets/MCC,,,SimpleLoadBal_simple_lbs-5_20_1.p,intuitionistic,horn,1,,5,0,3,provable,proved,,ok,horn,IMELL,2362,132,0.254,20,0,20,0,0,0,2048,0.000,0.000,auto,30,0.029,1073741824,0,
lltp,petri-nets/MCC,,,SmallOperatingSystem-MT0016DC0008_10_1.p,intuitionistic,horn,1,,5,0,3,provable,proved,,ok,horn,IMELL,244,18,0.051,10,0,10,0,0,0,2048,0.000,0.000,auto,30,0.017,1073741824,0,
lltp,petri-nets/MCC,,,SmallOperatingSystem-MT0016DC0008_5_1.p,intuitionistic,horn,1,,5,0,3,provable,proved,,ok,horn,IMELL,256,18,0.049,5,0,5,0,0,0,2048,0.000,0.000,auto,30,0.017,1073741824,0,
lltp,petri-nets/MCC,,,SmallOperatingSystem-MT0032DC0008_20_1.p,intuitionistic,horn,1,,5,0,3,provable,proved,,ok,horn,IMELL,364,34,0.071,29,6,23,0,0,0,2048,0.000,0.000,auto,30,0.025,1073741824,0,
lltp,petri-nets/MCC,,,SmallOperatingSystem-MT0032DC0016_10_1.p,intuitionistic,horn,1,,5,0,3,provable,proved,,ok,horn,IMELL,460,34,0.058,10,0,10,0,0,0,2048,0.000,0.000,auto,30,0.027,1073741824,0,
lltp,petri-nets/MCC,,,SmallOperatingSystem-MT0032DC0016_5_1.p,intuitionistic,horn,1,,5,0,3,provable,proved,,ok,horn,IMELL,480,34,0.062,5,0,5,0,0,0,2048,0.000,0.000,auto,30,0.030,1073741824,0,
lltp,petri-nets/MCC,,,SmallOperatingSystem-MT0064DC0016_20_1.p,intuitionistic,horn,1,,5,0,3,provable,proved,,ok,horn,IMELL,694,66,0.075,20,0,20,0,0,0,2048,0.000,0.000,auto,30,0.039,1073741824,0,
lltp,petri-nets/MCC,,,SmallOperatingSystem-MT0064DC0032_1_1.p,intuitionistic,horn,1,,5,0,3,provable,proved,,ok,horn,IMELL,944,66,0.069,1,0,1,0,0,0,2048,0.000,0.000,auto,30,0.050,1073741824,0,
lltp,petri-nets/MCC,,,SmallOperatingSystem-MT0128DC0032_10_1.p,intuitionistic,horn,1,,5,0,3,provable,proved,,ok,horn,IMELL,1420,130,0.090,10,0,10,0,0,0,2048,0.000,0.000,auto,30,0.076,1073741824,0,
lltp,petri-nets/MCC,,,SmallOperatingSystem-MT0128DC0032_5_1.p,intuitionistic,horn,1,,5,0,3,provable,proved,,ok,horn,IMELL,1440,130,0.092,5,0,5,0,0,0,2048,0.000,0.000,auto,30,0.073,1073741824,0,
lltp,petri-nets/MCC,,,SmallOperatingSystem-MT0128DC0064_20_1.p,intuitionistic,horn,1,,5,0,3,provable,proved,,ok,horn,IMELL,1764,130,0.115,20,0,20,0,0,0,2048,0.000,0.000,auto,30,0.095,1073741824,0,
lltp,petri-nets/MCC,,,SmallOperatingSystem-MT0256DC0064_10_1.p,intuitionistic,horn,1,,5,0,3,provable,proved,,ok,horn,IMELL,2828,258,0.139,10,0,10,0,0,0,2048,0.000,0.000,auto,30,0.147,1073741824,0,
lltp,petri-nets/MCC,,,SmallOperatingSystem-MT0256DC0064_5_1.p,intuitionistic,horn,1,,5,0,3,provable,proved,,ok,horn,IMELL,2848,258,0.137,5,0,5,0,0,0,2048,0.000,0.000,auto,30,0.151,1073741824,0,
lltp,petri-nets/MCC,,,SmallOperatingSystem-MT0256DC0128_20_1.p,intuitionistic,horn,1,,5,0,3,provable,proved,,ok,horn,IMELL,3556,258,0.155,20,0,20,0,0,0,2048,0.000,0.000,auto,30,0.182,1073741824,0,
lltp,petri-nets/MCC,,,SmallOperatingSystem-MT0512DC0128_10_1.p,intuitionistic,horn,1,,5,0,3,provable,proved,,ok,horn,IMELL,5644,514,0.221,10,0,10,0,0,0,2048,0.000,0.000,auto,30,0.291,1073741824,0,
lltp,petri-nets/MCC,,,SmallOperatingSystem-MT0512DC0128_5_1.p,intuitionistic,horn,1,,5,0,3,provable,proved,,ok,horn,IMELL,5664,514,0.225,5,0,5,0,0,0,2048,0.000,0.000,auto,30,0.294,1073741824,0,
lltp,petri-nets/MCC,,,SmallOperatingSystem-MT0512DC0256_20_1.p,intuitionistic,horn,1,,5,0,3,provable,proved,,ok,horn,IMELL,7140,514,0.302,20,0,20,0,0,0,2048,0.000,0.000,auto,30,0.346,1073741824,0,
lltp,petri-nets/MCC,,,SmallOperatingSystem-MT1024DC0256_10_1.p,intuitionistic,horn,1,,5,0,3,provable,proved,,ok,horn,IMELL,11276,1026,0.456,10,0,10,0,0,0,2048,0.000,0.000,auto,30,0.619,1073741824,0,
lltp,petri-nets/MCC,,,SmallOperatingSystem-MT1024DC0256_5_1.p,intuitionistic,horn,1,,5,0,3,provable,proved,,ok,horn,IMELL,11296,1026,0.434,5,0,5,0,0,0,2048,0.000,0.000,auto,30,0.598,1073741824,0,
lltp,petri-nets/MCC,,,SmallOperatingSystem-MT1024DC0512_20_1.p,intuitionistic,horn,1,,5,0,3,provable,proved,,ok,horn,IMELL,14308,1026,0.612,20,0,20,0,0,0,2048,0.000,0.034,auto,30,0.708,1073741824,0,
lltp,petri-nets/MCC,,,SmallOperatingSystem-MT2048DC0512_10_1.p,intuitionistic,horn,1,,5,0,3,provable,proved,,ok,horn,IMELL,22540,2050,0.953,10,0,10,0,0,0,2048,0.000,0.000,auto,30,1.192,1073741824,0,
lltp,petri-nets/MCC,,,SmallOperatingSystem-MT2048DC0512_5_1.p,intuitionistic,horn,1,,5,0,3,provable,proved,,ok,horn,IMELL,22560,2050,0.918,5,0,5,0,0,0,2048,0.000,0.000,auto,30,1.202,1073741824,0,
lltp,petri-nets/MCC,,,SmallOperatingSystem-MT2048DC1024_20_1.p,intuitionistic,horn,1,,5,0,3,provable,proved,,ok,horn,IMELL,28644,2050,1.160,20,0,20,0,0,0,2048,0.000,0.016,auto,30,1.583,1073741824,0,
lltp,petri-nets/MCC,,,SmallOperatingSystem-MT4096DC1024_10_1.p,intuitionistic,horn,1,,5,0,3,provable,proved,,ok,horn,IMELL,45068,4098,1.907,10,0,10,0,0,0,2048,0.000,0.013,auto,30,2.568,1073741824,0,
lltp,petri-nets/MCC,,,SmallOperatingSystem-MT4096DC1024_5_1.p,intuitionistic,horn,1,,5,0,3,provable,proved,,ok,horn,IMELL,45088,4098,1.813,5,0,5,0,0,0,2048,0.000,0.000,auto,30,2.495,1073741824,0,
lltp,petri-nets/MCC,,,SmallOperatingSystem-MT4096DC2048_20_1.p,intuitionistic,horn,1,,5,0,3,provable,proved,,ok,horn,IMELL,57316,4098,2.406,20,0,20,0,0,0,2048,0.000,0.016,auto,30,3.192,1073741824,0,
lltp,petri-nets/MCC,,,SmallOperatingSystem-MT8192DC2048_1_1.p,intuitionistic,horn,1,,5,0,3,provable,proved,,ok,horn,IMELL,90160,8194,3.809,1,0,1,0,0,0,2048,0.000,0.031,auto,30,4.866,1073741824,0,
lltp,petri-nets/MCC,,,Solitaire_soli0_counter_square5_1_1.p,intuitionistic,horn,1,,5,0,3,provable,proved,,ok,horn,IMELL,1272,107,0.133,1,0,1,0,0,0,2048,0.000,0.000,auto,30,0.021,1073741824,0,
lltp,petri-nets/MCC,,,Solitaire_soli0_square5_20_1.p,intuitionistic,horn,1,,5,0,3,provable,proved,,ok,horn,IMELL,1010,9,0.133,33,5,28,0,0,0,2048,0.000,0.000,auto,30,0.021,1073741824,0,
lltp,petri-nets/MCC,,,Solitaire_soli1_20_1.p,intuitionistic,horn,1,,5,0,3,provable,proved,,ok,horn,IMELL,1042,9,620.977,1473045,1034759,438286,0,0,0,2048,610.000,1.237,auto,30,0.031,1073741824,0,
lltp,petri-nets/MCC,,,Solitaire_soli1_counter_1_1.p,intuitionistic,horn,1,,5,0,3,provable,proved,,ok,horn,IMELL,1320,107,0.133,1,0,1,0,0,0,2048,0.000,0.000,auto,30,0.023,1073741824,0,
lltp,petri-nets/MCC,,,Solitaire_soli2_10_1.p,intuitionistic,horn,1,,5,0,3,provable,proved,,ok,horn,IMELL,1250,9,17.796,25285,8891,16394,0,0,0,2048,10.000,0.077,auto,30,0.027,1073741824,0,
lltp,petri-nets/MCC,,,Solitaire_soli2_5_1.p,intuitionistic,horn,1,,5,0,3,provable,proved,,ok,horn,IMELL,1250,9,0.139,6,0,6,0,0,0,2048,0.000,0.000,auto,30,0.026,1073741824,0,
lltp,petri-nets/MCC,,,Solitaire_soli2_counter_5_1.p,intuitionistic,horn,1,,5,0,3,provable,proved,,ok,horn,IMELL,1568,123,0.174,17,0,17,0,0,0,2048,0.000,0.000,auto,30,0.030,1073741824,0,
lltp,petri-nets/MCC,,,SquareGrid_sg-10-5-10_50_1.p,intuitionistic,horn,1,,5,0,3,provable,proved,,ok,horn,IMELL,26878,23,2.703,50,0,50,0,0,0,2048,0.000,0.014,auto,30,0.788,1073741824,0,
lltp,petri-nets/MCC,,,SquareGrid_sg-13-6-13_20_1.p,intuitionistic,horn,1,,5,0,3,provable,proved,,ok,horn,IMELL,49970,26,4.026,20,0,20,0,0,0,2048,0.000,0.019,auto,30,1.756,1073741824,0,
lltp,petri-nets/MCC,,,SquareGrid_sg-2-1-2_1_1.p,intuitionistic,horn,1,,5,0,3,provable,proved,,ok,horn,IMELL,766,15,0.098,1,0,1,0,0,0,2048,0.000,0.000,auto,30,0.018,1073741824,0,
lltp,petri-nets/MCC,,,SquareGrid_sg-4-2-4_100_1.p,intuitionistic,horn,1,,5,0,3,provable,proved,,ok,horn,IMELL,3262,21,0.711,100,0,100,0,0,0,2048,0.000,0.000,auto,30,0.101,1073741824,0,
lltp,petri-nets/MCC,,,SquareGrid_sg-4-2-4_5_1.p,intuitionistic,horn,1,,5,0,3,provable,proved,,ok,horn,IMELL,3262,17,0.267,5,0,5,0,0,0,2048,0.000,0.000,auto,30,0.071,1073741824,0,
lltp,petri-nets/MCC,,,SquareGrid_sg-8-4-8_50_1.p,intuitionistic,horn,1,,5,0,3,provable,proved,,ok,horn,IMELL,15742,21,1.707,50,0,50,0,0,0,2048,0.000,0.026,auto,30,0.428,1073741824,0,
lltp,petri-nets/MCC,,,SwimmingPool-10_1_1.p,intuitionistic,horn,1,,5,0,3,provable,proved,,ok,horn,IMELL,1838,201,0.101,1,0,1,0,0,0,2048,0.000,0.000,auto,30,0.094,1073741824,0,
lltp,petri-nets/MCC,,,SwimmingPool-1_100_1.p,intuitionistic,horn,1,,5,0,3,provable,proved,,ok,horn,IMELL,198,21,0.056,30,0,30,0,0,0,2048,0.000,0.000,auto,30,0.016,1073741824,0,
lltp,petri-nets/MCC,,,SwimmingPool-1_50_1.p,intuitionistic,horn,1,,5,0,3,provable,proved,,ok,horn,IMELL,200,21,0.054,29,0,29,0,0,0,2048,0.000,0.000,auto,30,0.017,1073741824,0,
lltp,petri-nets/MCC,,,SwimmingPool-2_1_1.p,intuitionistic,horn,1,,5,0,3,provable,proved,,ok,horn,IMELL,398,41,0.051,1,0,1,0,0,0,2048,0.000,0.000,auto,30,0.023,1073741824,0,
lltp,petri-nets/MCC,,,SwimmingPool-3_100_1.p,intuitionistic,horn,1,,5,0,3,provable,proved,,ok,horn,IMELL,516,61,0.081,93,0,93,0,0,0,2048,0.000,0.000,auto,30,0.040,1073741824,0,
lltp,petri-nets/MCC,,,SwimmingPool-3_50_1.p,intuitionistic,horn,1,,5,0,3,provable,proved,,ok,horn,IMELL,578,61,0.071,50,0,50,0,0,0,2048,0.000,0.000,auto,30,0.037,1073741824,0,
lltp,petri-nets/MCC,,,SwimmingPool-4_1_1.p,intuitionistic,horn,1,,5,0,3,provable,proved,,ok,horn,IMELL,758,81,0.060,1,0,1,0,0,0,2048,0.000,0.000,auto,30,0.040,1073741824,0,
lltp,petri-nets/MCC,,,SwimmingPool-5_100_1.p,intuitionistic,horn,1,,5,0,3,provable,proved,,ok,horn,IMELL,938,101,0.092,100,0,100,0,0,0,2048,0.000,0.000,auto,30,0.061,1073741824,0,
lltp,petri-nets/MCC,,,SwimmingPool-5_50_1.p,intuitionistic,horn,1,,5,0,3,provable,proved,,ok,horn,IMELL,938,101,0.086,50,0,50,0,0,0,2048,0.000,0.000,auto,30,0.056,1073741824,0,
lltp,petri-nets/MCC,,,SwimmingPool-6_1_1.p,intuitionistic,horn,1,,5,0,3,provable,proved,,ok,horn,IMELL,1118,121,0.073,1,0,1,0,0,0,2048,0.000,0.000,auto,30,0.058,1073741824,0,
lltp,petri-nets/MCC,,,SwimmingPool-7_100_1.p,intuitionistic,horn,1,,5,0,3,provable,proved,,ok,horn,IMELL,1166,141,0.112,100,0,100,0,0,0,2048,0.000,0.000,auto,30,0.072,1073741824,0,
lltp,petri-nets/MCC,,,SwimmingPool-7_50_1.p,intuitionistic,horn,1,,5,0,3,provable,proved,,ok,horn,IMELL,1298,141,0.096,50,0,50,0,0,0,2048,0.000,0.000,auto,30,0.074,1073741824,0,
lltp,petri-nets/MCC,,,SwimmingPool-8_1_1.p,intuitionistic,horn,1,,5,0,3,provable,proved,,ok,horn,IMELL,1478,161,0.095,1,0,1,0,0,0,2048,0.000,0.000,auto,30,0.077,1073741824,0,
lltp,petri-nets/MCC,,,SwimmingPool-9_100_1.p,intuitionistic,horn,1,,5,0,3,provable,proved,,ok,horn,IMELL,1658,181,0.123,100,0,100,0,0,0,2048,0.000,0.000,auto,30,0.097,1073741824,0,
lltp,petri-nets/MCC,,,SwimmingPool-9_50_1.p,intuitionistic,horn,1,,5,0,3,provable,proved,,ok,horn,IMELL,1658,181,0.114,50,0,50,0,0,0,2048,0.000,0.000,auto,30,0.095,1073741824,0,
lltp,petri-nets/MCC,,,TCPcondis_tcp10_1_1.p,intuitionistic,horn,1,,5,0,3,provable,proved,,ok,horn,IMELL,296,12,0.068,1,0,1,0,0,0,2048,0.000,0.000,auto,30,0.009,1073741824,0,
lltp,petri-nets/MCC,,,TCPcondis_tcp15_100_1.p,intuitionistic,horn,1,,5,0,3,provable,proved,,ok,horn,IMELL,344,17,0.386,1406,824,582,0,0,0,2048,0.000,0.000,auto,30,0.034,1073741824,0,
lltp,petri-nets/MCC,,,TCPcondis_tcp15_50_1.p,intuitionistic,horn,1,,5,0,3,provable,proved,,ok,horn,IMELL,360,17,0.120,67,8,59,0,0,0,2048,0.000,0.000,auto,30,0.024,1073741824,0,
lltp,petri-nets/MCC,,,TCPcondis_tcp20_1_1.p,intuitionistic,horn,1,,5,0,3,provable,proved,,ok,horn,IMELL,376,22,0.069,1,0,1,0,0,0,2048,0.000,0.000,auto,30,0.013,1073741824,0,
lltp,petri-nets/MCC,,,TCPcondis_tcp25_100_1.p,intuitionistic,horn,1,,5,0,3,provable,proved,,ok,horn,IMELL,450,27,0.319,943,530,413,0,0,0,2048,0.000,0.000,auto,30,0.038,1073741824,0,
lltp,petri-nets/MCC,,,TCPcondis_tcp25_50_1.p,intuitionistic,horn,1,,5,0,3,provable,proved,,ok,horn,IMELL,462,27,0.097,52,6,46,0,0,0,2048,0.000,0.000,auto,30,0.027,1073741824,0,
lltp,petri-nets/MCC,,,TCPcondis_tcp30_1_1.p,intuitionistic,horn,1,,5,0,3,provable,proved,,ok,horn,IMELL,456,32,0.073,1,0,1,0,0,0,2048,0.000,0.000,auto,30,0.018,1073741824,0,
lltp,petri-nets/MCC,,,TCPcondis_tcp35_100_1.p,intuitionistic,horn,1,,5,0,3,provable,proved,,ok,horn,IMELL,554,37,0.228,603,306,297,0,0,0,2048,0.000,0.000,auto,30,0.042,1073741824,0,
lltp,petri-nets/MCC,,,TCPcondis_tcp35_50_1.p,intuitionistic,horn,1,,5,0,3,provable,proved,,ok,horn,IMELL,558,37,0.093,35,0,35,0,0,0,2048,0.000,0.000,auto,30,0.029,1073741824,0,
lltp,petri-nets/MCC,,,TCPcondis_tcp40_1_1.p,intuitionistic,horn,1,,5,0,3,provable,proved,,ok,horn,IMELL,536,42,0.074,1,0,1,0,0,0,2048,0.000,0.000,auto,30,0.021,1073741824,0,
lltp,petri-nets/MCC,,,TCPcondis_tcp50_100_1.p,intuitionistic,horn,1,,5,0,3,provable,proved,,ok,horn,IMELL,708,52,0.149,194,70,124,0,0,0,2048,0.000,0.000,auto,30,0.047,1073741824,0,
lltp,petri-nets/MCC,,,TCPcondis_tcp50_50_1.p,intuitionistic,horn,1,,5,0,3,provable,proved,,ok,horn,IMELL,664,52,0.099,50,0,50,0,0,0,2048,0.000,0.000,auto,30,0.095,1073741824,0,
lltp,petri-nets/MCC,,,TCPcondis_tcp5_1_1.p,intuitionistic,horn,1,,5,0,3,provable,proved,,ok,horn,IMELL,256,7,0.062,1,0,1,0,0,0,2048,0.000,0.000,auto,30,0.007,1073741824,0,
lltp,petri-nets/MCC,,,TokenRing-10-unfolded_100_1.p,intuitionistic,horn,1,,5,0,3,provable,proved,,ok,horn,IMELL,8930,21,34.768,125123,95556,29567,0,0,0,2048,30.000,0.112,auto,30,0.119,1073741824,0,
lltp,petri-nets/MCC,,,TokenRing-10-unfolded_50_1.p,intuitionistic,horn,1,,5,0,3,provable,proved,,ok,horn,IMELL,8930,21,48.364,176660,135842,40818,0,0,0,2048,40.000,0.082,auto,30,0.098,1073741824,0,
lltp,petri-nets/MCC,,,TokenRing-15-unfolded_20_1.p,intuitionistic,horn,1,,5,0,3,provable,proved,,ok,horn,IMELL,28990,31,4.453,1325,867,458,0,0,0,2048,0.000,0.018,auto,30,0.254,1073741824,0,
lltp,petri-nets/MCC,,,TokenRing-20-unfolded_1_1.p,intuitionistic,horn,1,,5,0,3,provable,proved,,ok,horn,IMELL,67450,41,7.028,1,0,1,0,0,0,2048,0.000,0.027,auto,30,0.543,1073741824,0,
lltp,petri-nets/MCC,,,TokenRing-30-unfolded_100_1.p,intuitionistic,horn,1,,5,0,3,provable,unknown,timeout,,horn,IMELL,223570,61,5002.984,728196,573850,154346,0,0,0,2048,4990.000,6.776,auto,30,,1073741824,0,
lltp,petri-nets/MCC,,,TokenRing-30-unfolded_5_1.p,intuitionistic,horn,1,,5,0,3,provable,proved,,ok,horn,IMELL,223570,61,21.388,5,0,5,0,0,0,2048,30.000,0.045,auto,30,1.590,1073741824,0,
lltp,petri-nets/MCC,,,TokenRing-40-unfolded_50_1.p,intuitionistic,horn,1,,5,0,3,provable,unknown,timeout,,horn,IMELL,525290,81,5003.685,324608,245833,78775,0,0,0,2048,4980.000,6.412,auto,30,,1073741824,0,
lltp,petri-nets/MCC,,,TokenRing-5-unfolded_10_1.p,intuitionistic,horn,1,,5,0,3,provable,proved,,ok,horn,IMELL,1270,11,0.227,212,115,97,0,0,0,2048,0.000,0.000,auto,30,0.020,1073741824,0,
lltp,petri-nets/MCC,,,TokenRing-5-unfolded_5_1.p,intuitionistic,horn,1,,5,0,3,provable,proved,,ok,horn,IMELL,1270,11,0.147,5,0,5,0,0,0,2048,0.000,0.000,auto,30,0.017,1073741824,0,
lltp,petri-nets/MCC,,,TokenRing-50-unfolded_20_1.p,intuitionistic,horn,1,,5,0,3,provable,proved,,ok,horn,IMELL,1020610,101,126.350,19,0,19,0,0,0,2048,130.000,0.286,auto,30,8.751,1073741824,0,
lltp,petri-nets/MCC,,,TriangularGrid_trg_1-20-0_20_1.p,intuitionistic,horn,1,,5,0,3,provable,proved,,ok,horn,IMELL,358,24,0.086,20,0,20,0,0,0,2048,0.000,0.000,auto,30,0.025,1073741824,0,
lltp,petri-nets/MCC,,,TriangularGrid_trg_1-50-0_10_1.p,intuitionistic,horn,1,,5,0,3,provable,proved,,ok,horn,IMELL,718,52,0.083,10,0,10,0,0,0,2048,0.000,0.000,auto,30,0.038,1073741824,0,
lltp,petri-nets/MCC,,,TriangularGrid_trg_1-50-0_5_1.p,intuitionistic,horn,1,,5,0,3,provable,proved,,ok,horn,IMELL,718,52,0.072,5,0,5,0,0,0,2048,0.000,0.000,auto,30,0.039,1073741824,0,
lltp,petri-nets/MCC,,,TriangularGrid_trg_2-01-1_20_1.p,intuitionistic,horn,1,,5,0,3,provable,proved,,ok,horn,IMELL,470,9,0.094,20,0,20,0,0,0,2048,0.000,0.000,auto,30,0.018,1073741824,0,
lltp,petri-nets/MCC,,,TriangularGrid_trg_3-01-1_1_1.p,intuitionistic,horn,1,,5,0,3,provable,proved,,ok,horn,IMELL,1006,8,0.114,1,0,1,0,0,0,2048,0.000,0.000,auto,30,0.022,1073741824,0,
lltp,petri-nets/MCC,,,TriangularGrid_trg_3-02-6_100_1.p,intuitionistic,horn,1,,5,0,3,provable,proved,,ok,horn,IMELL,1294,17,22.521,26580,12631,13949,0,0,0,2048,10.000,0.083,auto,30,0.155,1073741824,0,
lltp,petri-nets/MCC,,,TriangularGrid_trg_3-02-6_5_1.p,intuitionistic,horn,1,,5,0,3,provable,proved,,ok,horn,IMELL,1294,13,0.154,5,0,5,0,0,0,2048,0.000,0.000,auto,30,0.042,1073741824,0,
lltp,petri-nets/MCC,,,TriangularGrid_trg_4-02-2_50_1.p,intuitionistic,horn,1,,5,0,3,provable,proved,,ok,horn,IMELL,1998,11,1.290,430,69,361,0,0,0,2048,0.000,0.044,auto,30,0.081,1073741824,0,
lltp,petri-nets/MCC,,,TriangularGrid_trg_5-02-0_20_1.p,intuitionistic,horn,1,,5,0,3,provable,proved,,ok,horn,IMELL,2878,7,0.288,20,0,20,0,0,0,2048,0.000,0.000,auto,30,0.070,1073741824,0,
lltp,petri-nets/MCC,,,TriangularGrid_trg_5-04-6_1_1.p,intuitionistic,horn,1,,5,0,3,provable,proved,,ok,horn,IMELL,4078,13,0.277,1,0,1,0,0,0,2048,0.000,0.000,auto,30,0.120,1073741824,0,
lltp,petri-nets/MCC,,,UtahNoC_100_1.p,intuitionistic,horn,1,,5,0,3,provable,proved,,ok,horn,IMELL,5826,99,0.553,23,7,16,0,0,0,2048,0.000,0.000,auto,30,0.061,1073741824,0,
lltp,petri-nets/MCC,,,Vasy2003_100_1.p,intuitionistic,horn,1,,5,0,3,provable,proved,,ok,horn,IMELL,5738,105,0.700,60,0,60,0,0,0,2048,0.000,0.000,auto,30,0.117,1073741824,0,
lltp,petri-nets/MCC,,,Vasy2003_5_1.p,intuitionistic,horn,1,,5,0,3,provable,proved,,ok,horn,IMELL,5738,105,0.605,3,0,3,0,0,0,2048,0.000,0.000,auto,30,0.059,1073741824,0,
lltp,petri-nets/MCC,,,ARMCacheCoherence_5_1.p,intuitionistic,horn,1,,5,0,3,provable,proved,,ok,horn,IMELL,493894,14998,34.287,5,0,5,0,0,0,2048,30.000,0.124,auto,30,3.947,1073741824,0,
lltp,petri-nets/MCC,,,AirplaneLD-pt-0010_1_1.p,intuitionistic,horn,1,,5,0,3,provable,proved,,ok,horn,IMELL,816,25,0.186,1,0,1,0,0,0,2048,0.000,0.000,auto,30,0.026,1073741824,0,
lltp,petri-nets/MCC,,,AirplaneLD-pt-0020_1_1.p,intuitionistic,horn,1,,5,0,3,provable,proved,,ok,horn,IMELL,1546,50,0.275,1,0,1,0,0,0,2048,0.000,0.000,auto,30,0.041,1073741824,0,
lltp,petri-nets/MCC,,,AirplaneLD-pt-0050_20_1.p,intuitionistic,horn,1,,5,0,3,provable,proved,,ok,horn,IMELL,3732,125,0.677,16,0,16,0,0,0,2048,0.000,0.114,auto,30,0.079,1073741824,0,
lltp,petri-nets/MCC,,,AirplaneLD-pt-0100_5_1.p,intuitionistic,horn,1,,5,0,3,provable,proved,,ok,horn,IMELL,7386,250,1.006,5,0,5,0,0,0,2048,0.000,0.000,auto,30,0.143,1073741824,0,
lltp,petri-nets/MCC,,,AirplaneLD-pt-0500_1_1.p,intuitionistic,horn,1,,5,0,3,provable,proved,,ok,horn,IMELL,36586,1250,5.603,1,0,1,0,0,0,2048,10.000,0.099,auto,30,0.778,1073741824,0,
lltp,petri-nets/MCC,,,AirplaneLD-pt-1000_20_1.p,intuitionistic,horn,1,,5,0,3,provable,proved,,ok,horn,IMELL,73082,2500,11.054,16,0,16,0,0,0,2048,10.000,0.071,auto,30,1.432,1073741824,0,
lltp,petri-nets/MCC,,,AirplaneLD-pt-2000_5_1.p,intuitionistic,horn,1,,5,0,3,provable,proved,,ok,horn,IMELL,146086,5000,24.226,5,0,5,0,0,0,2048,20.000,0.123,auto,30,3.188,1073741824,0,
lltp,petri-nets/MCC,,,Angiogenesis_angiogenesis-01_100_1.p,intuitionistic,horn,1,,5,0,3,provable,proved,,ok,horn,IMELL,396,10,0.147,9,2,7,0,0,0,2048,0.000,0.000,auto,30,0.017,1073741824,0,
lltp,petri-nets/MCC,,,Angiogenesis_angiogenesis-01_50_1.p,intuitionistic,horn,1,,5,0,3,provable,proved,,ok,horn,IMELL,396,10,0.145,9,2,7,0,0,0,2048,0.000,0.000,auto,30,0.016,1073741824,0,
lltp,petri-nets/MCC,,,Angiogenesis_angiogenesis-05_20_1.p,intuitionistic,horn,1,,5,0,3,provable,proved,,ok,horn,IMELL,514,14,0.176,20,0,20,0,0,0,2048,0.000,0.000,auto,30,0.030,1073741824,0,
lltp,petri-nets/MCC,,,Angiogenesis_angiogenesis-10_10_1.p,intuitionistic,horn,1,,5,0,3,provable,proved,,ok,horn,IMELL,668,19,0.161,10,0,10,0,0,0,2048,0.000,0.000,auto,30,0.035,1073741824,0,
lltp,petri-nets/MCC,,,Angiogenesis_angiogenesis-10_5_1.p,intuitionistic,horn,1,,5,0,3,provable,proved,,ok,horn,IMELL,678,19,0.165,5,0,5,0,0,0,2048,0.000,0.000,auto,30,0.034,1073741824,0,
lltp,petri-nets/MCC,,,Angiogenesis_angiogenesis-15_20_1.p,intuitionistic,horn,1,,5,0,3,provable,proved,,ok,horn,IMELL,818,24,0.180,20,0,20,0,0,0,2048,0.000,0.000,auto,30,0.047,1073741824,0,
lltp,petri-nets/MCC,,,Angiogenesis_angiogenesis-20_10_1.p,intuitionistic,horn,1,,5,0,3,provable,proved,,ok,horn,IMELL,988,29,0.184,10,0,10,0,0,0,2048,0.000,0.000,auto,30,0.052,1073741824,0,
lltp,petri-nets/MCC,,,Angiogenesis_angiogenesis-20_5_1.p,intuitionistic,horn,1,,5,0,3,provable,proved,,ok,horn,IMELL,998,29,0.184,5,0,5,0,0,0,2048,0.000,0.000,auto,30,0.051,1073741824,0,
lltp,petri-nets/MCC,,,Angiogenesis_angiogenesis-25_20_1.p,intuitionistic,horn,1,,5,0,3,provable,proved,,ok,horn,IMELL,1128,34,0.204,20,0,20,0,0,0,2048,0.000,0.000,auto,30,0.065,1073741824,0,
lltp,petri-nets/MCC,,,Angiogenesis_angiogenesis-50_10_1.p,intuitionistic,horn,1,,5,0,3,provable,proved,,ok,horn,IMELL,1948,59,0.226,10,0,10,0,0,0,2048,0.000,0.000,auto,30,0.108,1073741824,0,
lltp,petri-nets/MCC,,,Angiogenesis_angiogenesis-50_5_1.p,intuitionistic,horn,1,,5,0,3,provable,proved,,ok,horn,IMELL,1958,59,0.226,5,0,5,0,0,0,2048,0.000,0.000,auto,30,0.108,1073741824,0,
lltp,petri-nets/MCC,,,AutoFlight_afcs_01_a_20_1.p,intuitionistic,horn,1,,5,0,3,provable,proved,,ok,horn,IMELL,218,5,0.109,4,0,4,0,0,0,2048,0.000,0.000,auto,30,0.012,1073741824,0,
lltp,petri-nets/MCC,,,AutoFlight_afcs_01_b_10_1.p,intuitionistic,horn,1,,5,0,3,provable,proved,,ok,horn,IMELL,536,4,0.185,10,0,10,0,0,0,2048,0.000,0.000,auto,30,0.020,1073741824,0,
lltp,petri-nets/MCC,,,AutoFlight_afcs_01_b_5_1.p,intuitionistic,horn,1,,5,0,3,provable,proved,,ok,horn,IMELL,536,4,0.262,5,0,5,0,0,0,2048,0.000,0.000,auto,30,0.019,1073741824,0,
lltp,petri-nets/MCC,,,AutoFlight_afcs_02_a_20_1.p,intuitionistic,horn,1,,5,0,3,provable,proved,,ok,horn,IMELL,390,5,0.144,8,0,8,0,0,0,2048,0.000,0.000,auto,30,0.018,1073741824,0,
lltp,petri-nets/MCC,,,AutoFlight_afcs_02_b_10_1.p,intuitionistic,horn,1,,5,0,3,provable,proved,,ok,horn,IMELL,968,5,0.286,10,0,10,0,0,0,2048,0.000,0.000,auto,30,0.027,1073741824,0,
lltp,petri-nets/MCC,,,AutoFlight_afcs_02_b_5_1.p,intuitionistic,horn,1,,5,0,3,provable,proved,,ok,horn,IMELL,964,5,0.271,5,0,5,0,0,0,2048,0.000,0.000,auto,30,0.024,1073741824,0,
lltp,petri-nets/MCC,,,AutoFlight_afcs_03_a_20_1.p,intuitionistic,horn,1,,5,0,3,provable,proved,,ok,horn,IMELL,562,6,0.201,20,0,20,0,0,0,2048,0.000,0.000,auto,30,0.026,1073741824,0,
lltp,petri-nets/MCC,,,AutoFlight_afcs_03_b_10_1.p,intuitionistic,horn,1,,5,0,3,provable,proved,,ok,horn,IMELL,1400,6,0.380,10,0,10,0,0,0,2048,0.000,0.000,auto,30,0.036,1073741824,0,
lltp,petri-nets/MCC,,,AutoFlight_afcs_03_b_5_1.p,intuitionistic,horn,1,,5,0,3,provable,proved,,ok,horn,IMELL,1392,6,0.361,5,0,5,0,0,0,2048,0.000,0.000,auto,30,0.032,1073741824,0,
lltp,petri-nets/MCC,,,AutoFlight_afcs_04_a_5_1.p,intuitionistic,horn,1,,5,0,3,provable,proved,,ok,horn,IMELL,734,7,0.197,5,0,5,0,0,0,2048,0.000,0.000,auto,30,0.024,1073741824,0,
lltp,petri-nets/MCC,,,AutoFlight_afcs_04_b_20_1.p,intuitionistic,horn,1,,5,0,3,provable,proved,,ok,horn,IMELL,1834,7,0.464,20,0,20,0,0,0,2048,0.000,0.000,auto,30,0.045,1073741824,0,
lltp,petri-nets/MCC,,,AutoFlight_afcs_05_a_1_1.p,intuitionistic,horn,1,,5,0,3,provable,proved,,ok,horn,IMELL,906,8,0.232,1,0,1,0,0,0,2048,0.000,0.000,auto,30,0.028,1073741824,0,
lltp,petri-nets/MCC,,,AutoFlight_afcs_05_b_100_1.p,intuitionistic,horn,1,,5,0,3,provable,proved,,ok,horn,IMELL,2270,8,0.590,107,0,107,0,0,0,2048,0.000,0.000,auto,30,0.071,1073741824,0,
lltp,petri-nets/MCC,,,AutoFlight_afcs_05_b_50_1.p,intuitionistic,horn,1,,5,0,3,provable,proved,,ok,horn,IMELL,2262,7,0.575,51,0,51,0,0,0,2048,0.000,0.000,auto,30,0.060,1073741824,0,
lltp,petri-nets/MCC,,,AutoFlight_afcs_06_a_1_1.p,intuitionistic,horn,1,,5,0,3,provable,proved,,ok,horn,IMELL,1078,9,0.276,1,0,1,0,0,0,2048,0.000,0.000,auto,30,0.032,1073741824,0,
lltp,petri-nets/MCC,,,AutoFlight_afcs_06_b_100_1.p,intuitionistic,horn,1,,5,0,3,provable,proved,,ok,horn,IMELL,2694,8,86.274,214846,153042,61804,0,0,0,2048,80.000,0.306,auto,30,0.076,1073741824,0,
lltp,petri-nets/MCC,,,AutoFlight_afcs_06_b_50_1.p,intuitionistic,horn,1,,5,0,3,provable,proved,,ok,horn,IMELL,2692,8,0.657,51,0,51,0,0,0,2048,0.000,0.000,auto,30,0.066,1073741824,0,
lltp,petri-nets/MCC,,,AutoFlight_afcs_12_a_20_1.p,intuitionistic,horn,1,,5,0,3,provable,proved,,ok,horn,IMELL,2110,15,0.429,20,0,20,0,0,0,2048,0.000,0.000,auto,30,0.054,1073741824,0,
lltp,petri-nets/MCC,,,AutoFlight_afcs_12_b_10_1.p,intuitionistic,horn,1,,5,0,3,provable,proved,,ok,horn,IMELL,5252,15,1.313,10,0,10,0,0,0,2048,0.000,0.066,auto,30,0.100,1073741824,0,
lltp,petri-nets/MCC,,,AutoFlight_afcs_12_b_5_1.p,intuitionistic,horn,1,,5,0,3,provable,proved,,ok,horn,IMELL,5244,15,1.274,5,0,5,0,0,0,2048,0.000,0.074,auto,30,0.104,1073741824,0,
lltp,petri-nets/MCC,,,AutoFlight_afcs_24_a_50_1.p,intuitionistic,horn,1,,5,0,3,provable,proved,,ok,horn,IMELL,4174,27,2.292,446,0,446,0,0,0,2048,0.000,0.102,auto,30,0.100,1073741824,0,
lltp,petri-nets/MCC,,,AutoFlight_afcs_24_b_1_1.p,intuitionistic,horn,1,,5,0,3,provable,proved,,ok,horn,IMELL,10374,26,2.376,1,0,1,0,0,0,2048,0.000,0.028,auto,30,0.171,1073741824,0,
lltp,petri-nets/MCC,,,AutoFlight_afcs_48_a_100_1.p,intuitionistic,horn,1,,5,0,3,provable,proved,,ok,horn,IMELL,7430,53,1.925,106,0,106,0,0,0,2048,0.000,0.041,auto,30,0.166,1073741824,0,
lltp,petri-nets/MCC,,,AutoFlight_afcs_48_a_5_1.p,intuitionistic,horn,1,,5,0,3,provable,proved,,ok,horn,IMELL,7430,53,1.380,5,0,5,0,0,0,2048,0.000,0.000,auto,30,0.156,1073741824,0,
lltp,petri-nets/MCC,,,AutoFlight_afcs_48_b_20_1.p,intuitionistic,horn,1,,5,0,3,provable,proved,,ok,horn,IMELL,18246,53,3.917,20,0,20,0,0,0,2048,0.000,0.041,auto,30,0.308,1073741824,0,
lltp,petri-nets/MCC,,,AutoFlight_afcs_96_a_1_1.p,intuitionistic,horn,1,,5,0,3,provable,proved,,ok,horn,IMELL,14854,105,2.779,1,0,1,0,0,0,2048,0.000,0.030,auto,30,0.307,1073741824,0,
lltp,petri-nets/MCC,,,AutoFlight_afcs_96_b_100_1.p,intuitionistic,horn,1,,5,0,3,provable,proved,,ok,horn,IMELL,36582,105,8.370,101,0,101,0,0,0,2048,10.000,0.072,auto,30,0.664,1073741824,0,
lltp,petri-nets/MCC,,,AutoFlight_afcs_96_b_50_1.p,intuitionistic,horn,1,,5,0,3,provable,proved,,ok,horn,IMELL,36482,105,8.234,51,0,51,0,0,0,2048,10.000,0.069,auto,30,0.645,1073741824,0,
lltp,petri-nets/MCC,,,BART-002-unf_5_1.p,intuitionistic,horn,1,,5,0,3,provable,proved,,ok,horn,IMELL,29342,391,3.329,4,0,4,0,0,0,2048,0.000,0.037,auto,30,0.300,1073741824,0,
lltp,petri-nets/MCC,,,BART-005-unf_5_1.p,intuitionistic,horn,1,,5,0,3,provable,proved,,ok,horn,IMELL,71726,976,7.839,5,0,5,0,0,0,2048,0.000,0.055,auto,30,0.649,1073741824,0,
lltp,petri-nets/MCC,,,BART-010-unf_50_1.p,intuitionistic,horn,1,,5,0,3,provable,unknown,timeout,,horn,IMELL,142366,1951,5036.833,473771,402433,71338,0,0,0,2048,5000.000,19.573,auto,30,,1073741824,0,
lltp,petri-nets/MCC,,,BART-020-unf_20_1.p,intuitionistic,horn,1,,5,0,3,provable,proved,,ok,horn,IMELL,283646,3901,38.944,20,0,20,0,0,0,2048,40.000,0.178,auto,30,2.534,1073741824,0,
lltp,petri-nets/MCC,,,BART-030-unf_1_1.p,intuitionistic,horn,1,,5,0,3,provable,proved,,ok,horn,IMELL,424926,5851,65.468,1,0,1,0,0,0,2048,70.000,0.215,auto,30,4.334,1073741824,0,
lltp,petri-nets/MCC,,,BART-040-unf_100_1.p,intuitionistic,horn,1,,5,0,3,provable,unknown,timeout,,horn,IMELL,566206,7801,5012.201,164036,137902,26134,0,0,0,2048,4980.000,11.880,auto,30,,1073741824,0,
lltp,petri-nets/MCC,,,BART-040-unf_5_1.p,intuitionistic,horn,1,,5,0,3,provable,proved,,ok,horn,IMELL,566206,7801,77.711,5,0,5,0,0,0,2048,80.000,0.205,auto,30,4.848,1073741824,0,
lltp,petri-nets/MCC,,,BART-050-unf_50_1.p,intuitionistic,horn,1,,5,0,3,provable,proved,,ok,horn,IMELL,707486,9751,97.637,50,0,50,0,0,0,2048,100.000,0.241,auto,30,5.919,1073741824,0,
lltp,petri-nets/MCC,,,BART-060-unf_20_1.p,intuitionistic,horn,1,,5,0,3,provable,proved,,ok,horn,IMELL,848766,11701,140.599,20,0,20,0,0,0,2048,140.000,0.513,auto,30,8.465,1073741824,0,
lltp,petri-nets/MCC,,,BridgeAndVehicles-V04-P05-N02-unfolded_1_1.p,intuitionistic,horn,1,,5,0,3,provable,proved,,ok,horn,IMELL,750,27,0.168,1,0,1,0,0,0,2048,0.000,0.000,auto,30,0.017,1073741824,0,
lltp,petri-nets/MCC,,,BridgeAndVehicles-V10-P10-N10-unfolded_100_1.p,intuitionistic,horn,1,,5,0,3,provable,proved,,ok,horn,IMELL,4384,223,2.274,4090,2339,1751,0,0,0,2048,0.000,0.115,auto,30,0.102,1073741824,0,
lltp,petri-nets/MCC,,,BridgeAndVehicles-V10-P10-N10-unfolded_50_1.p,intuitionistic,horn,1,,5,0,3,provable,proved,,ok,horn,IMELL,4386,223,5.073,13398,8458,4940,0,0,0,2048,0.000,0.128,auto,30,0.080,1073741824,0,
lltp,petri-nets/MCC,,,BridgeAndVehicles-V20-P10-N10-unfolded_1_1.p,intuitionistic,horn,1,,5,0,3,provable,proved,,ok,horn,IMELL,8426,443,0.901,1,0,1,0,0,0,2048,0.000,0.000,auto,30,0.082,1073741824,0,
lltp,petri-nets/MCC,,,BridgeAndVehicles-V20-P10-N20-unfolded_100_1.p,intuitionistic,horn,1,,5,0,3,provable,proved,,ok,horn,IMELL,14984,843,2.660,1325,458,867,0,0,0,2048,0.000,0.057,auto,30,0.179,1073741824,0,
lltp,petri-nets/MCC,,,BridgeAndVehicles-V20-P10-N20-unfolded_50_1.p,intuitionistic,horn,1,,5,0,3,provable,proved,,ok,horn,IMELL,14984,843,1.935,51,0,51,0,0,0,2048,0.000,0.051,auto,30,0.166,1073741824,0,
lltp,petri-nets/MCC,,,BridgeAndVehicles-V20-P10-N50-unfolded_1_1.p,intuitionistic,horn,1,,5,0,3,provable,proved,,ok,horn,IMELL,34666,2043,3.900,1,0,1,0,0,0,2048,0.000,0.060,auto,30,0.266,1073741824,0,
lltp,petri-nets/MCC,,,BridgeAndVehicles-V20-P20-N10-unfolded_100_1.p,intuitionistic,horn,1,,5,0,3,provable,proved,,ok,horn,IMELL,8540,443,1.073,196,27,169,0,0,0,2048,0.000,0.000,auto,30,0.136,1073741824,0,
lltp,petri-nets/MCC,,,BridgeAndVehicles-V20-P20-N10-unfolded_50_1.p,intuitionistic,horn,1,,5,0,3,provable,proved,,ok,horn,IMELL,8544,443,19.522,55207,38732,16475,0,0,0,2048,20.000,0.101,auto,30,0.125,1073741824,0,
lltp,petri-nets/MCC,,,BridgeAndVehicles-V20-P20-N20-unfolded_1_1.p,intuitionistic,horn,1,,5,0,3,provable,proved,,ok,horn,IMELL,15106,843,1.704,1,0,1,0,0,0,2048,0.000,0.053,auto,30,0.142,1073741824,0,
lltp,petri-nets/MCC,,,BridgeAndVehicles-V20-P20-N50-unfolded_100_1.p,intuitionistic,horn,1,,5,0,3,provable,proved,,ok,horn,IMELL,34782,2043,5.577,1750,662,1088,0,0,0,2048,0.000,0.088,auto,30,0.304,1073741824,0,
lltp,petri-nets/MCC,,,BridgeAndVehicles-V20-P20-N50-unfolded_50_1.p,intuitionistic,horn,1,,5,0,3,provable,proved,,ok,horn,IMELL,34772,2043,3.695,77,0,77,0,0,0,2048,0.000,0.046,auto,30,0.293,1073741824,0,
lltp,petri-nets/MCC,,,BridgeAndVehicles-V50-P20-N10-unfolded_1_1.p,intuitionistic,horn,1,,5,0,3,provable,proved,,ok,horn,IMELL,20666,1103,2.168,1,0,1,0,0,0,2048,0.000,0.000,auto,30,0.192,1073741824,0,
lltp,petri-nets/MCC,,,BridgeAndVehicles-V50-P20-N20-unfolded_100_1.p,intuitionistic,horn,1,,5,0,3,provable,proved,,ok,horn,IMELL,36800,2103,4.069,100,0,100,0,0,0,2048,0.000,0.064,auto,30,0.338,1073741824,0,
lltp,petri-nets/MCC,,,BridgeAndVehicles-V50-P20-N20-unfolded_50_1.p,intuitionistic,horn,1,,5,0,3,provable,proved,,ok,horn,IMELL,36824,2103,3.964,50,0,50,0,0,0,2048,10.000,0.050,auto,30,0.397,1073741824,0,
lltp,petri-nets/MCC,,,BridgeAndVehicles-V50-P20-N50-unfolded_1_1.p,intuitionistic,horn,1,,5,0,3,provable,proved,,ok,horn,IMELL,85306,5103,8.629,1,0,1,0,0,0,2048,0.000,0.060,auto,30,0.610,1073741824,0,
lltp,petri-nets/MCC,,,BridgeAndVehicles-V50-P50-N10-unfolded_100_1.p,intuitionistic,horn,1,,5,0,3,provable,proved,,ok,horn,IMELL,21006,1103,2.289,110,0,110,0,0,0,2048,0.000,0.000,auto,30,0.234,1073741824,0,
lltp,petri-nets/MCC,,,BridgeAndVehicles-V50-P50-N10-unfolded_50_1.p,intuitionistic,horn,1,,5,0,3,provable,proved,,ok,horn,IMELL,21024,1103,2.266,50,0,50,0,0,0,2048,0.000,0.062,auto,30,0.198,1073741824,0,
lltp,petri-nets/MCC,,,BridgeAndVehicles-V50-P50-N20-unfolded_1_1.p,intuitionistic,horn,1,,5,0,3,provable,proved,,ok,horn,IMELL,37186,2103,3.987,1,0,1,0,0,0,2048,0.000,0.056,auto,30,0.348,1073741824,0,
lltp,petri-nets/MCC,,,BridgeAndVehicles-V50-P50-N50-unfolded_100_1.p,intuitionistic,horn,1,,5,0,3,provable,proved,,ok,horn,IMELL,85640,5103,8.883,100,0,100,0,0,0,2048,10.000,0.051,auto,30,0.684,1073741824,0,
lltp,petri-nets/MCC,,,BridgeAndVehicles-V50-P50-N50-unfolded_50_1.p,intuitionistic,horn,1,,5,0,3,provable,proved,,ok,horn,IMELL,85664,5103,8.499,50,0,50,0,0,0,2048,10.000,0.055,auto,30,0.647,1073741824,0,
lltp,petri-nets/MCC,,,BridgeAndVehicles-V80-P20-N10-unfolded_1_1.p,intuitionistic,horn,1,,5,0,3,provable,proved,,ok,horn,IMELL,32786,1763,3.406,1,0,1,0,0,0,2048,0.000,0.035,auto,30,0.292,1073741824,0,
lltp,petri-nets/MCC,,,BridgeAndVehicles-V80-P20-N20-unfolded_100_1.p,intuitionistic,horn,1,,5,0,3,provable,proved,,ok,horn,IMELL,58540,3363,5.992,100,0,100,0,0,0,2048,10.000,0.059,auto,30,0.521,1073741824,0,
lltp,petri-nets/MCC,,,BridgeAndVehicles-V80-P20-N20-unfolded_50_1.p,intuitionistic,horn,1,,5,0,3,provable,proved,,ok,horn,IMELL,58544,3363,6.132,50,0,50,0,0,0,2048,10.000,0.070,auto,30,0.525,1073741824,0,
lltp,petri-nets/MCC,,,BridgeAndVehicles-V80-P20-N50-unfolded_1_1.p,intuitionistic,horn,1,,5,0,3,provable,proved,,ok,horn,IMELL,135826,8163,14.386,1,0,1,0,0,0,2048,20.000,0.062,auto,30,1.055,1073741824,0,
lltp,petri-nets/MCC,,,BridgeAndVehicles-V80-P50-N10-unfolded_100_1.p,intuitionistic,horn,1,,5,0,3,provable,proved,,ok,horn,IMELL,33140,1763,3.598,100,0,100,0,0,0,2048,0.000,0.041,auto,30,0.323,1073741824,0,
lltp,petri-nets/MCC,,,BridgeAndVehicles-V80-P50-N10-unfolded_50_1.p,intuitionistic,horn,1,,5,0,3,provable,proved,,ok,horn,IMELL,33144,1763,3.340,50,0,50,0,0,0,2048,0.000,0.047,auto,30,0.305,1073741824,0,
lltp,petri-nets/MCC,,,BridgeAndVehicles-V80-P50-N20-unfolded_1_1.p,intuitionistic,horn,1,,5,0,3,provable,proved,,ok,horn,IMELL,58906,3363,6.101,1,0,1,0,0,0,2048,10.000,0.058,auto,30,0.497,1073741824,0,
lltp,petri-nets/MCC,,,BridgeAndVehicles-V80-P50-N50-unfolded_100_1.p,intuitionistic,horn,1,,5,0,3,provable,proved,,ok,horn,IMELL,136180,8163,15.799,100,0,100,0,0,0,2048,10.000,0.093,auto,30,1.087,1073741824,0,
lltp,petri-nets/MCC,,,BridgeAndVehicles-V80-P50-N50-unfolded_50_1.p,intuitionistic,horn,1,,5,0,3,provable,proved,,ok,horn,IMELL,136184,8163,15.339,50,0,50,0,0,0,2048,20.000,0.096,auto,30,1.068,1073741824,0,
lltp,petri-nets/MCC,,,CSRepetitions_cs_repetitions-10-unfolded_1_1.p,intuitionistic,horn,1,,5,0,3,provable,proved,,ok,horn,IMELL,18078,1010,2.840,1,0,1,0,0,0,2048,0.000,0.044,auto,30,0.235,1073741824,0,
lltp,petri-nets/MCC,,,CSRepetitions_cs_repetitions-2-unfolded_100_1.p,intuitionistic,horn,1,,5,0,3,provable,proved,,ok,horn,IMELL,222,10,0.107,8,0,8,0,0,0,2048,0.000,0.000,auto,30,0.013,1073741824,0,
lltp,petri-nets/MCC,,,CSRepetitions_cs_repetitions-2-unfolded_50_1.p,intuitionistic,horn,1,,5,0,3,provable,proved,,ok,horn,IMELL,222,10,0.103,10,0,10,0,0,0,2048,0.000,0.000,auto,30,0.013,1073741824,0,
lltp,petri-nets/MCC,,,CSRepetitions_cs_repetitions-3-unfolded_20_1.p,intuitionistic,horn,1,,5,0,3,provable,proved,,ok,horn,IMELL,634,30,0.171,4,0,4,0,0,0,2048,0.000,0.000,auto,30,0.019,1073741824,0,
lltp,petri-nets/MCC,,,CSRepetitions_cs_repetitions-4-unfolded_20_1.p,intuitionistic,horn,1,,5,0,3,provable,proved,,ok,horn,IMELL,1374,68,0.276,4,0,4,0,0,0,2048,0.000,0.000,auto,30,0.029,1073741824,0,
lltp,petri-nets/MCC,,,CSRepetitions_cs_repetitions-5-unfolded_20_1.p,intuitionistic,horn,1,,5,0,3,provable,proved,,ok,horn,IMELL,2538,130,0.474,4,0,4,0,0,0,2048,0.000,0.000,auto,30,0.047,1073741824,0,
lltp,petri-nets/MCC,,,CSRepetitions_cs_repetitions-7-unfolded_20_1.p,intuitionistic,horn,1,,5,0,3,provable,proved,,ok,horn,IMELL,6522,350,0.935,4,0,4,0,0,0,2048,0.000,0.000,auto,30,0.084,1073741824,0,
lltp,petri-nets/MCC,,,CircadianClock_circadian_clock-000001_1_1.p,intuitionistic,horn,1,,5,0,3,provable,proved,,ok,horn,IMELL,142,5,0.085,1,0,1,0,0,0,2048,0.000,0.000,auto,30,0.008,1073741824,0,
lltp,petri-nets/MCC,,,CircadianClock_circadian_clock-000010_100_1.p,intuitionistic,horn,1,,5,0,3,provable,proved,,ok,horn,IMELL,322,14,0.119,31,0,31,0,0,0,2048,0.000,0.000,auto,30,0.029,1073741824,0,
lltp,petri-nets/MCC,,,CircadianClock_circadian_clock-000010_50_1.p,intuitionistic,horn,1,,5,0,3,provable,proved,,ok,horn,IMELL,322,14,0.121,38,5,33,0,0,0,2048,0.000,0.000,auto,30,0.031,1073741824,0,
lltp,petri-nets/MCC,,,CircadianClock_circadian_clock-000100_1_1.p,intuitionistic,horn,1,,5,0,3,provable,proved,,ok,horn,IMELL,2122,104,0.170,1,0,1,0,0,0,2048,0.000,0.000,auto,30,0.124,1073741824,0,
lltp,petri-nets/MCC,,,CircadianClock_circadian_clock-001000_100_1.p,intuitionistic,horn,1,,5,0,3,provable,proved,,ok,horn,IMELL,20122,1004,1.091,52,0,52,0,0,0,2048,0.000,0.033,auto,30,1.278,1073741824,0,
lltp,petri-nets/MCC,,,CircadianClock_circadian_clock-001000_50_1.p,intuitionistic,horn,1,,5,0,3,provable,proved,,ok,horn,IMELL,20122,1004,1.022,38,5,33,0,0,0,2048,0.000,0.000,auto,30,1.383,1073741824,0,
lltp,petri-nets/MCC,,,CircularTrains_CircularTrain-012_1_1.p,intuitionistic,horn,1,,5,0,3,provable,proved,,ok,horn,IMELL,142,3,0.076,1,0,1,0,0,0,2048,0.000,0.000,auto,30,0.010,1073741824,0,
lltp,petri-nets/MCC,,,CircularTrains_CircularTrain-024_100_1.p,intuitionistic,horn,1,,5,0,3,provable,proved,,ok,horn,IMELL,286,3,0.133,47,7,40,0,0,0,2048,0.000,0.000,auto,30,0.024,1073741824,0,
lltp,petri-nets/MCC,,,CircularTrains_CircularTrain-024_50_1.p,intuitionistic,horn,1,,5,0,3,provable,proved,,ok,horn,IMELL,286,3,0.122,26,0,26,0,0,0,2048,0.000,0.000,auto,30,0.023,1073741824,0,
lltp,petri-nets/MCC,,,CircularTrains_CircularTrain-048_1_1.p,intuitionistic,horn,1,,5,0,3,provable,proved,,ok,horn,IMELL,574,3,0.130,1,0,1,0,0,0,2048,0.000,0.000,auto,30,0.022,1073741824,0,
lltp,petri-nets/MCC,,,CircularTrains_CircularTrain-096_100_1.p,intuitionistic,horn,1,,5,0,3,provable,proved,,ok,horn,IMELL,1150,3,0.204,4,0,4,0,0,0,2048,0.000,0.000,auto,30,0.042,1073741824,0,
lltp,petri-nets/MCC,,,CircularTrains_CircularTrain-096_5_1.p,intuitionistic,horn,1,,5,0,3,provable,proved,,ok,horn,IMELL,1150,3,0.201,5,0,5,0,0,0,2048,0.000,0.000,auto,30,0.041,1073741824,0,
lltp,petri-nets/MCC,,,CircularTrains_CircularTrain-192_50_1.p,intuitionistic,horn,1,,5,0,3,provable,proved,,ok,horn,IMELL,2302,3,0.539,50,0,50,0,0,0,2048,0.000,0.000,auto,30,0.090,1073741824,0,
lltp,petri-nets/MCC,,,CircularTrains_CircularTrain-384_20_1.p,intuitionistic,horn,1,,5,0,3,provable,proved,,ok,horn,IMELL,4606,3,0.894,20,0,20,0,0,0,2048,0.000,0.106,auto,30,0.142,1073741824,0,
lltp,petri-nets/MCC,,,CircularTrains_CircularTrain-768_1_1.p,intuitionistic,horn,1,,5,0,3,provable,proved,,ok,horn,IMELL,9214,3,1.187,1,0,1,0,0,0,2048,0.000,0.025,auto,30,0.241,1073741824,0,
lltp,petri-nets/MCC,,,ClientsAndServers-0001-0_100_1.p,intuitionistic,horn,1,,5,0,3,provable,proved,,ok,horn,IMELL,178,9,0.145,68,3,65,0,0,0,2048,0.000,0.000,auto,30,0.025,1073741824,0,
lltp,petri-nets/MCC,,,ClientsAndServers-0001-0_50_1.p,intuitionistic,horn,1,,5,0,3,provable,proved,,ok,horn,IMELL,178,9,0.180,194,63,131,0,0,0,2048,0.000,0.000,auto,30,0.027,1073741824,0,
lltp,petri-nets/MCC,,,ClientsAndServers-0002-0_1_1.p,intuitionistic,horn,1,,5,0,3,provable,proved,,ok,horn,IMELL,244,17,0.101,1,0,1,0,0,0,2048,0.000,0.000,auto,30,0.017,1073741824,0,
lltp,petri-nets/MCC,,,ClientsAndServers-0002-1_100_1.p,intuitionistic,horn,1,,5,0,3,provable,proved,,ok,horn,IMELL,266,17,0.174,124,0,124,0,0,0,2048,0.000,0.000,auto,30,0.044,1073741824,0,
lltp,petri-nets/MCC,,,ClientsAndServers-0002-1_50_1.p,intuitionistic,horn,1,,5,0,3,provable,proved,,ok,horn,IMELL,278,17,0.142,80,7,73,0,0,0,2048,0.000,0.000,auto,30,0.030,1073741824,0,
lltp,petri-nets/MCC,,,ClientsAndServers-0005-0_1_1.p,intuitionistic,horn,1,,5,0,3,provable,proved,,ok,horn,IMELL,448,41,0.105,1,0,1,0,0,0,2048,0.000,0.000,auto,30,0.028,1073741824,0,
lltp,petri-nets/MCC,,,ClientsAndServers-0005-1_100_1.p,intuitionistic,horn,1,,5,0,3,provable,proved,,ok,horn,IMELL,522,41,0.134,68,0,68,0,0,0,2048,0.000,0.000,auto,30,0.047,1073741824,0,
lltp,petri-nets/MCC,,,ClientsAndServers-0005-1_50_1.p,intuitionistic,horn,1,,5,0,3,provable,proved,,ok,horn,IMELL,538,41,0.141,50,0,50,0,0,0,2048,0.000,0.000,auto,30,0.049,1073741824,0,
lltp,petri-nets/MCC,,,ClientsAndServers-0010-0_1_1.p,intuitionistic,horn,1,,5,0,3,provable,proved,,ok,horn,IMELL,788,81,0.124,1,0,1,0,0,0,2048,0.000,0.000,auto,30,0.047,1073741824,0,
lltp,petri-nets/MCC,,,ClientsAndServers-0010-1_100_1.p,intuitionistic,horn,1,,5,0,3,provable,proved,,ok,horn,IMELL,926,81,0.170,100,0,100,0,0,0,2048,0.000,0.000,auto,30,0.080,1073741824,0,
lltp,petri-nets/MCC,,,ClientsAndServers-0010-1_50_1.p,intuitionistic,horn,1,,5,0,3,provable,proved,,ok,horn,IMELL,906,81,0.144,50,0,50,0,0,0,2048,0.000,0.000,auto,30,0.157,1073741824,0,
lltp,petri-nets/MCC,,,ClientsAndServers-0010-2_1_1.p,intuitionistic,horn,1,,5,0,3,provable,proved,,ok,horn,IMELL,828,81,0.114,1,0,1,0,0,0,2048,0.000,0.000,auto,30,0.048,1073741824,0,
lltp,petri-nets/MCC,,,ClientsAndServers-0020-0_100_1.p,intuitionistic,horn,1,,5,0,3,provable,proved,,ok,horn,IMELL,1506,161,0.233,100,0,100,0,0,0,2048,0.000,0.000,auto,30,0.128,1073741824,0,
lltp,petri-nets/MCC,,,ClientsAndServers-0020-0_50_1.p,intuitionistic,horn,1,,5,0,3,provable,proved,,ok,horn,IMELL,1566,161,0.180,50,0,50,0,0,0,2048,0.000,0.000,auto,30,0.105,1073741824,0,
lltp,petri-nets/MCC,,,ClientsAndServers-0020-1_1_1.p,intuitionistic,horn,1,,5,0,3,provable,proved,,ok,horn,IMELL,1488,161,0.160,1,0,1,0,0,0,2048,0.000,0.000,auto,30,0.100,1073741824,0,
lltp,petri-nets/MCC,,,ClientsAndServers-0020-2_100_1.p,intuitionistic,horn,1,,5,0,3,provable,proved,,ok,horn,IMELL,1546,161,0.212,100,0,100,0,0,0,2048,0.000,0.000,auto,30,0.118,1073741824,0,
lltp,petri-nets/MCC,,,ClientsAndServers-0020-2_50_1.p,intuitionistic,horn,1,,5,0,3,provable,proved,,ok,horn,IMELL,1606,161,0.179,50,0,50,0,0,0,2048,0.000,0.000,auto,30,0.106,1073741824,0,
lltp,petri-nets/MCC,,,ClientsAndServers-0020-3_1_1.p,intuitionistic,horn,1,,5,0,3,provable,proved,,ok,horn,IMELL,1528,161,0.156,1,0,1,0,0,0,2048,0.000,0.000,auto,30,0.093,1073741824,0,
lltp,petri-nets/MCC,,,ClientsAndServers-0020-4_100_1.p,intuitionistic,horn,1,,5,0,3,provable,proved,,ok,horn,IMELL,1586,161,0.211,100,0,100,0,0,0,2048,0.000,0.000,auto,30,0.121,1073741824,0,
lltp,petri-nets/MCC,,,ClientsAndServers-0020-4_50_1.p,intuitionistic,horn,1,,5,0,3,provable,proved,,ok,horn,IMELL,1646,161,0.202,50,0,50,0,0,0,2048,0.000,0.000,auto,30,0.113,1073741824,0,
lltp,petri-nets/MCC,,,ClientsAndServers-0050-0_1_1.p,intuitionistic,horn,1,,5,0,3,provable,proved,,ok,horn,IMELL,3508,401,0.252,1,0,1,0,0,0,2048,0.000,0.000,auto,30,0.218,1073741824,0,
lltp,petri-nets/MCC,,,ClientsAndServers-0100-0_100_1.p,intuitionistic,horn,1,,5,0,3,provable,proved,,ok,horn,IMELL,6906,801,0.499,100,0,100,0,0,0,2048,0.000,0.000,auto,30,0.641,1073741824,0,
lltp,petri-nets/MCC,,,ClientsAndServers-0100-0_50_1.p,intuitionistic,horn,1,,5,0,3,provable,proved,,ok,horn,IMELL,7006,801,0.446,50,0,50,0,0,0,2048,0.000,0.000,auto,30,0.571,1073741824,0,
lltp,petri-nets/MCC,,,ClientsAndServers-0200-0_1_1.p,intuitionistic,horn,1,,5,0,3,provable,proved,,ok,horn,IMELL,13708,1601,0.943,1,0,1,0,0,0,2048,0.000,0.099,auto,30,0.961,1073741824,0,
lltp,petri-nets/MCC,,,ClientsAndServers-0500-0_100_1.p,intuitionistic,horn,1,,5,0,3,provable,proved,,ok,horn,IMELL,34106,4001,2.017,100,0,100,0,0,0,2048,0.000,0.066,auto,30,2.178,1073741824,0,
lltp,petri-nets/MCC,,,ClientsAndServers-0500-0_50_1.p,intuitionistic,horn,1,,5,0,3,provable,proved,,ok,horn,IMELL,34206,4001,1.863,50,0,50,0,0,0,2048,0.000,0.039,auto,30,2.259,1073741824,0,
lltp,petri-nets/MCC,,,ClientsAndServers-1000-0_1_1.p,intuitionistic,horn,1,,5,0,3,provable,proved,,ok,horn,IMELL,68108,8001,3.808,1,0,1,0,0,0,2048,0.000,0.045,auto,30,4.626,1073741824,0,
lltp,petri-nets/MCC,,,CloudDeployment_deploy_2_a_100_1.p,intuitionistic,horn,1,,5,0,3,provable,proved,,ok,horn,IMELL,1662,44,0.356,1,0,1,0,0,0,2048,0.000,0.000,auto,30,0.027,1073741824,0,
lltp,petri-nets/MCC,,,CloudDeployment_deploy_2_a_50_1.p,intuitionistic,horn,1,,5,0,3,provable,proved,,ok,horn,IMELL,1662,44,0.321,1,0,1,0,0,0,2048,0.000,0.000,auto,30,0.027,1073741824,0,
lltp,petri-nets/MCC,,,CloudDeployment_deploy_2_b_1_1.p,intuitionistic,horn,1,,5,0,3,provable,proved,,ok,horn,IMELL,4010,50,0.813,1,0,1,0,0,0,2048,0.000,0.023,auto,30,0.064,1073741824,0,
lltp,petri-nets/MCC,,,CloudDeployment_deploy_3_a_100_1.p,intuitionistic,horn,1,,5,0,3,provable,proved,,ok,horn,IMELL,3246,92,0.448,5,0,5,0,0,0,2048,0.000,0.000,auto,30,0.040,1073741824,0,
lltp,petri-nets/MCC,,,CloudDeployment_deploy_3_a_50_1.p,intuitionistic,horn,1,,5,0,3,provable,proved,,ok,horn,IMELL,3250,92,0.444,4,0,4,0,0,0,2048,0.000,0.000,auto,30,0.041,1073741824,0,
lltp,petri-nets/MCC,,,CloudDeployment_deploy_3_b_1_1.p,intuitionistic,horn,1,,5,0,3,provable,proved,,ok,horn,IMELL,8192,110,1.545,1,0,1,0,0,0,2048,0.000,0.000,auto,30,0.114,1073741824,0,
lltp,petri-nets/MCC,,,CloudDeployment_deploy_4_a_100_1.p,intuitionistic,horn,1,,5,0,3,provable,proved,,ok,horn,IMELL,5350,158,0.737,5,0,5,0,0,0,2048,0.000,0.099,auto,30,0.065,1073741824,0,
lltp,petri-nets/MCC,,,CloudDeployment_deploy_4_b_100_1.p,intuitionistic,horn,1,,5,0,3,provable,unknown,timeout,,horn,IMELL,18010,256,5014.766,4937456,3564760,1372696,0,0,0,2048,4980.000,8.964,auto,30,,1073741824,0,
lltp,petri-nets/MCC,,,CloudDeployment_deploy_4_b_50_1.p,intuitionistic,horn,1,,5,0,3,provable,unknown,timeout,,horn,IMELL,18016,256,5020.563,4562234,3241498,1320736,0,0,0,2048,5000.000,6.829,auto,30,,1073741824,0,
lltp,petri-nets/MCC,,,CloudDeployment_deploy_5_a_1_1.p,intuitionistic,horn,1,,5,0,3,provable,proved,,ok,horn,IMELL,7962,242,1.037,1,0,1,0,0,0,2048,0.000,0.000,auto,30,0.082,1073741824,0,
lltp,petri-nets/MCC,,,CloudDeployment_deploy_5_b_1_1.p,intuitionistic,horn,1,,5,0,3,provable,proved,,ok,horn,IMELL,51572,1024,6.328,1,0,1,0,0,0,2048,0.000,0.028,auto,30,0.371,1073741824,0,
lltp,petri-nets/MCC,,,CloudDeployment_deploy_6_a_1_1.p,intuitionistic,horn,1,,5,0,3,provable,proved,,ok,horn,IMELL,11086,344,1.336,1,0,1,0,0,0,2048,0.000,0.000,auto,30,0.113,1073741824,0,
lltp,petri-nets/MCC,,,CloudDeployment_deploy_6_b_1_1.p,intuitionistic,horn,1,,5,0,3,provable,proved,,ok,horn,IMELL,191858,4096,19.637,1,0,1,0,0,0,2048,20.000,0.064,auto,30,1.093,1073741824,0,
lltp,petri-nets/MCC,,,CloudDeployment_deploy_7_a_1_1.p,intuitionistic,horn,1,,5,0,3,provable,proved,,ok,horn,IMELL,14722,464,1.725,1,0,1,0,0,0,2048,0.000,0.000,auto,30,0.137,1073741824,0,
lltp,petri-nets/MCC,,,CloudDeployment_deploy_7_b_1_1.p,intuitionistic,horn,1,,5,0,3,provable,proved,,ok,horn,IMELL,812104,16384,79.370,1,0,1,0,0,0,2048,80.000,0.180,auto,30,4.140,1073741824,0,
lltp,petri-nets/MCC,,,CloudReconfiguration_reconf_3_01_100_1.p,intuitionistic,horn,1,,5,0,3,provable,proved,,ok,horn,IMELL,12928,129,9.108,36528,20104,16424,0,0,0,2048,10.000,0.033,auto,30,0.213,1073741824,0,
lltp,petri-nets/MCC,,,CloudReconfiguration_reconf_3_01_50_1.p,intuitionistic,horn,1,,5,0,3,provable,proved,,ok,horn,IMELL,12930,129,2.956,50,0,50,0,0,0,2048,0.000,0.045,auto,30,0.222,1073741824,0,
lltp,petri-nets/MCC,,,CloudReconfiguration_reconf_3_02_1_1.p,intuitionistic,horn,1,,5,0,3,provable,proved,,ok,horn,IMELL,12930,129,2.808,1,0,1,0,0,0,2048,0.000,0.022,auto,30,0.213,1073741824,0,
lltp,petri-nets/MCC,,,CloudReconfiguration_reconf_3_03_100_1.p,intuitionistic,horn,1,,5,0,3,provable,proved,,ok,horn,IMELL,12928,129,8.977,36491,20067,16424,0,0,0,2048,10.000,0.038,auto,30,0.228,1073741824,0,
lltp,petri-nets/MCC,,,CloudReconfiguration_reconf_3_03_50_1.p,intuitionistic,horn,1,,5,0,3,provable,proved,,ok,horn,IMELL,12930,129,2.842,50,0,50,0,0,0,2048,0.000,0.037,auto,30,0.215,1073741824,0,
lltp,petri-nets/MCC,,,CloudReconfiguration_reconf_3_04_1_1.p,intuitionistic,horn,1,,5,0,3,provable,proved,,ok,horn,IMELL,12922,129,2.792,1,0,1,0,0,0,2048,0.000,0.028,auto,30,0.206,1073741824,0,
lltp,petri-nets/MCC,,,CloudReconfiguration_reconf_3_05_100_1.p,intuitionistic,horn,1,,5,0,3,provable,proved,,ok,horn,IMELL,12936,129,9.098,36528,20104,16424,0,0,0,2048,10.000,0.049,auto,30,0.244,1073741824,0,
lltp,petri-nets/MCC,,,CloudReconfiguration_reconf_3_05_50_1.p,intuitionistic,horn,1,,5,0,3,provable,proved,,ok,horn,IMELL,12938,129,2.948,50,0,50,0,0,0,2048,0.000,0.028,auto,30,0.234,1073741824,0,
lltp,petri-nets/MCC,,,CloudReconfiguration_reconf_3_06_1_1.p,intuitionistic,horn,1,,5,0,3,provable,proved,,ok,horn,IMELL,12922,129,2.862,1,0,1,0,0,0,2048,0.000,0.026,auto,30,0.213,1073741824,0,
lltp,petri-nets/MCC,,,CloudReconfiguration_reconf_3_07_100_1.p,intuitionistic,horn,1,,5,0,3,provable,proved,,ok,horn,IMELL,12928,129,9.231,36528,20104,16424,0,0,0,2048,10.000,0.050,auto,30,0.222,1073741824,0,
lltp,petri-nets/MCC,,,CloudReconfiguration_reconf_3_07_50_1.p,intuitionistic,horn,1,,5,0,3,provable,proved,,ok,horn,IMELL,12930,129,2.872,112,6,106,0,0,0,2048,0.000,0.032,auto,30,0.216,1073741824,0,
lltp,petri-nets/MCC,,,CloudReconfiguration_reconf_3_08_1_1.p,intuitionistic,horn,1,,5,0,3,provable,proved,,ok,horn,IMELL,12930,129,2.875,1,0,1,0,0,0,2048,0.000,0.034,auto,30,0.214,1073741824,0,
lltp,petri-nets/MCC,,,CloudReconfiguration_reconf_3_09_100_1.p,intuitionistic,horn,1,,5,0,3,provable,proved,,ok,horn,IMELL,12936,129,9.073,36528,20104,16424,0,0,0,2048,10.000,0.055,auto,30,0.229,1073741824,0,
lltp,petri-nets/MCC,,,CloudReconfiguration_reconf_3_09_50_1.p,intuitionistic,horn,1,,5,0,3,provable,proved,,ok,horn,IMELL,12938,129,2.833,50,0,50,0,0,0,2048,0.000,0.038,auto,30,0.225,1073741824,0,
lltp,petri-nets/MCC,,,CloudReconfiguration_reconf_3_10_1_1.p,intuitionistic,horn,1,,5,0,3,provable,proved,,ok,horn,IMELL,12930,129,2.949,1,0,1,0,0,0,2048,0.000,0.040,auto,30,0.201,1073741824,0,
lltp,petri-nets/MCC,,,CloudReconfiguration_reconf_3_11_100_1.p,intuitionistic,horn,1,,5,0,3,provable,proved,,ok,horn,IMELL,12936,129,9.115,36491,20067,16424,0,0,0,2048,10.000,0.038,auto,30,0.223,1073741824,0,
lltp,petri-nets/MCC,,,CloudReconfiguration_reconf_3_11_50_1.p,intuitionistic,horn,1,,5,0,3,provable,proved,,ok,horn,IMELL,12938,129,2.980,50,0,50,0,0,0,2048,0.000,0.057,auto,30,0.228,1073741824,0,
lltp,petri-nets/MCC,,,CloudReconfiguration_reconf_3_12_1_1.p,intuitionistic,horn,1,,5,0,3,provable,proved,,ok,horn,IMELL,12930,129,2.794,1,0,1,0,0,0,2048,0.000,0.025,auto,30,0.228,1073741824,0,
lltp,petri-nets/MCC,,,CloudReconfiguration_reconf_3_13_100_1.p,intuitionistic,horn,1,,5,0,3,provable,proved,,ok,horn,IMELL,12938,129,2.707,42,0,42,0,0,0,2048,0.000,0.025,auto,30,0.209,1073741824,0,
lltp,petri-nets/MCC,,,CloudReconfiguration_reconf_3_13_50_1.p,intuitionistic,horn,1,,5,0,3,provable,proved,,ok,horn,IMELL,12938,129,2.818,50,0,50,0,0,0,2048,0.000,0.028,auto,30,0.215,1073741824,0,
lltp,petri-nets/MCC,,,CloudReconfiguration_reconf_3_14_1_1.p,intuitionistic,horn,1,,5,0,3,provable,proved,,ok,horn,IMELL,12930,129,2.796,1,0,1,0,0,0,2048,0.000,0.029,auto,30,0.200,1073741824,0,
lltp,petri-nets/MCC,,,CloudReconfiguration_reconf_3_15_100_1.p,intuitionistic,horn,1,,5,0,3,provable,proved,,ok,horn,IMELL,12936,129,9.149,36528,20104,16424,0,0,0,2048,10.000,0.048,auto,30,0.211,1073741824,0,
lltp,petri-nets/MCC,,,CloudReconfiguration_reconf_3_15_50_1.p,intuitionistic,horn,1,,5,0,3,provable,proved,,ok,horn,IMELL,12938,129,2.816,112,6,106,0,0,0,2048,0.000,0.030,auto,30,0.220,1073741824,0,
lltp,petri-nets/MCC,,,CloudReconfiguration_reconf_3_16_1_1.p,intuitionistic,horn,1,,5,0,3,provable,proved,,ok,horn,IMELL,12930,129,2.822,1,0,1,0,0,0,2048,0.000,0.029,auto,30,0.219,1073741824,0,
lltp,petri-nets/MCC,,,CloudReconfiguration_reconf_3_17_100_1.p,intuitionistic,horn,1,,5,0,3,provable,proved,,ok,horn,IMELL,12970,129,2.791,97,4,93,0,0,0,2048,0.000,0.028,auto,30,0.218,1073741824,0,
lltp,petri-nets/MCC,,,CloudReconfiguration_reconf_3_17_50_1.p,intuitionistic,horn,1,,5,0,3,provable,proved,,ok,horn,IMELL,12970,129,2.821,50,0,50,0,0,0,2048,0.000,0.031,auto,30,0.233,1073741824,0,
lltp,petri-nets/MCC,,,CloudReconfiguration_reconf_3_18_1_1.p,intuitionistic,horn,1,,5,0,3,provable,proved,,ok,horn,IMELL,12962,129,2.836,1,0,1,0,0,0,2048,0.000,0.031,auto,30,0.201,1073741824,0,
lltp,petri-nets/MCC,,,CloudReconfiguration_reconf_3_19_100_1.p,intuitionistic,horn,1,,5,0,3,provable,proved,,ok,horn,IMELL,12968,129,9.179,36459,20035,16424,0,0,0,2048,10.000,0.042,auto,30,0.212,1073741824,0,
lltp,petri-nets/MCC,,,CloudReconfiguration_reconf_3_19_50_1.p,intuitionistic,horn,1,,5,0,3,provable,proved,,ok,horn,IMELL,12970,129,2.868,50,0,50,0,0,0,2048,0.000,0.030,auto,30,0.240,1073741824,0,
lltp,petri-nets/MCC,,,CloudReconfiguration_reconf_3_20_1_1.p,intuitionistic,horn,1,,5,0,3,provable,proved,,ok,horn,IMELL,12962,129,2.836,1,0,1,0,0,0,2048,0.000,0.035,auto,30,0.224,1073741824,0,
lltp,petri-nets/MCC,,,CloudReconfiguration_reconf_4_01_100_1.p,intuitionistic,horn,1,,5,0,3,provable,proved,,ok,horn,IMELL,17788,172,10.338,36730,20290,16440,0,0,0,2048,10.000,0.053,auto,30,0.341,1073741824,0,
lltp,petri-nets/MCC,,,CloudReconfiguration_reconf_4_01_50_1.p,intuitionistic,horn,1,,5,0,3,provable,proved,,ok,horn,IMELL,17792,172,4.440,50,0,50,0,0,0,2048,0.000,0.030,auto,30,0.331,1073741824,0,
lltp,petri-nets/MCC,,,CloudReconfiguration_reconf_4_02_1_1.p,intuitionistic,horn,1,,5,0,3,provable,proved,,ok,horn,IMELL,17782,172,4.426,1,0,1,0,0,0,2048,0.000,0.028,auto,30,0.308,1073741824,0,
lltp,petri-nets/MCC,,,DES_des_00_a_20_1.p,intuitionistic,horn,1,,5,0,3,provable,proved,,ok,horn,IMELL,832,7,0.235,31,5,26,0,0,0,2048,0.000,0.000,auto,30,0.036,1073741824,0,
lltp,petri-nets/MCC,,,DES_des_00_b_10_1.p,intuitionistic,horn,1,,5,0,3,provable,proved,,ok,horn,IMELL,1332,6,0.342,10,0,10,0,0,0,2048,0.000,0.000,auto,30,0.034,1073741824,0,
lltp,petri-nets/MCC,,,DES_des_00_b_5_1.p,intuitionistic,horn,1,,5,0,3,provable,proved,,ok,horn,IMELL,1326,6,0.333,5,0,5,0,0,0,2048,0.000,0.000,auto,30,0.031,1073741824,0,
lltp,petri-nets/MCC,,,DES_des_01_a_50_1.p,intuitionistic,horn,1,,5,0,3,provable,proved,,ok,horn,IMELL,844,6,1.378,2089,1159,930,0,0,0,2048,0.000,0.066,auto,30,0.042,1073741824,0,
lltp,petri-nets/MCC,,,DES_des_01_b_1_1.p,intuitionistic,horn,1,,5,0,3,provable,proved,,ok,horn,IMELL,1370,6,0.347,1,0,1,0,0,0,2048,0.000,0.000,auto,30,0.031,1073741824,0,
lltp,petri-nets/MCC,,,DES_des_02_a_10_1.p,intuitionistic,horn,1,,5,0,3,provable,proved,,ok,horn,IMELL,892,7,0.208,19,5,14,0,0,0,2048,0.000,0.000,auto,30,0.029,1073741824,0,
lltp,petri-nets/MCC,,,DES_des_02_a_5_1.p,intuitionistic,horn,1,,5,0,3,provable,proved,,ok,horn,IMELL,890,7,0.197,5,0,5,0,0,0,2048,0.000,0.000,auto,30,0.028,1073741824,0,
lltp,petri-nets/MCC,,,DES_des_02_b_20_1.p,intuitionistic,horn,1,,5,0,3,provable,proved,,ok,horn,IMELL,1440,6,0.381,20,0,20,0,0,0,2048,0.000,0.000,auto,30,0.039,1073741824,0,
lltp,petri-nets/MCC,,,DES_des_05_a_1_1.p,intuitionistic,horn,1,,5,0,3,provable,proved,,ok,horn,IMELL,1004,10,0.203,1,0,1,0,0,0,2048,0.000,0.000,auto,30,0.025,1073741824,0,
lltp,petri-nets/MCC,,,DES_des_05_b_100_1.p,intuitionistic,horn,1,,5,0,3,provable,proved,,ok,horn,IMELL,1582,6,55.707,127106,95820,31286,0,0,0,2048,50.000,0.209,auto,30,0.067,1073741824,0,
lltp,petri-nets/MCC,,,DES_des_05_b_50_1.p,intuitionistic,horn,1,,5,0,3,provable,proved,,ok,horn,IMELL,1570,6,1.650,2177,1212,965,0,0,0,2048,0.000,0.099,auto,30,0.054,1073741824,0,
lltp,petri-nets/MCC,,,DES_des_10_a_20_1.p,intuitionistic,horn,1,,5,0,3,provable,proved,,ok,horn,IMELL,1196,15,0.271,20,0,20,0,0,0,2048,0.000,0.000,auto,30,0.045,1073741824,0,
lltp,petri-nets/MCC,,,DES_des_10_b_10_1.p,intuitionistic,horn,1,,5,0,3,provable,proved,,ok,horn,IMELL,1672,10,0.396,10,0,10,0,0,0,2048,0.000,0.000,auto,30,0.036,1073741824,0,
lltp,petri-nets/MCC,,,DES_des_10_b_5_1.p,intuitionistic,horn,1,,5,0,3,provable,proved,,ok,horn,IMELL,1666,11,0.387,5,0,5,0,0,0,2048,0.000,0.000,auto,30,0.033,1073741824,0,
lltp,petri-nets/MCC,,,DES_des_20_a_20_1.p,intuitionistic,horn,1,,5,0,3,provable,proved,,ok,horn,IMELL,1578,25,0.322,28,2,26,0,0,0,2048,0.000,0.000,auto,30,0.044,1073741824,0,
lltp,petri-nets/MCC,,,DES_des_20_b_10_1.p,intuitionistic,horn,1,,5,0,3,provable,proved,,ok,horn,IMELL,1992,20,0.444,10,0,10,0,0,0,2048,0.000,0.000,auto,30,0.039,1073741824,0,
lltp,petri-nets/MCC,,,DES_des_20_b_5_1.p,intuitionistic,horn,1,,5,0,3,provable,proved,,ok,horn,IMELL,1986,21,0.544,5,0,5,0,0,0,2048,0.000,0.061,auto,30,0.037,1073741824,0,
lltp,petri-nets/MCC,,,DES_des_30_a_20_1.p,intuitionistic,horn,1,,5,0,3,provable,proved,,ok,horn,IMELL,1946,35,0.384,24,1,23,0,0,0,2048,0.000,0.000,auto,30,0.049,1073741824,0,
lltp,petri-nets/MCC,,,DES_des_30_b_10_1.p,intuitionistic,horn,1,,5,0,3,provable,proved,,ok,horn,IMELL,2304,30,0.487,10,0,10,0,0,0,2048,0.000,0.000,auto,30,0.043,1073741824,0,
lltp,petri-nets/MCC,,,DES_des_30_b_5_1.p,intuitionistic,horn,1,,5,0,3,provable,proved,,ok,horn,IMELL,2298,30,0.462,5,0,5,0,0,0,2048,0.000,0.000,auto,30,0.041,1073741824,0,
lltp,petri-nets/MCC,,,DES_des_40_a_20_1.p,intuitionistic,horn,1,,5,0,3,provable,proved,,ok,horn,IMELL,2326,45,0.474,141,67,74,0,0,0,2048,0.000,0.000,auto,30,0.055,1073741824,0,
lltp,petri-nets/MCC,,,DES_des_40_b_10_1.p,intuitionistic,horn,1,,5,0,3,provable,proved,,ok,horn,IMELL,2624,40,0.504,10,0,10,0,0,0,2048,0.000,0.000,auto,30,0.047,1073741824,0,
lltp,petri-nets/MCC,,,DES_des_40_b_5_1.p,intuitionistic,horn,1,,5,0,3,provable,proved,,ok,horn,IMELL,2618,40,0.494,5,0,5,0,0,0,2048,0.000,0.000,auto,30,0.042,1073741824,0,
lltp,petri-nets/MCC,,,DES_des_50_a_20_1.p,intuitionistic,horn,1,,5,0,3,provable,proved,,ok,horn,IMELL,2706,55,0.486,32,2,30,0,0,0,2048,0.000,0.000,auto,30,0.058,1073741824,0,
lltp,petri-nets/MCC,,,DES_des_50_b_10_1.p,intuitionistic,horn,1,,5,0,3,provable,proved,,ok,horn,IMELL,2948,51,0.560,10,0,10,0,0,0,2048,0.000,0.000,auto,30,0.048,1073741824,0,
lltp,petri-nets/MCC,,,DES_des_50_b_5_1.p,intuitionistic,horn,1,,5,0,3,provable,proved,,ok,horn,IMELL,2938,50,0.552,5,0,5,0,0,0,2048,0.000,0.000,auto,30,0.041,1073741824,0,
lltp,petri-nets/MCC,,,DES_des_60_a_20_1.p,intuitionistic,horn,1,,5,0,3,provable,proved,,ok,horn,IMELL,3082,65,1.555,1629,899,730,0,0,0,2048,0.000,0.064,auto,30,0.060,1073741824,0,
lltp,petri-nets/MCC,,,DES_des_60_b_10_1.p,intuitionistic,horn,1,,5,0,3,provable,proved,,ok,horn,IMELL,3264,60,0.630,10,0,10,0,0,0,2048,0.000,0.000,auto,30,0.054,1073741824,0,
lltp,petri-nets/MCC,,,DES_des_60_b_5_1.p,intuitionistic,horn,1,,5,0,3,provable,proved,,ok,horn,IMELL,3258,60,0.618,5,0,5,0,0,0,2048,0.000,0.000,auto,30,0.052,1073741824,0,
lltp,petri-nets/MCC,,,DLCround_dlcro_03_a_1_1.p,intuitionistic,horn,1,,5,0,3,provable,proved,,ok,horn,IMELL,4642,33,0.541,1,0,1,0,0,0,2048,0.000,0.000,auto,30,0.142,1073741824,0,
lltp,petri-nets/MCC,,,DLCround_dlcro_03_b_10_1.p,intuitionistic,horn,1,,5,0,3,provable,proved,,ok,horn,IMELL,9632,11,1.963,10,0,10,0,0,0,2048,0.000,0.021,auto,30,0.170,1073741824,0,
lltp,petri-nets/MCC,,,DLCround_dlcro_03_b_5_1.p,intuitionistic,horn,1,,5,0,3,provable,proved,,ok,horn,IMELL,9626,11,1.915,5,0,5,0,0,0,2048,0.000,0.000,auto,30,0.169,1073741824,0,
lltp,petri-nets/MCC,,,DLCround_dlcro_04_b_100_1.p,intuitionistic,horn,1,,5,0,3,provable,proved,,ok,horn,IMELL,12436,12,2.331,100,0,100,0,0,0,2048,0.000,0.028,auto,30,0.209,1073741824,0,
lltp,petri-nets/MCC,,,DLCround_dlcro_04_b_50_1.p,intuitionistic,horn,1,,5,0,3,provable,proved,,ok,horn,IMELL,12414,12,2.251,50,0,50,0,0,0,2048,0.000,0.033,auto,30,0.193,1073741824,0,
lltp,petri-nets/MCC,,,DLCround_dlcro_05_a_5_1.p,intuitionistic,horn,1,,5,0,3,provable,proved,,ok,horn,IMELL,8146,41,0.901,1,0,1,0,0,0,2048,0.000,0.000,auto,30,0.114,1073741824,0,
lltp,petri-nets/MCC,,,DLCround_dlcro_05_b_50_1.p,intuitionistic,horn,1,,5,0,3,provable,proved,,ok,horn,IMELL,15304,13,2.635,64,3,61,0,0,0,2048,0.000,0.029,auto,30,0.214,1073741824,0,
lltp,petri-nets/MCC,,,DLCround_dlcro_06_a_50_1.p,intuitionistic,horn,1,,5,0,3,provable,proved,,ok,horn,IMELL,10222,45,1.272,27,0,27,0,0,0,2048,0.000,0.041,auto,30,0.138,1073741824,0,
lltp,petri-nets/MCC,,,DLCround_dlcro_06_b_20_1.p,intuitionistic,horn,1,,5,0,3,provable,proved,,ok,horn,IMELL,18582,14,3.531,30,1,29,0,0,0,2048,0.000,0.317,auto,30,0.233,1073741824,0,
lltp,petri-nets/MCC,,,DLCround_dlcro_07_a_20_1.p,intuitionistic,horn,1,,5,0,3,provable,proved,,ok,horn,IMELL,12514,49,1.378,21,0,21,0,0,0,2048,0.000,0.028,auto,30,0.158,1073741824,0,
lltp,petri-nets/MCC,,,DLCround_dlcro_07_b_1_1.p,intuitionistic,horn,1,,5,0,3,provable,proved,,ok,horn,IMELL,22150,15,4.483,1,0,1,0,0,0,2048,0.000,0.038,auto,30,0.359,1073741824,0,
lltp,petri-nets/MCC,,,DLCround_dlcro_08_a_1_1.p,intuitionistic,horn,1,,5,0,3,provable,proved,,ok,horn,IMELL,15022,53,1.658,1,0,1,0,0,0,2048,0.000,0.000,auto,30,0.204,1073741824,0,
lltp,petri-nets/MCC,,,DLCround_dlcro_08_b_10_1.p,intuitionistic,horn,1,,5,0,3,provable,proved,,ok,horn,IMELL,26024,16,5.152,10,0,10,0,0,0,2048,0.000,0.028,auto,30,0.399,1073741824,0,
lltp,petri-nets/MCC,,,DLCround_dlcro_08_b_5_1.p,intuitionistic,horn,1,,5,0,3,provable,proved,,ok,horn,IMELL,26016,16,5.107,5,0,5,0,0,0,2048,0.000,0.035,auto,30,0.393,1073741824,0,
lltp,petri-nets/MCC,,,DLCround_dlcro_09_a_5_1.p,intuitionistic,horn,1,,5,0,3,provable,proved,,ok,horn,IMELL,17746,57,1.899,3,0,3,0,0,0,2048,0.000,0.031,auto,30,0.233,1073741824,0,
lltp,petri-nets/MCC,,,DLCround_dlcro_09_b_50_1.p,intuitionistic,horn,1,,5,0,3,provable,proved,,ok,horn,IMELL,30168,17,4.857,64,3,61,0,0,0,2048,0.000,0.033,auto,30,0.419,1073741824,0,
lltp,petri-nets/MCC,,,DLCround_dlcro_10_a_50_1.p,intuitionistic,horn,1,,5,0,3,provable,proved,,ok,horn,IMELL,20686,61,2.384,39,0,39,0,0,0,2048,0.000,0.024,auto,30,0.269,1073741824,0,
lltp,petri-nets/MCC,,,DLCround_dlcro_10_b_20_1.p,intuitionistic,horn,1,,5,0,3,provable,proved,,ok,horn,IMELL,34614,18,5.535,30,1,29,0,0,0,2048,0.000,0.037,auto,30,0.454,1073741824,0,
lltp,petri-nets/MCC,,,DLCround_dlcro_11_a_20_1.p,intuitionistic,horn,1,,5,0,3,provable,proved,,ok,horn,IMELL,23842,65,2.594,19,0,19,0,0,0,2048,0.000,0.032,auto,30,0.287,1073741824,0,
lltp,petri-nets/MCC,,,DLCround_dlcro_11_b_1_1.p,intuitionistic,horn,1,,5,0,3,provable,proved,,ok,horn,IMELL,39350,19,7.401,1,0,1,0,0,0,2048,10.000,0.083,auto,30,0.538,1073741824,0,
lltp,petri-nets/MCC,,,DLCround_dlcro_12_a_1_1.p,intuitionistic,horn,1,,5,0,3,provable,proved,,ok,horn,IMELL,27214,69,2.829,1,0,1,0,0,0,2048,0.000,0.026,auto,30,0.325,1073741824,0,
lltp,petri-nets/MCC,,,DLCround_dlcro_12_b_10_1.p,intuitionistic,horn,1,,5,0,3,provable,proved,,ok,horn,IMELL,44394,20,8.878,10,0,10,0,0,0,2048,10.000,0.032,auto,30,0.709,1073741824,0,
lltp,petri-nets/MCC,,,DLCround_dlcro_12_b_5_1.p,intuitionistic,horn,1,,5,0,3,provable,proved,,ok,horn,IMELL,44384,20,9.000,5,0,5,0,0,0,2048,10.000,0.047,auto,30,0.707,1073741824,0,
lltp,petri-nets/MCC,,,DLCround_dlcro_13_a_5_1.p,intuitionistic,horn,1,,5,0,3,provable,proved,,ok,horn,IMELL,30802,73,3.515,4,0,4,0,0,0,2048,0.000,0.037,auto,30,0.410,1073741824,0,
lltp,petri-nets/MCC,,,DLCround_dlcro_13_b_50_1.p,intuitionistic,horn,1,,5,0,3,provable,proved,,ok,horn,IMELL,49706,21,9.046,43,2,41,0,0,0,2048,10.000,0.047,auto,30,0.712,1073741824,0,
lltp,petri-nets/MCC,,,DLCshifumi_dlcsh_2_a_50_1.p,intuitionistic,horn,1,,5,0,3,provable,proved,,ok,horn,IMELL,6490,69,0.877,23,0,23,0,0,0,2048,0.000,0.072,auto,30,0.095,1073741824,0,
lltp,petri-nets/MCC,,,DLCshifumi_dlcsh_2_b_20_1.p,intuitionistic,horn,1,,5,0,3,provable,proved,,ok,horn,IMELL,15518,20,2.821,30,1,29,0,0,0,2048,0.000,0.040,auto,30,0.215,1073741824,0,
lltp,petri-nets/MCC,,,DLCshifumi_dlcsh_3_a_1_1.p,intuitionistic,horn,1,,5,0,3,provable,proved,,ok,horn,IMELL,23654,169,2.560,1,0,1,0,0,0,2048,0.000,0.028,auto,30,0.302,1073741824,0,
lltp,petri-nets/MCC,,,DLCshifumi_dlcsh_3_b_10_1.p,intuitionistic,horn,1,,5,0,3,provable,proved,,ok,horn,IMELL,49164,45,10.522,10,0,10,0,0,0,2048,10.000,0.049,auto,30,0.789,1073741824,0,
lltp,petri-nets/MCC,,,DLCshifumi_dlcsh_3_b_5_1.p,intuitionistic,horn,1,,5,0,3,provable,proved,,ok,horn,IMELL,49158,45,10.083,5,0,5,0,0,0,2048,10.000,0.041,auto,30,0.797,1073741824,0,
lltp,petri-nets/MCC,,,DLCshifumi_dlcsh_4_a_50_1.p,intuitionistic,horn,1,,5,0,3,provable,proved,,ok,horn,IMELL,58602,317,6.466,29,0,29,0,0,0,2048,10.000,0.043,auto,30,0.842,1073741824,0,
lltp,petri-nets/MCC,,,DLCshifumi_dlcsh_4_b_20_1.p,intuitionistic,horn,1,,5,0,3,provable,proved,,ok,horn,IMELL,112586,82,21.297,20,0,20,0,0,0,2048,20.000,0.056,auto,30,1.627,1073741824,0,
lltp,petri-nets/MCC,,,DLCshifumi_dlcsh_5_a_1_1.p,intuitionistic,horn,1,,5,0,3,provable,proved,,ok,horn,IMELL,117670,513,13.594,1,0,1,0,0,0,2048,10.000,0.051,auto,30,1.709,1073741824,0,
lltp,petri-nets/MCC,,,DLCshifumi_dlcsh_5_b_10_1.p,intuitionistic,horn,1,,5,0,3,provable,proved,,ok,horn,IMELL,214862,131,51.794,10,0,10,0,0,0,2048,50.000,0.106,auto,30,3.474,1073741824,0,
lltp,petri-nets/MCC,,,DLCshifumi_dlcsh_5_b_5_1.p,intuitionistic,horn,1,,5,0,3,provable,proved,,ok,horn,IMELL,214862,131,50.735,5,0,5,0,0,0,2048,40.000,0.099,auto,30,3.623,1073741824,0,
lltp,petri-nets/MCC,,,DLCshifumi_dlcsh_6_a_50_1.p,intuitionistic,horn,1,,5,0,3,provable,proved,,ok,horn,IMELL,207194,757,24.617,25,0,25,0,0,0,2048,30.000,0.069,auto,30,2.709,1073741824,0,
lltp,petri-nets/MCC,,,DLCshifumi_dlcsh_6_b_20_1.p,intuitionistic,horn,1,,5,0,3,provable,proved,,ok,horn,IMELL,365070,192,82.821,30,1,29,0,0,0,2048,80.000,0.152,auto,30,5.757,1073741824,0,
lltp,petri-nets/MCC,,,DNAwalker_dnawalk-01_10_1.p,intuitionistic,horn,1,,5,0,3,provable,proved,,ok,horn,IMELL,840,29,0.179,11,0,11,0,0,0,2048,0.000,0.000,auto,30,0.019,1073741824,0,
lltp,petri-nets/MCC,,,DNAwalker_dnawalk-01_5_1.p,intuitionistic,horn,1,,5,0,3,provable,proved,,ok,horn,IMELL,844,31,0.174,17,0,17,0,0,0,2048,0.000,0.000,auto,30,0.017,1073741824,0,
lltp,petri-nets/MCC,,,DNAwalker_dnawalk-02_20_1.p,intuitionistic,horn,1,,5,0,3,provable,proved,,ok,horn,IMELL,848,29,0.226,166,57,109,0,0,0,2048,0.000,0.000,auto,30,0.018,1073741824,0,
lltp,petri-nets/MCC,,,DNAwalker_dnawalk-03_10_1.p,intuitionistic,horn,1,,5,0,3,provable,proved,,ok,horn,IMELL,848,29,0.195,61,20,41,0,0,0,2048,0.000,0.000,auto,30,0.019,1073741824,0,
lltp,petri-nets/MCC,,,DNAwalker_dnawalk-03_5_1.p,intuitionistic,horn,1,,5,0,3,provable,proved,,ok,horn,IMELL,854,30,0.168,8,0,8,0,0,0,2048,0.000,0.000,auto,30,0.018,1073741824,0,
lltp,petri-nets/MCC,,,DNAwalker_dnawalk-05_1_1.p,intuitionistic,horn,1,,5,0,3,provable,proved,,ok,horn,IMELL,2534,37,0.305,1,0,1,0,0,0,2048,0.000,0.000,auto,30,0.036,1073741824,0,
lltp,petri-nets/MCC,,,DNAwalker_dnawalk-06_20_1.p,intuitionistic,horn,1,,5,0,3,provable,proved,,ok,horn,IMELL,2516,36,0.502,150,45,105,0,0,0,2048,0.000,0.000,auto,30,0.073,1073741824,0,
lltp,petri-nets/MCC,,,DNAwalker_dnawalk-07_5_1.p,intuitionistic,horn,1,,5,0,3,provable,proved,,ok,horn,IMELL,2530,37,65.961,90931,54358,36573,0,0,0,2048,60.000,0.446,auto,30,0.043,1073741824,0,
lltp,petri-nets/MCC,,,DNAwalker_dnawalk-09_1_1.p,intuitionistic,horn,1,,5,0,3,provable,proved,,ok,horn,IMELL,2608,59,0.321,1,0,1,0,0,0,2048,0.000,0.000,auto,30,0.034,1073741824,0,
lltp,petri-nets/MCC,,,DNAwalker_dnawalk-10_5_1.p,intuitionistic,horn,1,,5,0,3,provable,proved,,ok,horn,IMELL,2606,59,0.532,206,110,96,0,0,0,2048,0.000,0.000,auto,30,0.036,1073741824,0,
lltp,petri-nets/MCC,,,DNAwalker_dnawalk-12_20_1.p,intuitionistic,horn,1,,5,0,3,provable,proved,,ok,horn,IMELL,3132,70,0.618,200,60,140,0,0,0,2048,0.000,0.000,auto,30,0.045,1073741824,0,
lltp,petri-nets/MCC,,,DNAwalker_dnawalk-13_5_1.p,intuitionistic,horn,1,,5,0,3,provable,proved,,ok,horn,IMELL,3148,70,103.700,119480,69416,50064,0,0,0,2048,100.000,0.232,auto,30,0.044,1073741824,0,
lltp,petri-nets/MCC,,,DNAwalker_dnawalk-15_1_1.p,intuitionistic,horn,1,,5,0,3,provable,proved,,ok,horn,IMELL,3152,70,0.365,1,0,1,0,0,0,2048,0.000,0.000,auto,30,0.041,1073741824,0,
lltp,petri-nets/MCC,,,DNAwalker_dnawalk-16_20_1.p,intuitionistic,horn,1,,5,0,3,provable,proved,,ok,horn,IMELL,4878,78,1.401,594,225,369,0,0,0,2048,0.000,0.067,auto,30,0.069,1073741824,0,
lltp,petri-nets/MCC,,,DNAwalker_dnawalk-17_5_1.p,intuitionistic,horn,1,,5,0,3,provable,proved,,ok,horn,IMELL,4904,79,0.550,5,0,5,0,0,0,2048,0.000,0.000,auto,30,0.063,1073741824,0,
lltp,petri-nets/MCC,,,DNAwalker_dnawalk-18_5_1.p,intuitionistic,horn,1,,5,0,3,provable,proved,,ok,horn,IMELL,36592,168,66.501,12690,6048,6642,0,0,0,2048,60.000,0.120,auto,30,0.407,1073741824,0,
lltp,petri-nets/MCC,,,DatabaseWithMutex_database10UNFOLD_1_1.p,intuitionistic,horn,1,,5,0,3,provable,proved,,ok,horn,IMELL,7718,11,1.267,1,0,1,0,0,0,2048,0.000,0.000,auto,30,0.096,1073741824,0,
lltp,petri-nets/MCC,,,DatabaseWithMutex_database20UNFOLD_100_1.p,intuitionistic,horn,1,,5,0,3,provable,proved,,ok,horn,IMELL,46636,21,6.690,27,0,27,0,0,0,2048,10.000,0.026,auto,30,0.412,1073741824,0,
lltp,petri-nets/MCC,,,DatabaseWithMutex_database20UNFOLD_5_1.p,intuitionistic,horn,1,,5,0,3,provable,proved,,ok,horn,IMELL,46672,21,6.736,8,0,8,0,0,0,2048,10.000,0.044,auto,30,0.407,1073741824,0,
lltp,petri-nets/MCC,,,DatabaseWithMutex_database2UNFOLD_20_1.p,intuitionistic,horn,1,,5,0,3,provable,proved,,ok,horn,IMELL,198,3,0.097,4,0,4,0,0,0,2048,0.000,0.000,auto,30,0.009,1073741824,0,
lltp,petri-nets/MCC,,,DatabaseWithMutex_database40UNFOLD_1_1.p,intuitionistic,horn,1,,5,0,3,provable,proved,,ok,horn,IMELL,314078,41,39.019,1,0,1,0,0,0,2048,30.000,0.084,auto,30,1.953,1073741824,0,
lltp,petri-nets/MCC,,,DatabaseWithMutex_database4UNFOLD_100_1.p,intuitionistic,horn,1,,5,0,3,provable,proved,,ok,horn,IMELL,876,5,0.248,4,0,4,0,0,0,2048,0.000,0.000,auto,30,0.024,1073741824,0,
lltp,petri-nets/MCC,,,DatabaseWithMutex_database4UNFOLD_50_1.p,intuitionistic,horn,1,,5,0,3,provable,proved,,ok,horn,IMELL,882,5,0.250,47,6,41,0,0,0,2048,0.000,0.000,auto,30,0.026,1073741824,0,
lltp,petri-nets/MCC,,,Dekker_dekker-100_20_1.p,intuitionistic,horn,1,,5,0,3,provable,proved,,ok,horn,IMELL,161198,200,15.646,20,0,20,0,0,0,2048,20.000,0.097,auto,30,1.214,1073741824,0,
lltp,petri-nets/MCC,,,Dekker_dekker-10_10_1.p,intuitionistic,horn,1,,5,0,3,provable,proved,,ok,horn,IMELL,1718,20,0.279,2,0,2,0,0,0,2048,0.000,0.000,auto,30,0.026,1073741824,0,
lltp,petri-nets/MCC,,,Dekker_dekker-10_5_1.p,intuitionistic,horn,1,,5,0,3,provable,proved,,ok,horn,IMELL,1718,20,0.263,3,0,3,0,0,0,2048,0.000,0.000,auto,30,0.026,1073741824,0,
lltp,petri-nets/MCC,,,Dekker_dekker-15_20_1.p,intuitionistic,horn,1,,5,0,3,provable,proved,,ok,horn,IMELL,3778,30,0.443,10,0,10,0,0,0,2048,0.000,0.000,auto,30,0.045,1073741824,0,
lltp,petri-nets/MCC,,,Dekker_dekker-200_1_1.p,intuitionistic,horn,1,,5,0,3,provable,proved,,ok,horn,IMELL,642398,400,72.268,1,0,1,0,0,0,2048,60.000,0.197,auto,30,4.759,1073741824,0,
lltp,petri-nets/MCC,,,Dekker_dekker-20_100_1.p,intuitionistic,horn,1,,5,0,3,provable,proved,,ok,horn,IMELL,6638,40,0.853,18,0,18,0,0,0,2048,0.000,0.085,auto,30,0.067,1073741824,0,
lltp,petri-nets/MCC,,,Dekker_dekker-20_5_1.p,intuitionistic,horn,1,,5,0,3,provable,proved,,ok,horn,IMELL,6638,40,0.701,5,0,5,0,0,0,2048,0.000,0.000,auto,30,0.064,1073741824,0,
lltp,petri-nets/MCC,,,Dekker_dekker-50_50_1.p,intuitionistic,horn,1,,5,0,3,provable,proved,,ok,horn,IMELL,40598,100,5.289,50,0,50,0,0,0,2048,0.000,0.036,auto,30,0.325,1073741824,0,
lltp,petri-nets/MCC,,,Diffusion2D_2D8_gradient_10x10_10_1_1.p,intuitionistic,horn,1,,5,0,3,provable,proved,,ok,horn,IMELL,2774,18,0.540,1,0,1,0,0,0,2048,0.000,0.000,auto,30,0.051,1073741824,0,
lltp,petri-nets/MCC,,,Diffusion2D_2D8_gradient_10x10_150_20_1.p,intuitionistic,horn,1,,5,0,3,provable,proved,,ok,horn,IMELL,3334,158,0.541,5,0,5,0,0,0,2048,0.000,0.000,auto,30,0.084,1073741824,0,
lltp,petri-nets/MCC,,,Diffusion2D_2D8_gradient_10x10_200_5_1.p,intuitionistic,horn,1,,5,0,3,provable,proved,,ok,horn,IMELL,3534,208,0.560,1,0,1,0,0,0,2048,0.000,0.000,auto,30,0.098,1073741824,0,
lltp,petri-nets/MCC,,,Diffusion2D_2D8_gradient_20x20_100_1_1.p,intuitionistic,horn,1,,5,0,3,provable,proved,,ok,horn,IMELL,12254,108,2.464,1,0,1,0,0,0,2048,0.000,0.038,auto,30,0.206,1073741824,0,
lltp,petri-nets/MCC,,,Diffusion2D_2D8_gradient_20x20_10_20_1.p,intuitionistic,horn,1,,5,0,3,provable,proved,,ok,horn,IMELL,11894,18,2.293,1,0,1,0,0,0,2048,0.000,0.024,auto,30,0.185,1073741824,0,
lltp,petri-nets/MCC,,,Diffusion2D_2D8_gradient_20x20_150_5_1.p,intuitionistic,horn,1,,5,0,3,provable,proved,,ok,horn,IMELL,12454,158,2.412,5,0,5,0,0,0,2048,0.000,0.052,auto,30,0.227,1073741824,0,
lltp,petri-nets/MCC,,,Diffusion2D_2D8_gradient_30x30_100_1_1.p,intuitionistic,horn,1,,5,0,3,provable,proved,,ok,horn,IMELL,27774,108,5.433,1,0,1,0,0,0,2048,0.000,0.042,auto,30,0.451,1073741824,0,
lltp,petri-nets/MCC,,,Diffusion2D_2D8_gradient_30x30_10_20_1.p,intuitionistic,horn,1,,5,0,3,provable,proved,,ok,horn,IMELL,27414,18,5.033,6,0,6,0,0,0,2048,0.000,0.028,auto,30,0.431,1073741824,0,
lltp,petri-nets/MCC,,,Diffusion2D_2D8_gradient_30x30_150_5_1.p,intuitionistic,horn,1,,5,0,3,provable,proved,,ok,horn,IMELL,27974,158,5.202,5,0,5,0,0,0,2048,10.000,0.029,auto,30,0.460,1073741824,0,
lltp,petri-nets/MCC,,,Diffusion2D_2D8_gradient_40x40_100_1_1.p,intuitionistic,horn,1,,5,0,3,provable,proved,,ok,horn,IMELL,49694,108,10.273,1,0,1,0,0,0,2048,10.000,0.045,auto,30,0.779,1073741824,0,
lltp,petri-nets/MCC,,,Diffusion2D_2D8_gradient_40x40_10_20_1.p,intuitionistic,horn,1,,5,0,3,provable,proved,,ok,horn,IMELL,49334,18,9.969,11,0,11,0,0,0,2048,10.000,0.054,auto,30,0.776,1073741824,0,
lltp,petri-nets/MCC,,,Diffusion2D_2D8_gradient_40x40_150_5_1.p,intuitionistic,horn,1,,5,0,3,provable,proved,,ok,horn,IMELL,49894,158,10.429,5,0,5,0,0,0,2048,10.000,0.045,auto,30,0.834,1073741824,0,
lltp,petri-nets/MCC,,,Diffusion2D_2D8_gradient_50x50_100_1_1.p,intuitionistic,horn,1,,5,0,3,provable,proved,,ok,horn,IMELL,78014,108,18.434,1,0,1,0,0,0,2048,20.000,0.049,auto,30,1.355,1073741824,0,
lltp,petri-nets/MCC,,,Diffusion2D_2D8_gradient_50x50_10_20_1.p,intuitionistic,horn,1,,5,0,3,provable,proved,,ok,horn,IMELL,77654,18,17.569,16,0,16,0,0,0,2048,10.000,0.078,auto,30,1.437,1073741824,0,
lltp,petri-nets/MCC,,,Diffusion2D_2D8_gradient_50x50_150_5_1.p,intuitionistic,horn,1,,5,0,3,provable,proved,,ok,horn,IMELL,78214,158,18.488,3,0,3,0,0,0,2048,10.000,0.062,auto,30,1.388,1073741824,0,
lltp,petri-nets/MCC,,,Diffusion2D_2D8_gradient_5x5_100_10_1.p,intuitionistic,horn,1,,5,0,3,provable,proved,,ok,horn,IMELL,974,108,0.203,10,0,10,0,0,0,2048,0.000,0.000,auto,30,0.042,1073741824,0,
lltp,petri-nets/MCC,,,Diffusion2D_2D8_gradient_5x5_10_10_1.p,intuitionistic,horn,1,,5,0,3,provable,proved,,ok,horn,IMELL,614,18,0.197,10,0,10,0,0,0,2048,0.000,0.000,auto,30,0.019,1073741824,0,
lltp,petri-nets/MCC,,,Diffusion2D_2D8_gradient_5x5_150_10_1.p,intuitionistic,horn,1,,5,0,3,provable,proved,,ok,horn,IMELL,1174,158,0.210,10,0,10,0,0,0,2048,0.000,0.000,auto,30,0.049,1073741824,0,
lltp,petri-nets/MCC,,,Diffusion2D_2D8_gradient_5x5_200_10_1.p,intuitionistic,horn,1,,5,0,3,provable,proved,,ok,horn,IMELL,1374,208,0.214,10,0,10,0,0,0,2048,0.000,0.000,auto,30,0.067,1073741824,0,
lltp,petri-nets/MCC,,,Diffusion2D_2D8_gradient_5x5_250_10_1.p,intuitionistic,horn,1,,5,0,3,provable,proved,,ok,horn,IMELL,1574,258,0.221,10,0,10,0,0,0,2048,0.000,0.000,auto,30,0.072,1073741824,0,
lltp,petri-nets/MCC,,,Diffusion2D_2D8_gradient_5x5_300_10_1.p,intuitionistic,horn,1,,5,0,3,provable,proved,,ok,horn,IMELL,1774,308,0.227,10,0,10,0,0,0,2048,0.000,0.000,auto,30,0.082,1073741824,0,
lltp,petri-nets/MCC,,,Diffusion2D_2D8_gradient_5x5_350_10_1.p,intuitionistic,horn,1,,5,0,3,provable,proved,,ok,horn,IMELL,1974,358,0.226,10,0,10,0,0,0,2048,0.000,0.000,auto,30,0.093,1073741824,0,
lltp,petri-nets/MCC,,,Diffusion2D_2D8_gradient_5x5_50_10_1.p,intuitionistic,horn,1,,5,0,3,provable,proved,,ok,horn,IMELL,774,58,0.182,10,0,10,0,0,0,2048,0.000,0.000,auto,30,0.029,1073741824,0,
lltp,petri-nets/MCC,,,DrinkVendingMachine_distributeur-01-unfolded-02_20_1.p,intuitionistic,horn,1,,5,0,3,provable,proved,,ok,horn,IMELL,1118,69,0.178,5,0,5,0,0,0,2048,0.000,0.000,auto,30,0.023,1073741824,0,
lltp,petri-nets/MCC,,,DrinkVendingMachine_distributeur-01-unfolded-10_1_1.p,intuitionistic,horn,1,,5,0,3,provable,proved,,ok,horn,IMELL,2173278,32101,245.723,1,0,1,0,0,0,2048,250.000,0.405,auto,30,15.435,1073741824,0,
lltp,petri-nets/MCC,,,ERK_erk-000001_10_1.p,intuitionistic,horn,1,,5,0,3,provable,proved,,ok,horn,IMELL,86,3,0.070,0,0,0,0,0,0,2048,0.000,0.000,auto,30,0.007,1073741824,0,
lltp,petri-nets/MCC,,,ERK_erk-000001_5_1.p,intuitionistic,horn,1,,5,0,3,provable,proved,,ok,horn,IMELL,84,3,0.054,1,0,1,0,0,0,2048,0.000,0.000,auto,30,0.005,1073741824,0,
lltp,petri-nets/MCC,,,ERK_erk-000010_20_1.p,intuitionistic,horn,1,,5,0,3,provable,proved,,ok,horn,IMELL,246,12,0.085,10,0,10,0,0,0,2048,0.000,0.000,auto,30,0.021,1073741824,0,
lltp,petri-nets/MCC,,,ERK_erk-000100_10_1.p,intuitionistic,horn,1,,5,0,3,provable,proved,,ok,horn,IMELL,2046,102,0.166,10,0,10,0,0,0,2048,0.000,0.000,auto,30,0.125,1073741824,0,
lltp,petri-nets/MCC,,,ERK_erk-000100_5_1.p,intuitionistic,horn,1,,5,0,3,provable,proved,,ok,horn,IMELL,2056,102,0.149,5,0,5,0,0,0,2048,0.000,0.000,auto,30,0.122,1073741824,0,
lltp,petri-nets/MCC,,,ERK_erk-001000_20_1.p,intuitionistic,horn,1,,5,0,3,provable,proved,,ok,horn,IMELL,20026,1002,1.022,20,0,20,0,0,0,2048,0.000,0.000,auto,30,1.240,1073741824,0,
lltp,petri-nets/MCC,,,Echo_echo-d2r11_100_1.p,intuitionistic,horn,1,,5,0,3,provable,proved,,ok,horn,IMELL,10694,5,120.649,40402,23785,16617,0,0,0,2048,110.000,0.195,auto,30,0.191,1073741824,0,
lltp,petri-nets/MCC,,,Echo_echo-d2r11_5_1.p,intuitionistic,horn,1,,5,0,3,provable,proved,,ok,horn,IMELL,10498,5,1.431,5,0,5,0,0,0,2048,0.000,0.000,auto,30,0.132,1073741824,0,
lltp,petri-nets/MCC,,,Echo_echo-d2r15_50_1.p,intuitionistic,horn,1,,5,0,3,provable,proved,,ok,horn,IMELL,20490,5,2.802,50,0,50,0,0,0,2048,0.000,0.034,auto,30,0.268,1073741824,0,
lltp,petri-nets/MCC,,,Echo_echo-d2r19_20_1.p,intuitionistic,horn,1,,5,0,3,provable,proved,,ok,horn,IMELL,33404,5,4.338,20,0,20,0,0,0,2048,0.000,0.036,auto,30,0.387,1073741824,0,
lltp,petri-nets/MCC,,,Echo_echo-d2r9_10_1.p,intuitionistic,horn,1,,5,0,3,provable,proved,,ok,horn,IMELL,6806,5,1.105,10,0,10,0,0,0,2048,0.000,0.066,auto,30,0.101,1073741824,0,
lltp,petri-nets/MCC,,,Echo_echo-d2r9_5_1.p,intuitionistic,horn,1,,5,0,3,provable,proved,,ok,horn,IMELL,6786,5,1.034,5,0,5,0,0,0,2048,0.000,0.064,auto,30,0.096,1073741824,0,
lltp,petri-nets/MCC,,,Echo_echo-d3r3_50_1.p,intuitionistic,horn,1,,5,0,3,provable,proved,,ok,horn,IMELL,2640,6,4.328,3308,1841,1467,0,0,0,2048,0.000,0.083,auto,30,0.071,1073741824,0,
lltp,petri-nets/MCC,,,Echo_echo-d3r5_20_1.p,intuitionistic,horn,1,,5,0,3,provable,proved,,ok,horn,IMELL,17164,7,2.531,20,0,20,0,0,0,2048,0.000,0.034,auto,30,0.189,1073741824,0,
lltp,petri-nets/MCC,,,Echo_echo-d3r7_1_1.p,intuitionistic,horn,1,,5,0,3,provable,proved,,ok,horn,IMELL,52462,7,7.600,1,0,1,0,0,0,2048,10.000,0.041,auto,30,0.506,1073741824,0,
lltp,petri-nets/MCC,,,Echo_echo-d4r3_100_1.p,intuitionistic,horn,1,,5,0,3,provable,proved,,ok,horn,IMELL,13350,8,125.934,48127,31515,16612,0,0,0,2048,120.000,0.172,auto,30,0.246,1073741824,0,
lltp,petri-nets/MCC,,,Echo_echo-d4r3_5_1.p,intuitionistic,horn,1,,5,0,3,provable,proved,,ok,horn,IMELL,13048,8,1.872,5,0,5,0,0,0,2048,0.000,0.000,auto,30,0.138,1073741824,0,
lltp,petri-nets/MCC,,,Echo_echo-d5r3_50_1.p,intuitionistic,horn,1,,5,0,3,provable,proved,,ok,horn,IMELL,58336,10,323.890,26363,9929,16434,0,0,0,2048,320.000,0.605,auto,30,0.563,1073741824,0,
lltp,petri-nets/MCC,,,EnergyBus_20_1.p,intuitionistic,horn,1,,5,0,3,provable,proved,,ok,horn,IMELL,126820,4188,9.362,10,0,10,0,0,0,2048,10.000,0.032,auto,30,0.662,1073741824,0,
lltp,petri-nets/MCC,,,Eratosthenes_eratosthenes-020_10_1.p,intuitionistic,horn,1,,5,0,3,provable,proved,,ok,horn,IMELL,216,10,0.106,10,0,10,0,0,0,2048,0.000,0.000,auto,30,0.013,1073741824,0,
lltp,petri-nets/MCC,,,Eratosthenes_eratosthenes-050_1_1.p,intuitionistic,horn,1,,5,0,3,provable,proved,,ok,horn,IMELL,840,25,0.168,1,0,1,0,0,0,2048,0.000,0.000,auto,30,0.026,1073741824,0,
lltp,petri-nets/MCC,,,Eratosthenes_eratosthenes-100_100_1.p,intuitionistic,horn,1,,5,0,3,provable,proved,,ok,horn,IMELL,1944,50,0.721,74,0,74,0,0,0,2048,0.000,0.000,auto,30,0.064,1073741824,0,
lltp,petri-nets/MCC,,,Eratosthenes_eratosthenes-100_5_1.p,intuitionistic,horn,1,,5,0,3,provable,proved,,ok,horn,IMELL,2082,50,0.347,5,0,5,0,0,0,2048,0.000,0.000,auto,30,0.053,1073741824,0,
lltp,petri-nets/MCC,,,Eratosthenes_eratosthenes-200_50_1.p,intuitionistic,horn,1,,5,0,3,provable,proved,,ok,horn,IMELL,4888,100,1.646,50,0,50,0,0,0,2048,0.000,0.073,auto,30,0.117,1073741824,0,
lltp,petri-nets/MCC,,,Eratosthenes_eratosthenes-500_20_1.p,intuitionistic,horn,1,,5,0,3,provable,proved,,ok,horn,IMELL,15100,250,3.562,20,0,20,0,0,0,2048,0.000,0.050,auto,30,0.285,1073741824,0,
lltp,petri-nets/MCC,,,FMS-100_10_1.p,intuitionistic,horn,1,,5,0,3,provable,proved,,ok,horn,IMELL,1322,102,0.151,10,0,10,0,0,0,2048,0.000,0.000,auto,30,0.082,1073741824,0,
lltp,petri-nets/MCC,,,FMS-100_5_1.p,intuitionistic,horn,1,,5,0,3,provable,proved,,ok,horn,IMELL,1322,102,0.138,5,0,5,0,0,0,2048,0.000,0.000,auto,30,0.078,1073741824,0,
lltp,petri-nets/MCC,,,FMS-10_50_1.p,intuitionistic,horn,1,,5,0,3,provable,proved,,ok,horn,IMELL,242,12,0.109,45,0,45,0,0,0,2048,0.000,0.000,auto,30,0.023,1073741824,0,
lltp,petri-nets/MCC,,,FMS-200_1_1.p,intuitionistic,horn,1,,5,0,3,provable,proved,,ok,horn,IMELL,2522,202,0.180,1,0,1,0,0,0,2048,0.000,0.000,auto,30,0.145,1073741824,0,
lltp,petri-nets/MCC,,,FMS-20_100_1.p,intuitionistic,horn,1,,5,0,3,provable,proved,,ok,horn,IMELL,362,22,0.140,90,0,90,0,0,0,2048,0.000,0.000,auto,30,0.037,1073741824,0,
lltp,petri-nets/MCC,,,FMS-20_50_1.p,intuitionistic,horn,1,,5,0,3,provable,proved,,ok,horn,IMELL,358,22,0.131,50,0,50,0,0,0,2048,0.000,0.000,auto,30,0.034,1073741824,0,
lltp,petri-nets/MCC,,,FMS-2_1_1.p,intuitionistic,horn,1,,5,0,3,provable,proved,,ok,horn,IMELL,146,4,0.075,1,0,1,0,0,0,2048,0.000,0.000,auto,30,0.009,1073741824,0,
lltp,petri-nets/MCC,,,FMS-500_100_1.p,intuitionistic,horn,1,,5,0,3,provable,proved,,ok,horn,IMELL,6116,502,0.415,100,0,100,0,0,0,2048,0.000,0.000,auto,30,0.589,1073741824,0,
lltp,petri-nets/MCC,,,FMS-500_50_1.p,intuitionistic,horn,1,,5,0,3,provable,proved,,ok,horn,IMELL,6116,502,0.379,50,0,50,0,0,0,2048,0.000,0.000,auto,30,0.389,1073741824,0,
lltp,petri-nets/MCC,,,FMS-50_1_1.p,intuitionistic,horn,1,,5,0,3,provable,proved,,ok,horn,IMELL,722,52,0.112,1,0,1,0,0,0,2048,0.000,0.000,auto,30,0.044,1073741824,0,
lltp,petri-nets/MCC,,,FMS-5_10_1.p,intuitionistic,horn,1,,5,0,3,provable,proved,,ok,horn,IMELL,182,7,0.086,10,0,10,0,0,0,2048,0.000,0.000,auto,30,0.013,1073741824,0,
lltp,petri-nets/MCC,,,FlexibleBarrier_flexbar_04_a_10_1.p,intuitionistic,horn,1,,5,0,3,provable,proved,,ok,horn,IMELL,630,27,0.169,6,0,6,0,0,0,2048,0.000,0.000,auto,30,0.016,1073741824,0,
lltp,petri-nets/MCC,,,FlexibleBarrier_flexbar_04_a_5_1.p,intuitionistic,horn,1,,5,0,3,provable,proved,,ok,horn,IMELL,630,27,0.164,4,0,4,0,0,0,2048,0.000,0.000,auto,30,0.014,1073741824,0,
lltp,petri-nets/MCC,,,FlexibleBarrier_flexbar_04_b_50_1.p,intuitionistic,horn,1,,5,0,3,provable,proved,,ok,horn,IMELL,1498,17,0.362,57,1,56,0,0,0,2048,0.000,0.000,auto,30,0.036,1073741824,0,
lltp,petri-nets/MCC,,,FlexibleBarrier_flexbar_06_a_20_1.p,intuitionistic,horn,1,,5,0,3,provable,proved,,ok,horn,IMELL,1214,63,0.233,8,0,8,0,0,0,2048,0.000,0.000,auto,30,0.023,1073741824,0,
lltp,petri-nets/MCC,,,FlexibleBarrier_flexbar_06_b_1_1.p,intuitionistic,horn,1,,5,0,3,provable,proved,,ok,horn,IMELL,3070,37,0.648,1,0,1,0,0,0,2048,0.000,0.000,auto,30,0.055,1073741824,0,
lltp,petri-nets/MCC,,,FlexibleBarrier_flexbar_08_a_10_1.p,intuitionistic,horn,1,,5,0,3,provable,proved,,ok,horn,IMELL,1990,115,0.323,4,0,4,0,0,0,2048,0.000,0.000,auto,30,0.032,1073741824,0,
lltp,petri-nets/MCC,,,FlexibleBarrier_flexbar_08_b_10_1.p,intuitionistic,horn,1,,5,0,3,provable,proved,,ok,horn,IMELL,5264,65,1.184,10,0,10,0,0,0,2048,0.000,0.063,auto,30,0.096,1073741824,0,
lltp,petri-nets/MCC,,,FlexibleBarrier_flexbar_08_b_5_1.p,intuitionistic,horn,1,,5,0,3,provable,proved,,ok,horn,IMELL,5260,65,1.113,5,0,5,0,0,0,2048,0.000,0.000,auto,30,0.089,1073741824,0,
lltp,petri-nets/MCC,,,FlexibleBarrier_flexbar_10_a_5_1.p,intuitionistic,horn,1,,5,0,3,provable,proved,,ok,horn,IMELL,2958,183,0.426,3,0,3,0,0,0,2048,0.000,0.000,auto,30,0.040,1073741824,0,
lltp,petri-nets/MCC,,,FlexibleBarrier_flexbar_10_b_20_1.p,intuitionistic,horn,1,,5,0,3,provable,proved,,ok,horn,IMELL,8066,101,1.543,165,6,159,0,0,0,2048,0.000,0.000,auto,30,0.125,1073741824,0,
lltp,petri-nets/MCC,,,FlexibleBarrier_flexbar_12_a_1_1.p,intuitionistic,horn,1,,5,0,3,provable,proved,,ok,horn,IMELL,4118,267,0.527,1,0,1,0,0,0,2048,0.000,0.000,auto,30,0.056,1073741824,0,
lltp,petri-nets/MCC,,,FlexibleBarrier_flexbar_12_b_10_1.p,intuitionistic,horn,1,,5,0,3,provable,proved,,ok,horn,IMELL,11464,145,2.649,10,0,10,0,0,0,2048,0.000,0.034,auto,30,0.190,1073741824,0,
lltp,petri-nets/MCC,,,FlexibleBarrier_flexbar_12_b_5_1.p,intuitionistic,horn,1,,5,0,3,provable,proved,,ok,horn,IMELL,11462,145,2.453,5,0,5,0,0,0,2048,0.000,0.040,auto,30,0.183,1073741824,0,
lltp,petri-nets/MCC,,,FlexibleBarrier_flexbar_14_a_5_1.p,intuitionistic,horn,1,,5,0,3,provable,proved,,ok,horn,IMELL,5470,367,0.749,3,0,3,0,0,0,2048,0.000,0.083,auto,30,0.067,1073741824,0,
lltp,petri-nets/MCC,,,FlexibleBarrier_flexbar_14_b_20_1.p,intuitionistic,horn,1,,5,0,3,provable,proved,,ok,horn,IMELL,15476,197,2.848,22,0,22,0,0,0,2048,0.000,0.037,auto,30,0.216,1073741824,0,
lltp,petri-nets/MCC,,,FlexibleBarrier_flexbar_16_a_20_1.p,intuitionistic,horn,1,,5,0,3,provable,proved,,ok,horn,IMELL,7014,483,0.824,13,2,11,0,0,0,2048,0.000,0.076,auto,30,0.074,1073741824,0,
lltp,petri-nets/MCC,,,FlexibleBarrier_flexbar_16_b_1_1.p,intuitionistic,horn,1,,5,0,3,provable,proved,,ok,horn,IMELL,20090,257,4.226,1,0,1,0,0,0,2048,0.000,0.035,auto,30,0.330,1073741824,0,
lltp,petri-nets/MCC,,,FlexibleBarrier_flexbar_18_a_1_1.p,intuitionistic,horn,1,,5,0,3,provable,proved,,ok,horn,IMELL,8750,615,1.044,1,0,1,0,0,0,2048,0.000,0.071,auto,30,0.092,1073741824,0,
lltp,petri-nets/MCC,,,FlexibleBarrier_flexbar_18_b_10_1.p,intuitionistic,horn,1,,5,0,3,provable,proved,,ok,horn,IMELL,25326,325,5.431,10,0,10,0,0,0,2048,0.000,0.056,auto,30,0.413,1073741824,0,
lltp,petri-nets/MCC,,,FlexibleBarrier_flexbar_18_b_5_1.p,intuitionistic,horn,1,,5,0,3,provable,proved,,ok,horn,IMELL,25322,325,5.411,5,0,5,0,0,0,2048,0.000,0.047,auto,30,0.401,1073741824,0,
lltp,petri-nets/MCC,,,FlexibleBarrier_flexbar_20_b_100_1.p,intuitionistic,horn,1,,5,0,3,provable,proved,,ok,horn,IMELL,31192,401,5.472,112,0,112,0,0,0,2048,0.000,0.040,auto,30,0.448,1073741824,0,
lltp,petri-nets/MCC,,,FlexibleBarrier_flexbar_20_b_50_1.p,intuitionistic,horn,1,,5,0,3,provable,proved,,ok,horn,IMELL,31168,401,5.809,103,1,102,0,0,0,2048,10.000,0.062,auto,30,0.449,1073741824,0,
lltp,petri-nets/MCC,,,FlexibleBarrier_flexbar_22_a_5_1.p,intuitionistic,horn,1,,5,0,3,provable,proved,,ok,horn,IMELL,12798,927,1.293,2,0,2,0,0,0,2048,0.000,0.000,auto,30,0.131,1073741824,0,
lltp,petri-nets/MCC,,,FlexibleBarrier_flexbar_22_b_20_1.p,intuitionistic,horn,1,,5,0,3,provable,proved,,ok,horn,IMELL,37606,485,7.462,180,4,176,0,0,0,2048,10.000,0.049,auto,30,0.660,1073741824,0,
lltp,petri-nets/MCC,,,GPPP_G-PPP-1-1000_20_1.p,intuitionistic,horn,1,,5,0,3,provable,proved,,ok,horn,IMELL,36348,4005,1.954,12,0,12,0,0,0,2048,0.000,0.038,auto,30,2.302,1073741824,0,
lltp,petri-nets/MCC,,,GPPP_G-PPP-1-100_10_1.p,intuitionistic,horn,1,,5,0,3,provable,proved,,ok,horn,IMELL,3948,405,0.274,10,0,10,0,0,0,2048,0.000,0.000,auto,30,0.239,1073741824,0,
lltp,petri-nets/MCC,,,GPPP_G-PPP-1-100_5_1.p,intuitionistic,horn,1,,5,0,3,provable,proved,,ok,horn,IMELL,3948,406,0.265,5,0,5,0,0,0,2048,0.000,0.000,auto,30,0.227,1073741824,0,
lltp,petri-nets/MCC,,,GPPP_G-PPP-1-10_20_1.p,intuitionistic,horn,1,,5,0,3,provable,proved,,ok,horn,IMELL,708,45,0.133,12,0,12,0,0,0,2048,0.000,0.000,auto,30,0.044,1073741824,0,
lltp,petri-nets/MCC,,,GPPP_G-PPP-1-1_10_1.p,intuitionistic,horn,1,,5,0,3,provable,proved,,ok,horn,IMELL,384,14,0.116,10,0,10,0,0,0,2048,0.000,0.000,auto,30,0.023,1073741824,0,
lltp,petri-nets/MCC,,,GPPP_G-PPP-1-1_5_1.p,intuitionistic,horn,1,,5,0,3,provable,proved,,ok,horn,IMELL,384,14,0.113,5,0,5,0,0,0,2048,0.000,0.000,auto,30,0.020,1073741824,0,
lltp,petri-nets/MCC,,,GPPP_G-PPP-10-100_20_1.p,intuitionistic,horn,1,,5,0,3,provable,proved,,ok,horn,IMELL,5712,454,0.378,20,0,20,0,0,0,2048,0.000,0.000,auto,30,0.303,1073741824,0,
lltp,petri-nets/MCC,,,GPPP_G-PPP-10-10_10_1.p,intuitionistic,horn,1,,5,0,3,provable,proved,,ok,horn,IMELL,2472,140,0.211,10,0,10,0,0,0,2048,0.000,0.000,auto,30,0.109,1073741824,0,
lltp,petri-nets/MCC,,,GPPP_G-PPP-10-10_5_1.p,intuitionistic,horn,1,,5,0,3,provable,proved,,ok,horn,IMELL,2472,140,0.217,5,0,5,0,0,0,2048,0.000,0.000,auto,30,0.106,1073741824,0,
lltp,petri-nets/MCC,,,GPPP_G-PPP-100-1000_10_1.p,intuitionistic,horn,1,,5,0,3,provable,proved,,ok,horn,IMELL,55752,4694,3.241,10,0,10,0,0,0,2048,0.000,0.053,auto,30,3.175,1073741824,0,
lltp,petri-nets/MCC,,,GPPP_G-PPP-100-1000_5_1.p,intuitionistic,horn,1,,5,0,3,provable,proved,,ok,horn,IMELL,55752,4699,3.020,5,0,5,0,0,0,2048,0.000,0.038,auto,30,3.131,1073741824,0,
lltp,petri-nets/MCC,,,GPPP_G-PPP-100-100_20_1.p,intuitionistic,horn,1,,5,0,3,provable,proved,,ok,horn,IMELL,23352,1400,1.126,20,0,20,0,0,0,2048,0.000,0.029,auto,30,0.981,1073741824,0,
lltp,petri-nets/MCC,,,GPPP_G-PPP-100-10_10_1.p,intuitionistic,horn,1,,5,0,3,provable,proved,,ok,horn,IMELL,20112,1400,1.033,10,0,10,0,0,0,2048,0.000,0.000,auto,30,0.944,1073741824,0,
lltp,petri-nets/MCC,,,GPPP_G-PPP-100-10_5_1.p,intuitionistic,horn,1,,5,0,3,provable,proved,,ok,horn,IMELL,20112,1400,1.010,5,0,5,0,0,0,2048,0.000,0.000,auto,30,0.828,1073741824,0,
lltp,petri-nets/MCC,,,GPPP_G-PPP-1000-1000_1_1.p,intuitionistic,horn,1,,5,0,3,provable,proved,,ok,horn,IMELL,232152,14000,11.263,1,0,1,0,0,0,2048,20.000,0.060,auto,30,10.474,1073741824,0,
lltp,petri-nets/MCC,,,GPPP_G-PPP-1000-100_10_1.p,intuitionistic,horn,1,,5,0,3,provable,proved,,ok,horn,IMELL,199752,14000,11.302,10,0,10,0,0,0,2048,20.000,0.051,auto,30,8.942,1073741824,0,
lltp,petri-nets/MCC,,,GPPP_G-PPP-1000-100_5_1.p,intuitionistic,horn,1,,5,0,3,provable,proved,,ok,horn,IMELL,199752,14000,11.547,5,0,5,0,0,0,2048,10.000,0.059,auto,30,8.464,1073741824,0,
lltp,petri-nets/MCC,,,GPPP_G-PPP-1000-10_20_1.p,intuitionistic,horn,1,,5,0,3,provable,proved,,ok,horn,IMELL,196512,14000,11.641,20,0,20,0,0,0,2048,10.000,0.051,auto,30,8.661,1073741824,0,
lltp,petri-nets/MCC,,,GlobalResAllocation_galloc_res-3_100_1.p,intuitionistic,horn,1,,5,0,3,provable,proved,,ok,horn,IMELL,119494,5910,8.000,4,0,4,0,0,0,2048,0.000,0.053,auto,30,0.650,1073741824,0,
lltp,petri-nets/MCC,,,GlobalResAllocation_galloc_res-3_50_1.p,intuitionistic,horn,1,,5,0,3,provable,proved,,ok,horn,IMELL,119494,5910,7.766,3,0,3,0,0,0,2048,0.000,0.042,auto,30,0.643,1073741824,0,
lltp,petri-nets/MCC,,,GlobalResAllocation_galloc_res-5_20_1.p,intuitionistic,horn,1,,5,0,3,provable,proved,,ok,horn,IMELL,1428232,43210,105.779,4,0,4,0,0,0,2048,100.000,0.255,auto,30,8.420,1073741824,0,
lltp,petri-nets/MCC,,,HexagonalGrid_hxg_110_20_1.p,intuitionistic,horn,1,,5,0,3,provable,proved,,ok,horn,IMELL,406,31,0.131,14,0,14,0,0,0,2048,0.000,0.000,auto,30,0.019,1073741824,0,
lltp,petri-nets/MCC,,,HexagonalGrid_hxg_126_10_1.p,intuitionistic,horn,1,,5,0,3,provable,proved,,ok,horn,IMELL,454,37,0.121,10,0,10,0,0,0,2048,0.000,0.000,auto,30,0.018,1073741824,0,
lltp,petri-nets/MCC,,,HexagonalGrid_hxg_126_5_1.p,intuitionistic,horn,1,,5,0,3,provable,proved,,ok,horn,IMELL,454,38,0.116,5,0,5,0,0,0,2048,0.000,0.000,auto,30,0.017,1073741824,0,
lltp,petri-nets/MCC,,,HexagonalGrid_hxg_226_50_1.p,intuitionistic,horn,1,,5,0,3,provable,proved,,ok,horn,IMELL,2902,42,0.737,85,7,78,0,0,0,2048,0.000,0.000,auto,30,0.106,1073741824,0,
lltp,petri-nets/MCC,,,HexagonalGrid_hxg_316_20_1.p,intuitionistic,horn,1,,5,0,3,provable,proved,,ok,horn,IMELL,7198,38,1.051,20,0,20,0,0,0,2048,0.000,0.071,auto,30,0.155,1073741824,0,
lltp,petri-nets/MCC,,,HexagonalGrid_hxg_410_1_1.p,intuitionistic,horn,1,,5,0,3,provable,proved,,ok,horn,IMELL,12934,31,1.690,1,0,1,0,0,0,2048,0.000,0.031,auto,30,0.231,1073741824,0,
lltp,petri-nets/MCC,,,HexagonalGrid_hxg_516_100_1.p,intuitionistic,horn,1,,5,0,3,provable,proved,,ok,horn,IMELL,22606,38,5.062,100,0,100,0,0,0,2048,0.000,0.031,auto,30,0.472,1073741824,0,
lltp,petri-nets/MCC,,,HexagonalGrid_hxg_516_5_1.p,intuitionistic,horn,1,,5,0,3,provable,proved,,ok,horn,IMELL,22606,37,2.657,5,0,5,0,0,0,2048,0.000,0.028,auto,30,0.436,1073741824,0,
lltp,petri-nets/MCC,,,HexagonalGrid_hxg_816_50_1.p,intuitionistic,horn,1,,5,0,3,provable,proved,,ok,horn,IMELL,61918,37,9.972,50,0,50,0,0,0,2048,10.000,0.034,auto,30,1.232,1073741824,0,
lltp,petri-nets/MCC,,,HouseConstruction-002_20_1.p,intuitionistic,horn,1,,5,0,3,provable,proved,,ok,horn,IMELL,118,3,0.100,23,1,22,0,0,0,2048,0.000,0.000,auto,30,0.013,1073741824,0,
lltp,petri-nets/MCC,,,HouseConstruction-005_10_1.p,intuitionistic,horn,1,,5,0,3,provable,proved,,ok,horn,IMELL,122,6,0.086,10,0,10,0,0,0,2048,0.000,0.000,auto,30,0.008,1073741824,0,
lltp,petri-nets/MCC,,,HouseConstruction-005_5_1.p,intuitionistic,horn,1,,5,0,3,provable,proved,,ok,horn,IMELL,122,5,0.078,5,0,5,0,0,0,2048,0.000,0.000,auto,30,0.012,1073741824,0,
lltp,petri-nets/MCC,,,HouseConstruction-010_20_1.p,intuitionistic,horn,1,,5,0,3,provable,proved,,ok,horn,IMELL,142,11,0.084,20,0,20,0,0,0,2048,0.000,0.000,auto,30,0.011,1073741824,0,
lltp,petri-nets/MCC,,,HouseConstruction-020_10_1.p,intuitionistic,horn,1,,5,0,3,provable,proved,,ok,horn,IMELL,182,20,0.083,10,0,10,0,0,0,2048,0.000,0.000,auto,30,0.012,1073741824,0,
lltp,petri-nets/MCC,,,HouseConstruction-020_5_1.p,intuitionistic,horn,1,,5,0,3,provable,proved,,ok,horn,IMELL,182,20,0.081,5,0,5,0,0,0,2048,0.000,0.000,auto,30,0.011,1073741824,0,
lltp,petri-nets/MCC,,,HouseConstruction-050_20_1.p,intuitionistic,horn,1,,5,0,3,provable,proved,,ok,horn,IMELL,302,50,0.097,20,0,20,0,0,0,2048,0.000,0.000,auto,30,0.022,1073741824,0,
lltp,petri-nets/MCC,,,HouseConstruction-100_10_1.p,intuitionistic,horn,1,,5,0,3,provable,proved,,ok,horn,IMELL,502,100,0.101,10,0,10,0,0,0,2048,0.000,0.000,auto,30,0.033,1073741824,0,
lltp,petri-nets/MCC,,,HouseConstruction-100_5_1.p,intuitionistic,horn,1,,5,0,3,provable,proved,,ok,horn,IMELL,502,100,0.096,5,0,5,0,0,0,2048,0.000,0.000,auto,30,0.034,1073741824,0,
lltp,petri-nets/MCC,,,HouseConstruction-200_20_1.p,intuitionistic,horn,1,,5,0,3,provable,proved,,ok,horn,IMELL,902,200,0.126,20,0,20,0,0,0,2048,0.000,0.000,auto,30,0.063,1073741824,0,
lltp,petri-nets/MCC,,,HouseConstruction-500_10_1.p,intuitionistic,horn,1,,5,0,3,provable,proved,,ok,horn,IMELL,2102,500,0.170,10,0,10,0,0,0,2048,0.000,0.000,auto,30,0.128,1073741824,0,
lltp,petri-nets/MCC,,,HouseConstruction-500_5_1.p,intuitionistic,horn,1,,5,0,3,provable,proved,,ok,horn,IMELL,2102,500,0.174,5,0,5,0,0,0,2048,0.000,0.000,auto,30,0.129,1073741824,0,
lltp,petri-nets/MCC,,,HypercubeGrid_hc3k4p4b12_50_1.p,intuitionistic,horn,1,,5,0,3,provable,proved,,ok,horn,IMELL,30334,43,4.243,50,0,50,0,0,0,2048,0.000,0.050,auto,30,0.840,1073741824,0,
lltp,petri-nets/MCC,,,HypercubeGrid_hc4k3p3b12_20_1.p,intuitionistic,horn,1,,5,0,3,provable,proved,,ok,horn,IMELL,58318,69,7.114,20,0,20,0,0,0,2048,0.000,0.057,auto,30,1.248,1073741824,0,
lltp,petri-nets/MCC,,,HypercubeGrid_hc5k3p3b15_1_1.p,intuitionistic,horn,1,,5,0,3,provable,proved,,ok,horn,IMELL,257578,106,33.789,1,0,1,0,0,0,2048,30.000,0.102,auto,30,5.753,1073741824,0,
lltp,petri-nets/MCC,,,HypertorusGrid_ht_d2k1p8b00_100_1.p,intuitionistic,horn,1,,5,0,3,provable,proved,,ok,horn,IMELL,270,17,0.112,16,0,16,0,0,0,2048,0.000,0.000,auto,30,0.023,1073741824,0,
lltp,petri-nets/MCC,,,HypertorusGrid_ht_d2k1p8b00_50_1.p,intuitionistic,horn,1,,5,0,3,provable,proved,,ok,horn,IMELL,270,16,0.090,14,0,14,0,0,0,2048,0.000,0.000,auto,30,0.020,1073741824,0,
lltp,petri-nets/MCC,,,HypertorusGrid_ht_d2k2p1b00_20_1.p,intuitionistic,horn,1,,5,0,3,provable,proved,,ok,horn,IMELL,638,16,0.170,20,0,20,0,0,0,2048,0.000,0.000,auto,30,0.026,1073741824,0,
lltp,petri-nets/MCC,,,HypertorusGrid_ht_d2k3p2b04_1_1.p,intuitionistic,horn,1,,5,0,3,provable,proved,,ok,horn,IMELL,1726,17,0.228,1,0,1,0,0,0,2048,0.000,0.000,auto,30,0.051,1073741824,0,
lltp,petri-nets/MCC,,,HypertorusGrid_ht_d3k3p2b06_100_1.p,intuitionistic,horn,1,,5,0,3,provable,proved,,ok,horn,IMELL,10366,40,2.526,100,0,100,0,0,0,2048,0.000,0.028,auto,30,0.298,1073741824,0,
lltp,petri-nets/MCC,,,HypertorusGrid_ht_d3k3p2b06_5_1.p,intuitionistic,horn,1,,5,0,3,provable,proved,,ok,horn,IMELL,10366,37,1.180,5,0,5,0,0,0,2048,0.000,0.030,auto,30,0.235,1073741824,0,
lltp,petri-nets/MCC,,,HypertorusGrid_ht_d4k3p2b08_50_1.p,intuitionistic,horn,1,,5,0,3,provable,proved,,ok,horn,IMELL,51838,65,7.976,50,0,50,0,0,0,2048,10.000,0.057,auto,30,1.043,1073741824,0,
lltp,petri-nets/MCC,,,HypertorusGrid_ht_d5k3p2b10_20_1.p,intuitionistic,horn,1,,5,0,3,provable,proved,,ok,horn,IMELL,233278,101,32.353,20,0,20,0,0,0,2048,30.000,0.085,auto,30,4.300,1073741824,0,
lltp,petri-nets/MCC,,,IBM319_10_1.p,intuitionistic,horn,1,,5,0,3,provable,proved,,ok,horn,IMELL,1056,4,0.284,10,0,10,0,0,0,2048,0.000,0.000,auto,30,0.028,1073741824,0,
lltp,petri-nets/MCC,,,IBM319_5_1.p,intuitionistic,horn,1,,5,0,3,provable,proved,,ok,horn,IMELL,1056,4,0.269,5,0,5,0,0,0,2048,0.000,0.000,auto,30,0.025,1073741824,0,
lltp,petri-nets/MCC,,,IBM5964_50_1.p,intuitionistic,horn,1,,5,0,3,provable,proved,,ok,horn,IMELL,1116,6,0.302,56,6,50,0,0,0,2048,0.000,0.000,auto,30,0.039,1073741824,0,
lltp,petri-nets/MCC,,,IBM703_1_1.p,intuitionistic,horn,1,,5,0,3,provable,proved,,ok,horn,IMELL,1146,5,0.289,1,0,1,0,0,0,2048,0.000,0.000,auto,30,0.027,1073741824,0,
lltp,petri-nets/MCC,,,IBMB2S565S3960_100_1.p,intuitionistic,horn,1,,5,0,3,provable,unknown,timeout,,horn,IMELL,1184,7,5029.614,8589612,5717805,2871807,0,0,0,2048,5000.000,8.775,auto,30,,1073741824,0,
lltp,petri-nets/MCC,,,IBMB2S565S3960_50_1.p,intuitionistic,horn,1,,5,0,3,provable,proved,,ok,horn,IMELL,1180,7,17.185,36767,18549,18218,0,0,0,2048,10.000,0.096,auto,30,0.056,1073741824,0,
lltp,petri-nets/MCC,,,IOTPpurchase_IOTP_c12m10p15d17_1_1.p,intuitionistic,horn,1,,5,0,3,provable,proved,,ok,horn,IMELL,714,18,0.155,1,0,1,0,0,0,2048,0.000,0.000,auto,30,0.026,1073741824,0,
lltp,petri-nets/MCC,,,IOTPpurchase_IOTP_c1m1p1d1_100_1.p,intuitionistic,horn,1,,5,0,3,provable,proved,,ok,horn,IMELL,514,2,0.167,10,0,10,0,0,0,2048,0.000,0.000,auto,30,0.020,1073741824,0,
lltp,petri-nets/MCC,,,IOTPpurchase_IOTP_c1m1p1d1_50_1.p,intuitionistic,horn,1,,5,0,3,provable,proved,,ok,horn,IMELL,514,2,0.150,5,0,5,0,0,0,2048,0.000,0.000,auto,30,0.017,1073741824,0,
lltp,petri-nets/MCC,,,IOTPpurchase_IOTP_c3m3p3d3_1_1.p,intuitionistic,horn,1,,5,0,3,provable,proved,,ok,horn,IMELL,546,4,0.152,1,0,1,0,0,0,2048,0.000,0.000,auto,30,0.014,1073741824,0,
lltp,petri-nets/MCC,,,IOTPpurchase_IOTP_c5m4p3d2_100_1.p,intuitionistic,horn,1,,5,0,3,provable,proved,,ok,horn,IMELL,574,6,0.324,304,78,226,0,0,0,2048,0.000,0.000,auto,30,0.062,1073741824,0,
lltp,petri-nets/MCC,,,IOTPpurchase_IOTP_c5m4p3d2_50_1.p,intuitionistic,horn,1,,5,0,3,provable,proved,,ok,horn,IMELL,554,6,0.323,395,156,239,0,0,0,2048,0.000,0.000,auto,30,0.040,1073741824,0,
lltp,petri-nets/MCC,,,JoinFreeModules_joinFree-100_20_1.p,intuitionistic,horn,1,,5,0,3,provable,proved,,ok,horn,IMELL,91206,203,5.450,20,0,20,0,0,0,2048,10.000,0.031,auto,30,2.638,1073741824,0,
lltp,petri-nets/MCC,,,JoinFreeModules_joinFree-10_1_1.p,intuitionistic,horn,1,,5,0,3,provable,proved,,ok,horn,IMELL,1926,23,0.215,1,0,1,0,0,0,2048,0.000,0.000,auto,30,0.046,1073741824,0,
lltp,petri-nets/MCC,,,JoinFreeModules_joinFree-20_100_1.p,intuitionistic,horn,1,,5,0,3,provable,unknown,timeout,,horn,IMELL,5446,43,5051.340,4883660,4261413,622247,0,0,0,2048,5030.000,6.673,auto,30,,1073741824,0,
lltp,petri-nets/MCC,,,JoinFreeModules_joinFree-20_5_1.p,intuitionistic,horn,1,,5,0,3,provable,proved,,ok,horn,IMELL,5446,43,0.434,5,0,5,0,0,0,2048,0.000,0.000,auto,30,0.127,1073741824,0,
lltp,petri-nets/MCC,,,JoinFreeModules_joinFree-3_20_1.p,intuitionistic,horn,1,,5,0,3,provable,proved,,ok,horn,IMELL,414,13,0.124,13,0,13,0,0,0,2048,0.000,0.000,auto,30,0.016,1073741824,0,
lltp,petri-nets/MCC,,,JoinFreeModules_joinFree-4_1_1.p,intuitionistic,horn,1,,5,0,3,provable,proved,,ok,horn,IMELL,582,11,0.173,1,0,1,0,0,0,2048,0.000,0.000,auto,30,0.015,1073741824,0,
lltp,petri-nets/MCC,,,JoinFreeModules_joinFree-50_1_1.p,intuitionistic,horn,1,,5,0,3,provable,proved,,ok,horn,IMELL,25606,103,1.587,1,0,1,0,0,0,2048,0.000,0.023,auto,30,0.662,1073741824,0,
lltp,petri-nets/MCC,,,JoinFreeModules_joinFree-5_10_1.p,intuitionistic,horn,1,,5,0,3,provable,proved,,ok,horn,IMELL,766,13,0.146,10,0,10,0,0,0,2048,0.000,0.000,auto,30,0.021,1073741824,0,
lltp,petri-nets/MCC,,,Kanban-1000_100_1.p,intuitionistic,horn,1,,5,0,3,provable,proved,,ok,horn,IMELL,16078,1001,0.828,100,0,100,0,0,0,2048,0.000,0.000,auto,30,1.074,1073741824,0,
lltp,petri-nets/MCC,,,Kanban-1000_50_1.p,intuitionistic,horn,1,,5,0,3,provable,proved,,ok,horn,IMELL,16078,1001,0.814,50,0,50,0,0,0,2048,0.000,0.000,auto,30,1.018,1073741824,0,
lltp,petri-nets/MCC,,,Kanban-100_1_1.p,intuitionistic,horn,1,,5,0,3,provable,proved,,ok,horn,IMELL,1678,101,0.153,1,0,1,0,0,0,2048,0.000,0.000,auto,30,0.104,1073741824,0,
lltp,petri-nets/MCC,,,Kanban-10_10_1.p,intuitionistic,horn,1,,5,0,3,provable,proved,,ok,horn,IMELL,238,12,0.082,10,0,10,0,0,0,2048,0.000,0.000,auto,30,0.018,1073741824,0,
lltp,petri-nets/MCC,,,Kanban-200_100_1.p,intuitionistic,horn,1,,5,0,3,provable,proved,,ok,horn,IMELL,3278,201,0.268,100,0,100,0,0,0,2048,0.000,0.000,auto,30,0.214,1073741824,0,
lltp,petri-nets/MCC,,,Kanban-200_50_1.p,intuitionistic,horn,1,,5,0,3,provable,proved,,ok,horn,IMELL,3278,201,0.226,50,0,50,0,0,0,2048,0.000,0.000,auto,30,0.210,1073741824,0,
lltp,petri-nets/MCC,,,Kanban-20_20_1.p,intuitionistic,horn,1,,5,0,3,provable,proved,,ok,horn,IMELL,398,22,0.092,20,0,20,0,0,0,2048,0.000,0.000,auto,30,0.028,1073741824,0,
lltp,petri-nets/MCC,,,Kanban-500_1_1.p,intuitionistic,horn,1,,5,0,3,provable,proved,,ok,horn,IMELL,8078,501,0.418,1,0,1,0,0,0,2048,0.000,0.000,auto,30,0.609,1073741824,0,
lltp,petri-nets/MCC,,,Kanban-50_10_1.p,intuitionistic,horn,1,,5,0,3,provable,proved,,ok,horn,IMELL,878,51,0.109,10,0,10,0,0,0,2048,0.000,0.000,auto,30,0.060,1073741824,0,
lltp,petri-nets/MCC,,,Kanban-50_5_1.p,intuitionistic,horn,1,,5,0,3,provable,proved,,ok,horn,IMELL,878,51,0.109,5,0,5,0,0,0,2048,0.000,0.000,auto,30,0.057,1073741824,0,
lltp,petri-nets/MCC,,,Kanban-5_50_1.p,intuitionistic,horn,1,,5,0,3,provable,proved,,ok,horn,IMELL,158,6,0.083,10,0,10,0,0,0,2048,0.000,0.000,auto,30,0.015,1073741824,0,
lltp,petri-nets/MCC,,,LamportFastMutEx_lamport_fmea-2_1_1.p,intuitionistic,horn,1,,5,0,3,provable,proved,,ok,horn,IMELL,826,22,0.169,1,0,1,0,0,0,2048,0.000,0.000,auto,30,0.015,1073741824,0,
lltp,petri-nets/MCC,,,LamportFastMutEx_lamport_fmea-3_100_1.p,intuitionistic,horn,1,,5,0,3,provable,proved,,ok,horn,IMELL,1358,33,2.676,6908,3745,3163,0,0,0,2048,0.000,0.092,auto,30,0.041,1073741824,0,
lltp,petri-nets/MCC,,,LamportFastMutEx_lamport_fmea-3_50_1.p,intuitionistic,horn,1,,5,0,3,provable,proved,,ok,horn,IMELL,1358,33,2.176,5785,3175,2610,0,0,0,2048,0.000,0.072,auto,30,0.037,1073741824,0,
lltp,petri-nets/MCC,,,LamportFastMutEx_lamport_fmea-4_1_1.p,intuitionistic,horn,1,,5,0,3,provable,proved,,ok,horn,IMELL,2018,46,0.329,1,0,1,0,0,0,2048,0.000,0.000,auto,30,0.030,1073741824,0,
lltp,petri-nets/MCC,,,LamportFastMutEx_lamport_fmea-5_100_1.p,intuitionistic,horn,1,,5,0,3,provable,proved,,ok,horn,IMELL,2806,61,2.759,4783,2579,2204,0,0,0,2048,0.000,0.080,auto,30,0.077,1073741824,0,
lltp,petri-nets/MCC,,,LamportFastMutEx_lamport_fmea-5_50_1.p,intuitionistic,horn,1,,5,0,3,provable,proved,,ok,horn,IMELL,2806,61,4.970,10059,5380,4679,0,0,0,2048,0.000,0.117,auto,30,0.073,1073741824,0,
lltp,petri-nets/MCC,,,LamportFastMutEx_lamport_fmea-6_1_1.p,intuitionistic,horn,1,,5,0,3,provable,proved,,ok,horn,IMELL,3722,78,0.565,1,0,1,0,0,0,2048,0.000,0.000,auto,30,0.129,1073741824,0,
lltp,petri-nets/MCC,,,LamportFastMutEx_lamport_fmea-7_100_1.p,intuitionistic,horn,1,,5,0,3,provable,proved,,ok,horn,IMELL,4766,97,73.926,138554,97480,41074,0,0,0,2048,70.000,0.469,auto,30,0.123,1073741824,0,
lltp,petri-nets/MCC,,,LamportFastMutEx_lamport_fmea-7_50_1.p,intuitionistic,horn,1,,5,0,3,provable,proved,,ok,horn,IMELL,4766,97,54.490,97429,64211,33218,0,0,0,2048,50.000,0.164,auto,30,0.150,1073741824,0,
lltp,petri-nets/MCC,,,LamportFastMutEx_lamport_fmea-8_1_1.p,intuitionistic,horn,1,,5,0,3,provable,proved,,ok,horn,IMELL,5938,118,0.843,1,0,1,0,0,0,2048,0.000,0.000,auto,30,0.069,1073741824,0,
lltp,petri-nets/MCC,,,MAPK-160_100_1.p,intuitionistic,horn,1,,5,0,3,provable,proved,,ok,horn,IMELL,2978,162,0.240,40,0,40,0,0,0,2048,0.000,0.000,auto,30,0.176,1073741824,0,
lltp,petri-nets/MCC,,,MAPK-160_50_1.p,intuitionistic,horn,1,,5,0,3,provable,proved,,ok,horn,IMELL,2974,162,0.243,48,1,47,0,0,0,2048,0.000,0.000,auto,30,0.189,1073741824,0,
lltp,petri-nets/MCC,,,MAPK-20_1_1.p,intuitionistic,horn,1,,5,0,3,provable,proved,,ok,horn,IMELL,536,22,0.105,1,0,1,0,0,0,2048,0.000,0.000,auto,30,0.029,1073741824,0,
lltp,petri-nets/MCC,,,MAPK-320_100_1.p,intuitionistic,horn,1,,5,0,3,provable,proved,,ok,horn,IMELL,5778,322,0.373,84,0,84,0,0,0,2048,0.000,0.000,auto,30,0.365,1073741824,0,
lltp,petri-nets/MCC,,,MAPK-320_50_1.p,intuitionistic,horn,1,,5,0,3,provable,proved,,ok,horn,IMELL,5838,322,0.349,50,0,50,0,0,0,2048,0.000,0.000,auto,30,0.357,1073741824,0,
lltp,petri-nets/MCC,,,MAPK-40_1_1.p,intuitionistic,horn,1,,5,0,3,provable,proved,,ok,horn,IMELL,896,42,0.114,1,0,1,0,0,0,2048,0.000,0.000,auto,30,0.049,1073741824,0,
lltp,petri-nets/MCC,,,MAPK-80_100_1.p,intuitionistic,horn,1,,5,0,3,provable,proved,,ok,horn,IMELL,1578,82,0.171,24,0,24,0,0,0,2048,0.000,0.000,auto,30,0.101,1073741824,0,
lltp,petri-nets/MCC,,,MAPK-80_50_1.p,intuitionistic,horn,1,,5,0,3,provable,proved,,ok,horn,IMELL,1578,82,0.158,22,0,22,0,0,0,2048,0.000,0.000,auto,30,0.101,1073741824,0,
lltp,petri-nets/MCC,,,MAPK-8_20_1.p,intuitionistic,horn,1,,5,0,3,provable,proved,,ok,horn,IMELL,322,10,0.085,2,0,2,0,0,0,2048,0.000,0.000,auto,30,0.015,1073741824,0,
lltp,petri-nets/MCC,,,MultiwaySync_1_1.p,intuitionistic,horn,1,,5,0,3,provable,proved,,ok,horn,IMELL,3046,167,0.513,1,0,1,0,0,0,2048,0.000,0.000,auto,30,0.055,1073741824,0,
lltp,petri-nets/MCC,,,NeighborGrid_z_2d_3n_1m_c_1_2_100_1.p,intuitionistic,horn,1,,5,0,3,provable,proved,,ok,horn,IMELL,194,12,0.098,9,0,9,0,0,0,2048,0.000,0.000,auto,30,0.010,1073741824,0,
lltp,petri-nets/MCC,,,NeighborGrid_z_2d_3n_1m_c_1_2_50_1.p,intuitionistic,horn,1,,5,0,3,provable,proved,,ok,horn,IMELL,194,12,0.102,9,0,9,0,0,0,2048,0.000,0.000,auto,30,0.010,1073741824,0,
lltp,petri-nets/MCC,,,NeighborGrid_z_2d_3n_1m_t_1_2_20_1.p,intuitionistic,horn,1,,5,0,3,provable,proved,,ok,horn,IMELL,322,11,0.125,5,0,5,0,0,0,2048,0.000,0.000,auto,30,0.012,1073741824,0,
lltp,petri-nets/MCC,,,NeighborGrid_z_3d_3n_1m_t_1_1_20_1.p,intuitionistic,horn,1,,5,0,3,provable,proved,,ok,horn,IMELL,754,7,0.166,0,0,0,0,0,0,2048,0.000,0.000,auto,30,0.021,1073741824,0,
lltp,petri-nets/MCC,,,NeighborGrid_z_4d_3n_2m_c_2_3_5_1.p,intuitionistic,horn,1,,5,0,3,provable,proved,,ok,horn,IMELL,7174,58,1.393,5,0,5,0,0,0,2048,0.000,0.025,auto,30,0.138,1073741824,0,
lltp,petri-nets/MCC,,,NeoElection_neoelection-2.unf_10_1.p,intuitionistic,horn,1,,5,0,3,provable,proved,,ok,horn,IMELL,4046,117,0.640,10,0,10,0,0,0,2048,0.000,0.064,auto,30,0.052,1073741824,0,
lltp,petri-nets/MCC,,,NeoElection_neoelection-2.unf_5_1.p,intuitionistic,horn,1,,5,0,3,provable,proved,,ok,horn,IMELL,4046,117,0.632,5,0,5,0,0,0,2048,0.000,0.064,auto,30,0.048,1073741824,0,
lltp,petri-nets/MCC,,,NeoElection_neoelection-3.unf_20_1.p,intuitionistic,horn,1,,5,0,3,provable,proved,,ok,horn,IMELL,11782,268,1.603,20,0,20,0,0,0,2048,0.000,0.033,auto,30,0.131,1073741824,0,
lltp,petri-nets/MCC,,,NeoElection_neoelection-4.unf_10_1.p,intuitionistic,horn,1,,5,0,3,provable,proved,,ok,horn,IMELL,27296,515,3.337,10,0,10,0,0,0,2048,0.000,0.024,auto,30,0.324,1073741824,0,
lltp,petri-nets/MCC,,,NeoElection_neoelection-4.unf_5_1.p,intuitionistic,horn,1,,5,0,3,provable,proved,,ok,horn,IMELL,27292,515,3.334,5,0,5,0,0,0,2048,0.000,0.029,auto,30,0.266,1073741824,0,
lltp,petri-nets/MCC,,,NeoElection_neoelection-5.unf_20_1.p,intuitionistic,horn,1,,5,0,3,provable,proved,,ok,horn,IMELL,54582,882,6.549,20,0,20,0,0,0,2048,10.000,0.032,auto,30,0.535,1073741824,0,
lltp,petri-nets/MCC,,,NeoElection_neoelection-6.unf_10_1.p,intuitionistic,horn,1,,5,0,3,provable,proved,,ok,horn,IMELL,98402,1393,12.177,10,0,10,0,0,0,2048,10.000,0.045,auto,30,0.988,1073741824,0,
lltp,petri-nets/MCC,,,NeoElection_neoelection-6.unf_5_1.p,intuitionistic,horn,1,,5,0,3,provable,proved,,ok,horn,IMELL,98394,1393,12.302,5,0,5,0,0,0,2048,10.000,0.052,auto,30,0.999,1073741824,0,
lltp,petri-nets/MCC,,,NeoElection_neoelection-7.unf_20_1.p,intuitionistic,horn,1,,5,0,3,provable,proved,,ok,horn,IMELL,164416,2072,16.930,20,0,20,0,0,0,2048,10.000,0.056,auto,30,1.340,1073741824,0,
lltp,petri-nets/MCC,,,NeoElection_neoelection-8.unf_10_1.p,intuitionistic,horn,1,,5,0,3,provable,proved,,ok,horn,IMELL,258972,2943,32.082,10,0,10,0,0,0,2048,40.000,0.086,auto,30,2.482,1073741824,0,
lltp,petri-nets/MCC,,,NeoElection_neoelection-8.unf_5_1.p,intuitionistic,horn,1,,5,0,3,provable,proved,,ok,horn,IMELL,258964,2943,31.777,5,0,5,0,0,0,2048,20.000,0.087,auto,30,2.608,1073741824,0,
lltp,petri-nets/MCC,,,PaceMaker_50_1.p,intuitionistic,horn,1,,5,0,3,provable,unknown,timeout,,horn,IMELL,844834,17188,5029.876,6205500,5330195,875305,0,0,0,2048,5020.000,6.294,auto,30,,1073741824,0,
lltp,petri-nets/MCC,,,ParamProductionCell_closed_system1_1_1.p,intuitionistic,horn,1,,5,0,3,provable,proved,,ok,horn,IMELL,1832,16,0.322,1,0,1,0,0,0,2048,0.000,0.000,auto,30,0.035,1073741824,0,
lltp,petri-nets/MCC,,,ParamProductionCell_closed_system2_100_1.p,intuitionistic,horn,1,,5,0,3,provable,proved,,ok,horn,IMELL,1830,16,1.144,992,441,551,0,0,0,2048,0.000,0.068,auto,30,0.076,1073741824,0,
lltp,petri-nets/MCC,,,ParamProductionCell_closed_system2_50_1.p,intuitionistic,horn,1,,5,0,3,provable,proved,,ok,horn,IMELL,1830,16,0.466,211,72,139,0,0,0,2048,0.000,0.000,auto,30,0.052,1073741824,0,
lltp,petri-nets/MCC,,,ParamProductionCell_closed_system3_1_1.p,intuitionistic,horn,1,,5,0,3,provable,proved,,ok,horn,IMELL,1832,16,0.308,1,0,1,0,0,0,2048,0.000,0.000,auto,30,0.032,1073741824,0,
lltp,petri-nets/MCC,,,ParamProductionCell_closed_system4_100_1.p,intuitionistic,horn,1,,5,0,3,provable,proved,,ok,horn,IMELL,1826,16,109.847,177591,110655,66936,0,0,0,2048,100.000,0.194,auto,30,0.135,1073741824,0,
lltp,petri-nets/MCC,,,ParamProductionCell_closed_system4_50_1.p,intuitionistic,horn,1,,5,0,3,provable,proved,,ok,horn,IMELL,1826,16,0.372,55,0,55,0,0,0,2048,0.000,0.000,auto,30,0.053,1073741824,0,
lltp,petri-nets/MCC,,,ParamProductionCell_closed_system5_1_1.p,intuitionistic,horn,1,,5,0,3,provable,proved,,ok,horn,IMELL,1832,16,0.324,1,0,1,0,0,0,2048,0.000,0.000,auto,30,0.032,1073741824,0,
lltp,petri-nets/MCC,,,ParamProductionCell_open_system_0_100_1.p,intuitionistic,horn,1,,5,0,3,provable,proved,,ok,horn,IMELL,1578,16,0.656,458,190,268,0,0,0,2048,0.000,0.078,auto,30,0.067,1073741824,0,
lltp,petri-nets/MCC,,,ParamProductionCell_open_system_0_50_1.p,intuitionistic,horn,1,,5,0,3,provable,proved,,ok,horn,IMELL,1578,16,0.335,69,8,61,0,0,0,2048,0.000,0.000,auto,30,0.047,1073741824,0,
lltp,petri-nets/MCC,,,Parking_parking_1_4_1_1.p,intuitionistic,horn,1,,5,0,3,provable,proved,,ok,horn,IMELL,598,11,0.147,1,0,1,0,0,0,2048,0.000,0.000,auto,30,0.017,1073741824,0,
lltp,petri-nets/MCC,,,Parking_parking_2_8_1_1.p,intuitionistic,horn,1,,5,0,3,provable,proved,,ok,horn,IMELL,1250,11,0.249,1,0,1,0,0,0,2048,0.000,0.000,auto,30,0.030,1073741824,0,
lltp,petri-nets/MCC,,,Parking_parking_4_16_100_1.p,intuitionistic,horn,1,,5,0,3,provable,proved,,ok,horn,IMELL,2722,11,6.502,7836,5012,2824,0,0,0,2048,0.000,0.085,auto,30,0.077,1073741824,0,
lltp,petri-nets/MCC,,,Parking_parking_4_16_5_1.p,intuitionistic,horn,1,,5,0,3,provable,proved,,ok,horn,IMELL,2722,11,0.468,5,0,5,0,0,0,2048,0.000,0.000,auto,30,0.060,1073741824,0,
lltp,petri-nets/MCC,,,Parking_parking_4_32_50_1.p,intuitionistic,horn,1,,5,0,3,provable,proved,,ok,horn,IMELL,4898,19,1.262,192,0,192,0,0,0,2048,0.000,0.017,auto,30,0.114,1073741824,0,
lltp,petri-nets/MCC,,,Parking_parking_8_32_20_1.p,intuitionistic,horn,1,,5,0,3,provable,proved,,ok,horn,IMELL,6338,11,1.423,97,0,97,0,0,0,2048,0.000,0.062,auto,30,0.129,1073741824,0,
lltp,petri-nets/MCC,,,Parking_parking_8_64_1_1.p,intuitionistic,horn,1,,5,0,3,provable,proved,,ok,horn,IMELL,10690,19,1.661,1,0,1,0,0,0,2048,0.000,0.000,auto,30,0.197,1073741824,0,
lltp,petri-nets/MCC,,,PermAdmissibility_unf-8x8-4stageSEN-01_10_1.p,intuitionistic,horn,1,,5,0,3,provable,proved,,ok,horn,IMELL,7010,65,0.885,10,0,10,0,0,0,2048,0.000,0.065,auto,30,0.070,1073741824,0,
lltp,petri-nets/MCC,,,PermAdmissibility_unf-8x8-4stageSEN-02_10_1.p,intuitionistic,horn,1,,5,0,3,provable,proved,,ok,horn,IMELL,7046,65,0.912,10,0,10,0,0,0,2048,0.000,0.063,auto,30,0.072,1073741824,0,
lltp,petri-nets/MCC,,,PermAdmissibility_unf-8x8-4stageSEN-02_5_1.p,intuitionistic,horn,1,,5,0,3,provable,proved,,ok,horn,IMELL,7046,64,0.824,5,0,5,0,0,0,2048,0.000,0.000,auto,30,0.073,1073741824,0,
lltp,petri-nets/MCC,,,PermAdmissibility_unf-8x8-4stageSEN-05_20_1.p,intuitionistic,horn,1,,5,0,3,provable,proved,,ok,horn,IMELL,7154,64,0.817,20,0,20,0,0,0,2048,0.000,0.000,auto,30,0.083,1073741824,0,
lltp,petri-nets/MCC,,,PermAdmissibility_unf-8x8-4stageSEN-10_10_1.p,intuitionistic,horn,1,,5,0,3,provable,proved,,ok,horn,IMELL,7334,64,0.883,10,0,10,0,0,0,2048,0.000,0.065,auto,30,0.090,1073741824,0,
lltp,petri-nets/MCC,,,PermAdmissibility_unf-8x8-4stageSEN-10_5_1.p,intuitionistic,horn,1,,5,0,3,provable,proved,,ok,horn,IMELL,7334,64,0.848,5,0,5,0,0,0,2048,0.000,0.019,auto,30,0.092,1073741824,0,
lltp,petri-nets/MCC,,,PermAdmissibility_unf-8x8-4stageSEN-20_20_1.p,intuitionistic,horn,1,,5,0,3,provable,proved,,ok,horn,IMELL,7694,64,0.911,20,0,20,0,0,0,2048,0.000,0.063,auto,30,0.111,1073741824,0,
lltp,petri-nets/MCC,,,PermAdmissibility_unf-8x8-4stageSEN-50_10_1.p,intuitionistic,horn,1,,5,0,3,provable,proved,,ok,horn,IMELL,8774,64,0.978,10,0,10,0,0,0,2048,0.000,0.068,auto,30,0.163,1073741824,0,
lltp,petri-nets/MCC,,,PermAdmissibility_unf-8x8-4stageSEN-50_5_1.p,intuitionistic,horn,1,,5,0,3,provable,proved,,ok,horn,IMELL,8774,64,0.904,5,0,5,0,0,0,2048,0.000,0.000,auto,30,0.164,1073741824,0,
lltp,petri-nets/MCC,,,Peterson-2_20_1.p,intuitionistic,horn,1,,5,0,3,provable,proved,,ok,horn,IMELL,798,7,0.367,725,417,308,0,0,0,2048,0.000,0.000,auto,30,0.024,1073741824,0,
lltp,petri-nets/MCC,,,Peterson-3_10_1.p,intuitionistic,horn,1,,5,0,3,provable,proved,,ok,horn,IMELL,2074,11,0.553,445,218,227,0,0,0,2048,0.000,0.000,auto,30,0.042,1073741824,0,
lltp,petri-nets/MCC,,,Peterson-3_5_1.p,intuitionistic,horn,1,,5,0,3,provable,proved,,ok,horn,IMELL,2074,11,0.676,854,411,443,0,0,0,2048,0.000,0.000,auto,30,0.076,1073741824,0,
lltp,petri-nets/MCC,,,Peterson-4_20_1.p,intuitionistic,horn,1,,5,0,3,provable,proved,,ok,horn,IMELL,4294,18,1796.299,3319205,2492770,826435,0,0,0,2048,1780.000,2.696,auto,30,0.077,1073741824,0,
lltp,petri-nets/MCC,,,Peterson-5_10_1.p,intuitionistic,horn,1,,5,0,3,provable,proved,,ok,horn,IMELL,7722,27,17.446,15992,10060,5932,0,0,0,2048,10.000,0.056,auto,30,0.119,1073741824,0,
lltp,petri-nets/MCC,,,Peterson-5_5_1.p,intuitionistic,horn,1,,5,0,3,provable,proved,,ok,horn,IMELL,7722,27,1.344,5,0,5,0,0,0,2048,0.000,0.000,auto,30,0.113,1073741824,0,
lltp,petri-nets/MCC,,,Peterson-6_20_1.p,intuitionistic,horn,1,,5,0,3,provable,unknown,timeout,,horn,IMELL,12622,38,5014.851,7317800,5688847,1628953,0,0,0,2048,4990.000,6.208,auto,30,,1073741824,0,
lltp,petri-nets/MCC,,,Peterson-7_10_1.p,intuitionistic,horn,1,,5,0,3,provable,proved,,ok,horn,IMELL,19258,51,105.400,53365,32946,20419,0,0,0,2048,100.000,0.154,auto,30,0.281,1073741824,0,
lltp,petri-nets/MCC,,,Peterson-7_5_1.p,intuitionistic,horn,1,,5,0,3,provable,proved,,ok,horn,IMELL,19258,51,3.581,5,0,5,0,0,0,2048,0.000,0.064,auto,30,0.268,1073741824,0,
lltp,petri-nets/MCC,,,PhaseVariation_10-100_phaseVariation_50_1.p,intuitionistic,horn,1,,5,0,3,provable,proved,,ok,horn,IMELL,45212,3237,4.974,50,0,50,0,0,0,2048,0.000,0.028,auto,30,0.420,1073741824,0,
lltp,petri-nets/MCC,,,PhaseVariation_10-10_phaseVariation_20_1.p,intuitionistic,horn,1,,5,0,3,provable,proved,,ok,horn,IMELL,44392,3147,4.684,20,0,20,0,0,0,2048,10.000,0.056,auto,30,0.352,1073741824,0,
lltp,petri-nets/MCC,,,PhaseVariation_2-100_phaseVariation_20_1.p,intuitionistic,horn,1,,5,0,3,provable,proved,,ok,horn,IMELL,1760,165,0.238,20,0,20,0,0,0,2048,0.000,0.000,auto,30,0.053,1073741824,0,
lltp,petri-nets/MCC,,,PhaseVariation_2-10_phaseVariation_1_1.p,intuitionistic,horn,1,,5,0,3,provable,proved,,ok,horn,IMELL,994,75,0.143,1,0,1,0,0,0,2048,0.000,0.000,auto,30,0.015,1073741824,0,
lltp,petri-nets/MCC,,,PhaseVariation_20-100_phaseVariation_1_1.p,intuitionistic,horn,1,,5,0,3,provable,proved,,ok,horn,IMELL,190394,13557,18.721,1,0,1,0,0,0,2048,20.000,0.091,auto,30,1.421,1073741824,0,
lltp,petri-nets/MCC,,,PhaseVariation_20-10_phaseVariation_100_1.p,intuitionistic,horn,1,,5,0,3,provable,proved,,ok,horn,IMELL,190232,13467,24.256,100,0,100,0,0,0,2048,30.000,0.062,auto,30,1.541,1073741824,0,
lltp,petri-nets/MCC,,,PhaseVariation_20-10_phaseVariation_5_1.p,intuitionistic,horn,1,,5,0,3,provable,proved,,ok,horn,IMELL,190042,13467,19.352,5,0,5,0,0,0,2048,10.000,0.063,auto,30,1.426,1073741824,0,
lltp,petri-nets/MCC,,,PhaseVariation_30-100_phaseVariation_1_1.p,intuitionistic,horn,1,,5,0,3,provable,proved,,ok,horn,IMELL,437674,31077,49.662,1,0,1,0,0,0,2048,50.000,0.113,auto,30,3.983,1073741824,0,
lltp,petri-nets/MCC,,,PhaseVariation_30-10_phaseVariation_100_1.p,intuitionistic,horn,1,,5,0,3,provable,proved,,ok,horn,IMELL,437512,30987,58.813,100,0,100,0,0,0,2048,60.000,0.127,auto,30,4.195,1073741824,0,
lltp,petri-nets/MCC,,,PhaseVariation_30-10_phaseVariation_5_1.p,intuitionistic,horn,1,,5,0,3,provable,proved,,ok,horn,IMELL,437322,30987,48.754,5,0,5,0,0,0,2048,40.000,0.104,auto,30,4.000,1073741824,0,
lltp,petri-nets/MCC,,,PhaseVariation_5-100_phaseVariation_50_1.p,intuitionistic,horn,1,,5,0,3,provable,proved,,ok,horn,IMELL,10472,777,1.225,50,0,50,0,0,0,2048,0.000,0.000,auto,30,0.146,1073741824,0,
lltp,petri-nets/MCC,,,PhaseVariation_5-10_phaseVariation_50_1.p,intuitionistic,horn,1,,5,0,3,provable,proved,,ok,horn,IMELL,9658,687,0.975,25,0,25,0,0,0,2048,0.000,0.000,auto,30,0.102,1073741824,0,
lltp,petri-nets/MCC,,,Philosophers-10000_20_1.p,intuitionistic,horn,1,,5,0,3,provable,proved,,ok,horn,IMELL,399958,5,81.973,20,0,20,0,0,0,2048,80.000,0.160,auto,30,8.864,1073741824,0,
lltp,petri-nets/MCC,,,Philosophers-1000_1_1.p,intuitionistic,horn,1,,5,0,3,provable,proved,,ok,horn,IMELL,39996,5,5.886,1,0,1,0,0,0,2048,10.000,0.033,auto,30,0.837,1073741824,0,
lltp,petri-nets/MCC,,,Philosophers-100_100_1.p,intuitionistic,horn,1,,5,0,3,provable,proved,,ok,horn,IMELL,3798,4,1.126,100,0,100,0,0,0,2048,0.000,0.071,auto,30,0.115,1073741824,0,
lltp,petri-nets/MCC,,,Philosophers-100_5_1.p,intuitionistic,horn,1,,5,0,3,provable,proved,,ok,horn,IMELL,3988,5,0.583,5,0,5,0,0,0,2048,0.000,0.000,auto,30,0.166,1073741824,0,
lltp,petri-nets/MCC,,,Philosophers-10_20_1.p,intuitionistic,horn,1,,5,0,3,provable,proved,,ok,horn,IMELL,388,5,0.120,5,0,5,0,0,0,2048,0.000,0.000,auto,30,0.014,1073741824,0,
lltp,petri-nets/MCC,,,Philosophers-2000_1_1.p,intuitionistic,horn,1,,5,0,3,provable,proved,,ok,horn,IMELL,79996,5,12.579,1,0,1,0,0,0,2048,20.000,0.045,auto,30,1.798,1073741824,0,
lltp,petri-nets/MCC,,,Philosophers-200_100_1.p,intuitionistic,horn,1,,5,0,3,provable,proved,,ok,horn,IMELL,7798,5,2.292,100,0,100,0,0,0,2048,0.000,0.000,auto,30,0.216,1073741824,0,
lltp,petri-nets/MCC,,,Philosophers-200_5_1.p,intuitionistic,horn,1,,5,0,3,provable,proved,,ok,horn,IMELL,7988,5,1.167,5,0,5,0,0,0,2048,0.000,0.031,auto,30,0.181,1073741824,0,
lltp,petri-nets/MCC,,,Philosophers-5000_100_1.p,intuitionistic,horn,1,,5,0,3,provable,proved,,ok,horn,IMELL,199798,5,70.295,100,0,100,0,0,0,2048,70.000,0.136,auto,30,4.517,1073741824,0,
lltp,petri-nets/MCC,,,Philosophers-5000_5_1.p,intuitionistic,horn,1,,5,0,3,provable,proved,,ok,horn,IMELL,199988,5,31.506,5,0,5,0,0,0,2048,40.000,0.075,auto,30,4.382,1073741824,0,
lltp,petri-nets/MCC,,,Philosophers-500_50_1.p,intuitionistic,horn,1,,5,0,3,provable,proved,,ok,horn,IMELL,19898,5,4.621,50,0,50,0,0,0,2048,0.000,0.034,auto,30,0.412,1073741824,0,
lltp,petri-nets/MCC,,,Philosophers-50_50_1.p,intuitionistic,horn,1,,5,0,3,provable,proved,,ok,horn,IMELL,1898,4,0.431,50,0,50,0,0,0,2048,0.000,0.000,auto,30,0.060,1073741824,0,
lltp,petri-nets/MCC,,,Philosophers-5_1_1.p,intuitionistic,horn,1,,5,0,3,provable,proved,,ok,horn,IMELL,196,5,0.075,1,0,1,0,0,0,2048,0.000,0.000,auto,30,0.008,1073741824,0,
lltp,petri-nets/MCC,,,PhilosophersDyn_philo_dyn-10-unfolded_1_1.p,intuitionistic,horn,1,,5,0,3,provable,proved,,ok,horn,IMELL,36886,312,4.356,1,0,1,0,0,0,2048,0.000,0.040,auto,30,0.300,1073741824,0,
lltp,petri-nets/MCC,,,PhilosophersDyn_philo_dyn-20-unfolded_20_1.p,intuitionistic,horn,1,,5,0,3,provable,proved,,ok,horn,IMELL,283366,1221,881.019,34681,18134,16547,0,0,0,2048,870.000,1.061,auto,30,2.204,1073741824,0,
lltp,petri-nets/MCC,,,PhilosophersDyn_philo_dyn-3-unfolded_1_1.p,intuitionistic,horn,1,,5,0,3,provable,proved,,ok,horn,IMELL,1200,32,0.214,1,0,1,0,0,0,2048,0.000,0.000,auto,30,0.017,1073741824,0,
lltp,petri-nets/MCC,,,Planning_planning_100_1.p,intuitionistic,horn,1,,5,0,3,provable,proved,,ok,horn,IMELL,1724,25,0.426,84,0,84,0,0,0,2048,0.000,0.000,auto,30,0.079,1073741824,0,
lltp,petri-nets/MCC,,,Planning_planning_5_1.p,intuitionistic,horn,1,,5,0,3,provable,proved,,ok,horn,IMELL,1568,17,0.288,5,0,5,0,0,0,2048,0.000,0.000,auto,30,0.037,1073741824,0,
lltp,petri-nets/MCC,,,PolyORBLF_PolyORB-LF-S02-J04-T06-unfolded_20_1.p,intuitionistic,horn,1,,5,0,3,provable,proved,,ok,horn,IMELL,14718,1214,1.839,20,0,20,0,0,0,2048,0.000,0.038,auto,30,0.164,1073741824,0,
lltp,petri-nets/MCC,,,PolyORBLF_PolyORB-LF-S02-J04-T08-unfolded_10_1.p,intuitionistic,horn,1,,5,0,3,provable,proved,,ok,horn,IMELL,19720,1618,2.369,10,0,10,0,0,0,2048,0.000,0.028,auto,30,0.221,1073741824,0,
lltp,petri-nets/MCC,,,PolyORBLF_PolyORB-LF-S02-J04-T08-unfolded_5_1.p,intuitionistic,horn,1,,5,0,3,provable,proved,,ok,horn,IMELL,19716,1618,2.290,5,0,5,0,0,0,2048,0.000,0.032,auto,30,0.182,1073741824,0,
lltp,petri-nets/MCC,,,PolyORBLF_PolyORB-LF-S02-J04-T10-unfolded_20_1.p,intuitionistic,horn,1,,5,0,3,provable,proved,,ok,horn,IMELL,24820,2031,2.980,28,2,26,0,0,0,2048,0.000,0.037,auto,30,0.233,1073741824,0,
lltp,petri-nets/MCC,,,PolyORBLF_PolyORB-LF-S02-J06-T06-unfolded_10_1.p,intuitionistic,horn,1,,5,0,3,provable,proved,,ok,horn,IMELL,15972,1214,1.969,10,0,10,0,0,0,2048,0.000,0.000,auto,30,0.172,1073741824,0,
lltp,petri-nets/MCC,,,PolyORBLF_PolyORB-LF-S02-J06-T06-unfolded_5_1.p,intuitionistic,horn,1,,5,0,3,provable,proved,,ok,horn,IMELL,15968,1214,1.912,5,0,5,0,0,0,2048,0.000,0.029,auto,30,0.179,1073741824,0,
lltp,petri-nets/MCC,,,PolyORBLF_PolyORB-LF-S02-J06-T08-unfolded_20_1.p,intuitionistic,horn,1,,5,0,3,provable,proved,,ok,horn,IMELL,21408,1627,2.787,28,2,26,0,0,0,2048,0.000,0.036,auto,30,0.223,1073741824,0,
lltp,petri-nets/MCC,,,PolyORBLF_PolyORB-LF-S02-J06-T10-unfolded_10_1.p,intuitionistic,horn,1,,5,0,3,provable,proved,,ok,horn,IMELL,26892,2022,3.200,10,0,10,0,0,0,2048,0.000,0.031,auto,30,0.281,1073741824,0,
lltp,petri-nets/MCC,,,PolyORBLF_PolyORB-LF-S02-J06-T10-unfolded_5_1.p,intuitionistic,horn,1,,5,0,3,provable,proved,,ok,horn,IMELL,26888,2022,3.123,5,0,5,0,0,0,2048,0.000,0.027,auto,30,0.267,1073741824,0,
lltp,petri-nets/MCC,,,PolyORBLF_PolyORB-LF-S04-J04-T06-unfolded_20_1.p,intuitionistic,horn,1,,5,0,3,provable,proved,,ok,horn,IMELL,86642,12892,6.926,20,0,20,0,0,0,2048,0.000,0.044,auto,30,0.511,1073741824,0,
lltp,petri-nets/MCC,,,PolyORBLF_PolyORB-LF-S04-J04-T08-unfolded_10_1.p,intuitionistic,horn,1,,5,0,3,provable,proved,,ok,horn,IMELL,115600,17188,9.414,10,0,10,0,0,0,2048,10.000,0.038,auto,30,0.696,1073741824,0,
lltp,petri-nets/MCC,,,PolyORBLF_PolyORB-LF-S04-J04-T08-unfolded_5_1.p,intuitionistic,horn,1,,5,0,3,provable,proved,,ok,horn,IMELL,115596,17188,9.338,5,0,5,0,0,0,2048,10.000,0.038,auto,30,0.720,1073741824,0,
lltp,petri-nets/MCC,,,PolyORBLF_PolyORB-LF-S04-J04-T10-unfolded_20_1.p,intuitionistic,horn,1,,5,0,3,provable,proved,,ok,horn,IMELL,144650,21484,108.127,41069,24665,16404,0,0,0,2048,110.000,0.184,auto,30,0.857,1073741824,0,
lltp,petri-nets/MCC,,,PolyORBLF_PolyORB-LF-S04-J06-T06-unfolded_10_1.p,intuitionistic,horn,1,,5,0,3,provable,proved,,ok,horn,IMELL,88276,12892,6.929,10,0,10,0,0,0,2048,0.000,0.035,auto,30,0.491,1073741824,0,
lltp,petri-nets/MCC,,,PolyORBLF_PolyORB-LF-S04-J06-T06-unfolded_5_1.p,intuitionistic,horn,1,,5,0,3,provable,proved,,ok,horn,IMELL,88272,12892,6.805,5,0,5,0,0,0,2048,10.000,0.031,auto,30,0.522,1073741824,0,
lltp,petri-nets/MCC,,,PolyORBLF_PolyORB-LF-S04-J06-T08-unfolded_20_1.p,intuitionistic,horn,1,,5,0,3,provable,proved,,ok,horn,IMELL,117790,17188,10.112,20,0,20,0,0,0,2048,10.000,0.044,auto,30,0.712,1073741824,0,
lltp,petri-nets/MCC,,,PolyORBLF_PolyORB-LF-S04-J06-T10-unfolded_10_1.p,intuitionistic,horn,1,,5,0,3,provable,proved,,ok,horn,IMELL,147372,21484,11.863,10,0,10,0,0,0,2048,10.000,0.037,auto,30,0.823,1073741824,0,
lltp,petri-nets/MCC,,,PolyORBLF_PolyORB-LF-S04-J06-T10-unfolded_5_1.p,intuitionistic,horn,1,,5,0,3,provable,proved,,ok,horn,IMELL,147368,21484,12.070,5,0,5,0,0,0,2048,10.000,0.044,auto,30,0.835,1073741824,0,
lltp,petri-nets/MCC,,,PolyORBLF_PolyORB-LF-S06-J04-T04-unfolded_5_1.p,intuitionistic,horn,1,,5,0,3,provable,proved,,ok,horn,IMELL,241334,38533,17.053,5,0,5,0,0,0,2048,20.000,0.052,auto,30,1.187,1073741824,0,
lltp,petri-nets/MCC,,,PolyORBLF_PolyORB-LF-S06-J04-T06-unfolded_5_1.p,intuitionistic,horn,1,,5,0,3,provable,proved,,ok,horn,IMELL,361976,57786,26.253,5,0,5,0,0,0,2048,30.000,0.072,auto,30,1.825,1073741824,0,
lltp,petri-nets/MCC,,,PolyORBLF_PolyORB-LF-S06-J04-T08-unfolded_5_1.p,intuitionistic,horn,1,,5,0,3,provable,proved,,ok,horn,IMELL,482708,77046,38.045,5,0,5,0,0,0,2048,40.000,0.082,auto,30,2.439,1073741824,0,
lltp,petri-nets/MCC,,,PolyORBLF_PolyORB-LF-S06-J06-T04-unfolded_5_1.p,intuitionistic,horn,1,,5,0,3,provable,proved,,ok,horn,IMELL,242676,38526,18.706,5,0,5,0,0,0,2048,30.000,0.059,auto,30,1.209,1073741824,0,
lltp,petri-nets/MCC,,,PolyORBLF_PolyORB-LF-S06-J06-T06-unfolded_5_1.p,intuitionistic,horn,1,,5,0,3,provable,proved,,ok,horn,IMELL,364000,57786,27.113,5,0,5,0,0,0,2048,30.000,0.069,auto,30,1.881,1073741824,0,
lltp,petri-nets/MCC,,,PolyORBLF_PolyORB-LF-S06-J06-T08-unfolded_5_1.p,intuitionistic,horn,1,,5,0,3,provable,proved,,ok,horn,IMELL,485404,77046,36.614,5,0,5,0,0,0,2048,40.000,0.085,auto,30,2.380,1073741824,0,
lltp,petri-nets/MCC,,,PolyORBNT_PolyORB-NT-S05-J20-unfolded_5_1.p,intuitionistic,horn,1,,5,0,3,provable,proved,,ok,horn,IMELL,33362,4881,2.707,5,0,5,0,0,0,2048,0.000,0.030,auto,30,0.199,1073741824,0,
lltp,petri-nets/MCC,,,PolyORBNT_PolyORB-NT-S05-J30-unfolded_5_1.p,intuitionistic,horn,1,,5,0,3,provable,proved,,ok,horn,IMELL,35286,4882,2.927,5,0,5,0,0,0,2048,0.000,0.028,auto,30,0.237,1073741824,0,
lltp,petri-nets/MCC,,,PolyORBNT_PolyORB-NT-S05-J40-unfolded_5_1.p,intuitionistic,horn,1,,5,0,3,provable,proved,,ok,horn,IMELL,37202,4881,3.383,5,0,5,0,0,0,2048,0.000,0.041,auto,30,0.248,1073741824,0,
lltp,petri-nets/MCC,,,PolyORBNT_PolyORB-NT-S05-J60-unfolded_5_1.p,intuitionistic,horn,1,,5,0,3,provable,proved,,ok,horn,IMELL,41042,4881,3.961,5,0,5,0,0,0,2048,0.000,0.032,auto,30,0.370,1073741824,0,
lltp,petri-nets/MCC,,,PolyORBNT_PolyORB-NT-S05-J80-unfolded_5_1.p,intuitionistic,horn,1,,5,0,3,provable,proved,,ok,horn,IMELL,44882,4881,4.553,5,0,5,0,0,0,2048,0.000,0.036,auto,30,0.358,1073741824,0,
lltp,petri-nets/MCC,,,PolyORBNT_PolyORB-NT-S10-J20-unfolded_5_1.p,intuitionistic,horn,1,,5,0,3,provable,proved,,ok,horn,IMELL,423988,67905,30.799,5,0,5,0,0,0,2048,20.000,0.075,auto,30,2.159,1073741824,0,
lltp,petri-nets/MCC,,,PolyORBNT_PolyORB-NT-S10-J30-unfolded_5_1.p,intuitionistic,horn,1,,5,0,3,provable,proved,,ok,horn,IMELL,426908,67905,31.540,5,0,5,0,0,0,2048,30.000,0.075,auto,30,2.027,1073741824,0,
lltp,petri-nets/MCC,,,PolyORBNT_PolyORB-NT-S10-J40-unfolded_5_1.p,intuitionistic,horn,1,,5,0,3,provable,proved,,ok,horn,IMELL,429828,67905,31.282,5,0,5,0,0,0,2048,30.000,0.072,auto,30,2.224,1073741824,0,
lltp,petri-nets/MCC,,,PolyORBNT_PolyORB-NT-S10-J60-unfolded_5_1.p,intuitionistic,horn,1,,5,0,3,provable,proved,,ok,horn,IMELL,435668,67905,31.618,5,0,5,0,0,0,2048,30.000,0.141,auto,30,2.148,1073741824,0,
lltp,petri-nets/MCC,,,PolyORBNT_PolyORB-NT-S10-J80-unfolded_5_1.p,intuitionistic,horn,1,,5,0,3,provable,proved,,ok,horn,IMELL,441508,67905,34.025,5,0,5,0,0,0,2048,30.000,0.081,auto,30,2.294,1073741824,0,
lltp,petri-nets/MCC,,,ProductionCell_20_1.p,intuitionistic,horn,1,,5,0,3,provable,proved,,ok,horn,IMELL,1076,13,0.412,303,119,184,0,0,0,2048,0.000,0.000,auto,30,0.037,1073741824,0,
lltp,petri-nets/MCC,,,QuasiCertifProtocol_QCertifProtocol_02-unfold_1_1.p,intuitionistic,horn,1,,5,0,3,provable,proved,,ok,horn,IMELL,482,22,0.141,1,0,1,0,0,0,2048,0.000,0.000,auto,30,0.014,1073741824,0,
lltp,petri-nets/MCC,,,QuasiCertifProtocol_QCertifProtocol_06-unfold_1_1.p,intuitionistic,horn,1,,5,0,3,provable,proved,,ok,horn,IMELL,1402,52,0.286,1,0,1,0,0,0,2048,0.000,0.000,auto,30,0.026,1073741824,0,
lltp,petri-nets/MCC,,,QuasiCertifProtocol_QCertifProtocol_10-unfold_10_1.p,intuitionistic,horn,1,,5,0,3,provable,proved,,ok,horn,IMELL,2700,78,0.499,18,0,18,0,0,0,2048,0.000,0.000,auto,30,0.039,1073741824,0,
lltp,petri-nets/MCC,,,QuasiCertifProtocol_QCertifProtocol_18-unfold_1_1.p,intuitionistic,horn,1,,5,0,3,provable,proved,,ok,horn,IMELL,6430,142,1.048,1,0,1,0,0,0,2048,0.000,0.063,auto,30,0.058,1073741824,0,
lltp,petri-nets/MCC,,,QuasiCertifProtocol_QCertifProtocol_22-unfold_1_1.p,intuitionistic,horn,1,,5,0,3,provable,proved,,ok,horn,IMELL,8882,173,1.354,1,0,1,0,0,0,2048,0.000,0.039,auto,30,0.074,1073741824,0,
lltp,petri-nets/MCC,,,QuasiCertifProtocol_QCertifProtocol_28-unfold_1_1.p,intuitionistic,horn,1,,5,0,3,provable,proved,,ok,horn,IMELL,13274,218,1.852,1,0,1,0,0,0,2048,0.000,0.031,auto,30,0.095,1073741824,0,
lltp,petri-nets/MCC,,,QuasiCertifProtocol_QCertifProtocol_32-unfold_1_1.p,intuitionistic,horn,1,,5,0,3,provable,proved,,ok,horn,IMELL,16686,249,2.403,1,0,1,0,0,0,2048,0.000,0.038,auto,30,0.119,1073741824,0,
lltp,petri-nets/MCC,,,Raft_raft_02_100_1.p,intuitionistic,horn,1,,5,0,3,provable,proved,,ok,horn,IMELL,332,17,0.117,3,0,3,0,0,0,2048,0.000,0.000,auto,30,0.011,1073741824,0,
lltp,petri-nets/MCC,,,Raft_raft_02_50_1.p,intuitionistic,horn,1,,5,0,3,provable,proved,,ok,horn,IMELL,332,17,0.113,3,0,3,0,0,0,2048,0.000,0.000,auto,30,0.011,1073741824,0,
lltp,petri-nets/MCC,,,Raft_raft_03_20_1.p,intuitionistic,horn,1,,5,0,3,provable,proved,,ok,horn,IMELL,680,23,0.173,16,1,15,0,0,0,2048,0.000,0.000,auto,30,0.021,1073741824,0,
lltp,petri-nets/MCC,,,Raft_raft_04_50_1.p,intuitionistic,horn,1,,5,0,3,provable,proved,,ok,horn,IMELL,1164,31,0.276,25,1,24,0,0,0,2048,0.000,0.000,auto,30,0.032,1073741824,0,
lltp,petri-nets/MCC,,,Raft_raft_05_50_1.p,intuitionistic,horn,1,,5,0,3,provable,proved,,ok,horn,IMELL,1784,39,0.329,23,1,22,0,0,0,2048,0.000,0.000,auto,30,0.041,1073741824,0,
lltp,petri-nets/MCC,,,Raft_raft_06_50_1.p,intuitionistic,horn,1,,5,0,3,provable,proved,,ok,horn,IMELL,2540,47,0.662,45,4,41,0,0,0,2048,0.000,0.084,auto,30,0.058,1073741824,0,
lltp,petri-nets/MCC,,,Raft_raft_07_20_1.p,intuitionistic,horn,1,,5,0,3,provable,proved,,ok,horn,IMELL,3432,55,0.572,20,0,20,0,0,0,2048,0.000,0.000,auto,30,0.060,1073741824,0,
lltp,petri-nets/MCC,,,Raft_raft_08_1_1.p,intuitionistic,horn,1,,5,0,3,provable,proved,,ok,horn,IMELL,4460,63,0.649,1,0,1,0,0,0,2048,0.000,0.017,auto,30,0.073,1073741824,0,
lltp,petri-nets/MCC,,,Raft_raft_09_100_1.p,intuitionistic,horn,1,,5,0,3,provable,proved,,ok,horn,IMELL,5624,70,161.048,128820,57579,71241,0,0,0,2048,150.000,0.228,auto,30,0.138,1073741824,0,
lltp,petri-nets/MCC,,,Raft_raft_09_5_1.p,intuitionistic,horn,1,,5,0,3,provable,proved,,ok,horn,IMELL,5624,71,0.812,5,0,5,0,0,0,2048,0.000,0.000,auto,30,0.086,1073741824,0,
lltp,petri-nets/MCC,,,Raft_raft_10_50_1.p,intuitionistic,horn,1,,5,0,3,provable,proved,,ok,horn,IMELL,6924,79,1.367,50,0,50,0,0,0,2048,0.000,0.000,auto,30,0.121,1073741824,0,
lltp,petri-nets/MCC,,,Railroad_railroad-005-pt_1_1.p,intuitionistic,horn,1,,5,0,3,provable,proved,,ok,horn,IMELL,682,36,0.146,1,0,1,0,0,0,2048,0.000,0.000,auto,30,0.016,1073741824,0,
lltp,petri-nets/MCC,,,Railroad_railroad-010-pt_100_1.p,intuitionistic,horn,1,,5,0,3,provable,proved,,ok,horn,IMELL,1892,121,0.257,1,0,1,0,0,0,2048,0.000,0.000,auto,30,0.029,1073741824,0,
lltp,petri-nets/MCC,,,Railroad_railroad-010-pt_50_1.p,intuitionistic,horn,1,,5,0,3,provable,proved,,ok,horn,IMELL,1894,121,0.279,6,0,6,0,0,0,2048,0.000,0.000,auto,30,0.033,1073741824,0,
lltp,petri-nets/MCC,,,Railroad_railroad-020-pt_20_1.p,intuitionistic,horn,1,,5,0,3,provable,proved,,ok,horn,IMELL,6114,441,0.739,10,0,10,0,0,0,2048,0.000,0.062,auto,30,0.072,1073741824,0,
lltp,petri-nets/MCC,,,Railroad_railroad-050-pt_1_1.p,intuitionistic,horn,1,,5,0,3,provable,proved,,ok,horn,IMELL,33172,2601,3.409,1,0,1,0,0,0,2048,0.000,0.040,auto,30,0.281,1073741824,0,
lltp,petri-nets/MCC,,,Railroad_railroad-100-pt_100_1.p,intuitionistic,horn,1,,5,0,3,provable,proved,,ok,horn,IMELL,126182,10201,21.830,140,0,140,0,0,0,2048,20.000,0.057,auto,30,1.151,1073741824,0,
lltp,petri-nets/MCC,,,Railroad_railroad-100-pt_5_1.p,intuitionistic,horn,1,,5,0,3,provable,proved,,ok,horn,IMELL,126272,10201,15.022,5,0,5,0,0,0,2048,10.000,0.058,auto,30,1.157,1073741824,0,
lltp,petri-nets/MCC,,,Referendum_referendum-unfolded-1000_50_1.p,intuitionistic,horn,1,,5,0,3,provable,proved,,ok,horn,IMELL,12002,3,4.377,50,0,50,0,0,0,2048,0.000,0.024,auto,30,0.385,1073741824,0,
lltp,petri-nets/MCC,,,Referendum_referendum-unfolded-100_20_1.p,intuitionistic,horn,1,,5,0,3,provable,proved,,ok,horn,IMELL,1202,3,0.338,20,0,20,0,0,0,2048,0.000,0.000,auto,30,0.048,1073741824,0,
lltp,petri-nets/MCC,,,Referendum_referendum-unfolded-10_1_1.p,intuitionistic,horn,1,,5,0,3,provable,proved,,ok,horn,IMELL,122,3,0.067,1,0,1,0,0,0,2048,0.000,0.000,auto,30,0.008,1073741824,0,
lltp,petri-nets/MCC,,,Referendum_referendum-unfolded-15_1_1.p,intuitionistic,horn,1,,5,0,3,provable,proved,,ok,horn,IMELL,182,3,0.084,1,0,1,0,0,0,2048,0.000,0.000,auto,30,0.010,1073741824,0,
lltp,petri-nets/MCC,,,Referendum_referendum-unfolded-200_1_1.p,intuitionistic,horn,1,,5,0,3,provable,proved,,ok,horn,IMELL,2402,3,0.422,1,0,1,0,0,0,2048,0.000,0.000,auto,30,0.078,1073741824,0,
lltp,petri-nets/MCC,,,Referendum_referendum-unfolded-20_1_1.p,intuitionistic,horn,1,,5,0,3,provable,proved,,ok,horn,IMELL,242,3,0.094,1,0,1,0,0,0,2048,0.000,0.000,auto,30,0.012,1073741824,0,
lltp,petri-nets/MCC,,,Referendum_referendum-unfolded-500_100_1.p,intuitionistic,horn,1,,5,0,3,provable,proved,,ok,horn,IMELL,6002,3,3.393,100,0,100,0,0,0,2048,0.000,0.098,auto,30,0.208,1073741824,0,
lltp,petri-nets/MCC,,,Referendum_referendum-unfolded-500_5_1.p,intuitionistic,horn,1,,5,0,3,provable,proved,,ok,horn,IMELL,6002,3,1.184,5,0,5,0,0,0,2048,0.000,0.067,auto,30,0.196,1073741824,0,
lltp,petri-nets/MCC,,,Referendum_referendum-unfolded-50_50_1.p,intuitionistic,horn,1,,5,0,3,provable,proved,,ok,horn,IMELL,602,3,0.251,50,0,50,0,0,0,2048,0.000,0.000,auto,30,0.035,1073741824,0,
lltp,petri-nets/MCC,,,ResAllocation_RAS-C-100_20_1.p,intuitionistic,horn,1,,5,0,3,provable,proved,,ok,horn,IMELL,4746,3,0.756,20,0,20,0,0,0,2048,0.000,0.068,auto,30,0.104,1073741824,0,
lltp,petri-nets/MCC,,,ResAllocation_RAS-C-10_1_1.p,intuitionistic,horn,1,,5,0,3,provable,proved,,ok,horn,IMELL,464,3,0.119,1,0,1,0,0,0,2048,0.000,0.000,auto,30,0.015,1073741824,0,
lltp,petri-nets/MCC,,,ResAllocation_RAS-C-15_10_1.p,intuitionistic,horn,1,,5,0,3,provable,proved,,ok,horn,IMELL,696,3,0.228,86,30,56,0,0,0,2048,0.000,0.000,auto,30,0.025,1073741824,0,
lltp,petri-nets/MCC,,,ResAllocation_RAS-C-15_5_1.p,intuitionistic,horn,1,,5,0,3,provable,proved,,ok,horn,IMELL,700,3,0.158,5,0,5,0,0,0,2048,0.000,0.000,auto,30,0.026,1073741824,0,
lltp,petri-nets/MCC,,,ResAllocation_RAS-C-20_5_1.p,intuitionistic,horn,1,,5,0,3,provable,proved,,ok,horn,IMELL,938,3,0.193,5,0,5,0,0,0,2048,0.000,0.000,auto,30,0.027,1073741824,0,
lltp,petri-nets/MCC,,,ResAllocation_RAS-C-3_20_1.p,intuitionistic,horn,1,,5,0,3,provable,proved,,ok,horn,IMELL,126,3,0.083,50,22,28,0,0,0,2048,0.000,0.000,auto,30,0.008,1073741824,0,
lltp,petri-nets/MCC,,,ResAllocation_RAS-C-50_1_1.p,intuitionistic,horn,1,,5,0,3,provable,proved,,ok,horn,IMELL,2386,3,0.335,1,0,1,0,0,0,2048,0.000,0.000,auto,30,0.056,1073741824,0,
lltp,petri-nets/MCC,,,ResAllocation_RAS-C-5_100_1.p,intuitionistic,horn,1,,5,0,3,provable,proved,,ok,horn,IMELL,222,3,0.184,251,143,108,0,0,0,2048,0.000,0.000,auto,30,0.011,1073741824,0,
lltp,petri-nets/MCC,,,ResAllocation_RAS-C-5_50_1.p,intuitionistic,horn,1,,5,0,3,provable,proved,,ok,horn,IMELL,220,3,0.089,6,0,6,0,0,0,2048,0.000,0.000,auto,30,0.012,1073741824,0,
lltp,petri-nets/MCC,,,ResAllocation_RAS-R-100_1_1.p,intuitionistic,horn,1,,5,0,3,provable,proved,,ok,horn,IMELL,2798,3,0.357,1,0,1,0,0,0,2048,0.000,0.000,auto,30,0.072,1073741824,0,
lltp,petri-nets/MCC,,,ResAllocation_RAS-R-10_100_1.p,intuitionistic,horn,1,,5,0,3,provable,proved,,ok,horn,IMELL,262,3,3.427,11055,7380,3675,0,0,0,2048,0.000,0.100,auto,30,0.035,1073741824,0,
lltp,petri-nets/MCC,,,ResAllocation_RAS-R-10_50_1.p,intuitionistic,horn,1,,5,0,3,provable,proved,,ok,horn,IMELL,262,3,0.207,298,116,182,0,0,0,2048,0.000,0.000,auto,30,0.030,1073741824,0,
lltp,petri-nets/MCC,,,ResAllocation_RAS-R-15_1_1.p,intuitionistic,horn,1,,5,0,3,provable,proved,,ok,horn,IMELL,416,3,0.109,1,0,1,0,0,0,2048,0.000,0.000,auto,30,0.014,1073741824,0,
lltp,petri-nets/MCC,,,ResAllocation_RAS-R-20_100_1.p,intuitionistic,horn,1,,5,0,3,provable,proved,,ok,horn,IMELL,532,3,22.950,57562,41078,16484,0,0,0,2048,20.000,0.106,auto,30,0.071,1073741824,0,
lltp,petri-nets/MCC,,,ResAllocation_RAS-R-20_50_1.p,intuitionistic,horn,1,,5,0,3,provable,proved,,ok,horn,IMELL,540,3,5.740,13208,8257,4951,0,0,0,2048,0.000,0.074,auto,30,0.045,1073741824,0,
lltp,petri-nets/MCC,,,ResAllocation_RAS-R-2_1_1.p,intuitionistic,horn,1,,5,0,3,provable,proved,,ok,horn,IMELL,52,3,0.051,1,0,1,0,0,0,2048,0.000,0.000,auto,30,0.005,1073741824,0,
lltp,petri-nets/MCC,,,ResAllocation_RAS-R-3_100_1.p,intuitionistic,horn,1,,5,0,3,provable,proved,,ok,horn,IMELL,78,3,0.068,24,8,16,0,0,0,2048,0.000,0.000,auto,30,0.007,1073741824,0,
lltp,petri-nets/MCC,,,ResAllocation_RAS-R-3_50_1.p,intuitionistic,horn,1,,5,0,3,provable,proved,,ok,horn,IMELL,80,3,0.059,8,1,7,0,0,0,2048,0.000,0.000,auto,30,0.006,1073741824,0,
lltp,petri-nets/MCC,,,ResAllocation_RAS-R-50_1_1.p,intuitionistic,horn,1,,5,0,3,provable,proved,,ok,horn,IMELL,1398,3,0.218,1,0,1,0,0,0,2048,0.000,0.000,auto,30,0.044,1073741824,0,
lltp,petri-nets/MCC,,,ResAllocation_RAS-R-5_100_1.p,intuitionistic,horn,1,,5,0,3,provable,proved,,ok,horn,IMELL,130,3,0.074,10,0,10,0,0,0,2048,0.000,0.000,auto,30,0.011,1073741824,0,
lltp,petri-nets/MCC,,,ResAllocation_RAS-R-5_50_1.p,intuitionistic,horn,1,,5,0,3,provable,proved,,ok,horn,IMELL,132,3,0.114,112,46,66,0,0,0,2048,0.000,0.000,auto,30,0.010,1073741824,0,
lltp,petri-nets/MCC,,,Ring_ring_1_1.p,intuitionistic,horn,1,,5,0,3,provable,proved,,ok,horn,IMELL,1048,5,0.227,1,0,1,0,0,0,2048,0.000,0.000,auto,30,0.031,1073741824,0,
lltp,petri-nets/MCC,,,RobotManipulation_robot-manipulation-1000_100_1.p,intuitionistic,horn,1,,5,0,3,provable,proved,,ok,horn,IMELL,24020,2002,1.413,100,0,100,0,0,0,2048,0.000,0.058,auto,30,1.693,1073741824,0,
lltp,petri-nets/MCC,,,RobotManipulation_robot-manipulation-1000_50_1.p,intuitionistic,horn,1,,5,0,3,provable,proved,,ok,horn,IMELL,24068,2002,1.159,8,0,8,0,0,0,2048,0.000,0.000,auto,30,1.627,1073741824,0,
lltp,petri-nets/MCC,,,RobotManipulation_robot-manipulation-100_1_1.p,intuitionistic,horn,1,,5,0,3,provable,proved,,ok,horn,IMELL,2472,202,0.169,1,0,1,0,0,0,2048,0.000,0.000,auto,30,0.144,1073741824,0,
lltp,petri-nets/MCC,,,RobotManipulation_robot-manipulation-10_100_1.p,intuitionistic,horn,1,,5,0,3,provable,proved,,ok,horn,IMELL,274,22,0.143,100,0,100,0,0,0,2048,0.000,0.000,auto,30,0.046,1073741824,0,
lltp,petri-nets/MCC,,,RobotManipulation_robot-manipulation-10_50_1.p,intuitionistic,horn,1,,5,0,3,provable,proved,,ok,horn,IMELL,308,22,0.081,8,0,8,0,0,0,2048,0.000,0.000,auto,30,0.023,1073741824,0,
lltp,petri-nets/MCC,,,RobotManipulation_robot-manipulation-1_1_1.p,intuitionistic,horn,1,,5,0,3,provable,proved,,ok,horn,IMELL,96,4,0.057,1,0,1,0,0,0,2048,0.000,0.000,auto,30,0.006,1073741824,0,
lltp,petri-nets/MCC,,,RobotManipulation_robot-manipulation-2000_100_1.p,intuitionistic,horn,1,,5,0,3,provable,proved,,ok,horn,IMELL,48020,4002,2.614,100,0,100,0,0,0,2048,0.000,0.032,auto,30,3.267,1073741824,0,
lltp,petri-nets/MCC,,,RobotManipulation_robot-manipulation-2000_50_1.p,intuitionistic,horn,1,,5,0,3,provable,proved,,ok,horn,IMELL,48068,4002,2.360,8,0,8,0,0,0,2048,0.000,0.000,auto,30,3.091,1073741824,0,
lltp,petri-nets/MCC,,,RobotManipulation_robot-manipulation-200_1_1.p,intuitionistic,horn,1,,5,0,3,provable,proved,,ok,horn,IMELL,4872,402,0.249,1,0,1,0,0,0,2048,0.000,0.000,auto,30,0.271,1073741824,0,
lltp,petri-nets/MCC,,,RobotManipulation_robot-manipulation-20_100_1.p,intuitionistic,horn,1,,5,0,3,provable,proved,,ok,horn,IMELL,500,42,0.129,100,0,100,0,0,0,2048,0.000,0.000,auto,30,0.056,1073741824,0,
lltp,petri-nets/MCC,,,RobotManipulation_robot-manipulation-20_50_1.p,intuitionistic,horn,1,,5,0,3,provable,proved,,ok,horn,IMELL,548,42,0.089,8,0,8,0,0,0,2048,0.000,0.000,auto,30,0.036,1073741824,0,
lltp,petri-nets/MCC,,,RobotManipulation_robot-manipulation-2_1_1.p,intuitionistic,horn,1,,5,0,3,provable,proved,,ok,horn,IMELL,120,6,0.059,1,0,1,0,0,0,2048,0.000,0.000,auto,30,0.008,1073741824,0,
lltp,petri-nets/MCC,,,RobotManipulation_robot-manipulation-500_100_1.p,intuitionistic,horn,1,,5,0,3,provable,proved,,ok,horn,IMELL,12020,1002,0.710,100,0,100,0,0,0,2048,0.000,0.063,auto,30,0.830,1073741824,0,
lltp,petri-nets/MCC,,,RobotManipulation_robot-manipulation-500_50_1.p,intuitionistic,horn,1,,5,0,3,provable,proved,,ok,horn,IMELL,12068,1002,0.651,8,0,8,0,0,0,2048,0.000,0.059,auto,30,0.749,1073741824,0,
lltp,petri-nets/MCC,,,RobotManipulation_robot-manipulation-50_1_1.p,intuitionistic,horn,1,,5,0,3,provable,proved,,ok,horn,IMELL,1272,102,0.121,1,0,1,0,0,0,2048,0.000,0.000,auto,30,0.077,1073741824,0,
lltp,petri-nets/MCC,,,RobotManipulation_robot-manipulation-5_100_1.p,intuitionistic,horn,1,,5,0,3,provable,proved,,ok,horn,IMELL,188,12,0.069,4,0,4,0,0,0,2048,0.000,0.000,auto,30,0.015,1073741824,0,
lltp,petri-nets/MCC,,,RobotManipulation_robot-manipulation-5_50_1.p,intuitionistic,horn,1,,5,0,3,provable,proved,,ok,horn,IMELL,188,12,0.070,8,0,8,0,0,0,2048,0.000,0.000,auto,30,0.016,1073741824,0,
lltp,petri-nets/MCC,,,RwMutex_rwmutex-r1000w10_20_1.p,intuitionistic,horn,1,,5,0,3,provable,proved,,ok,horn,IMELL,60078,12,6.121,20,0,20,0,0,0,2048,10.000,0.044,auto,30,0.758,1073741824,0,
lltp,petri-nets/MCC,,,RwMutex_rwmutex-r100w10_1_1.p,intuitionistic,horn,1,,5,0,3,provable,proved,,ok,horn,IMELL,6116,12,0.562,1,0,1,0,0,0,2048,0.000,0.069,auto,30,0.086,1073741824,0,
lltp,petri-nets/MCC,,,RwMutex_rwmutex-r10w1000_10_1.p,intuitionistic,horn,1,,5,0,3,provable,proved,,ok,horn,IMELL,52194,1002,5.176,2,0,2,0,0,0,2048,0.000,0.032,auto,30,0.510,1073741824,0,
lltp,petri-nets/MCC,,,RwMutex_rwmutex-r10w1000_5_1.p,intuitionistic,horn,1,,5,0,3,provable,proved,,ok,horn,IMELL,52192,1002,5.187,3,0,3,0,0,0,2048,10.000,0.031,auto,30,0.500,1073741824,0,
lltp,petri-nets/MCC,,,RwMutex_rwmutex-r10w100_20_1.p,intuitionistic,horn,1,,5,0,3,provable,proved,,ok,horn,IMELL,5398,102,0.553,0,0,0,0,0,0,2048,0.000,0.000,auto,30,0.064,1073741824,0,
lltp,petri-nets/MCC,,,RwMutex_rwmutex-r10w10_10_1.p,intuitionistic,horn,1,,5,0,3,provable,proved,,ok,horn,IMELL,718,12,0.128,0,0,0,0,0,0,2048,0.000,0.000,auto,30,0.014,1073741824,0,
lltp,petri-nets/MCC,,,RwMutex_rwmutex-r10w10_5_1.p,intuitionistic,horn,1,,5,0,3,provable,proved,,ok,horn,IMELL,698,12,0.137,1,0,1,0,0,0,2048,0.000,0.000,auto,30,0.016,1073741824,0,
lltp,petri-nets/MCC,,,RwMutex_rwmutex-r10w2000_5_1.p,intuitionistic,horn,1,,5,0,3,provable,proved,,ok,horn,IMELL,104178,2002,11.237,1,0,1,0,0,0,2048,0.000,0.078,auto,30,1.038,1073741824,0,
lltp,petri-nets/MCC,,,RwMutex_rwmutex-r10w20_20_1.p,intuitionistic,horn,1,,5,0,3,provable,proved,,ok,horn,IMELL,1238,22,0.193,0,0,0,0,0,0,2048,0.000,0.000,auto,30,0.023,1073741824,0,
lltp,petri-nets/MCC,,,RwMutex_rwmutex-r10w500_10_1.p,intuitionistic,horn,1,,5,0,3,provable,proved,,ok,horn,IMELL,26198,502,2.717,0,0,0,0,0,0,2048,0.000,0.000,auto,30,0.287,1073741824,0,
lltp,petri-nets/MCC,,,RwMutex_rwmutex-r10w500_5_1.p,intuitionistic,horn,1,,5,0,3,provable,proved,,ok,horn,IMELL,26178,502,2.781,1,0,1,0,0,0,2048,0.000,0.051,auto,30,0.257,1073741824,0,
lltp,petri-nets/MCC,,,RwMutex_rwmutex-r10w50_20_1.p,intuitionistic,horn,1,,5,0,3,provable,proved,,ok,horn,IMELL,2798,52,0.362,0,0,0,0,0,0,2048,0.000,0.000,auto,30,0.039,1073741824,0,
lltp,petri-nets/MCC,,,RwMutex_rwmutex-r2000w10_1_1.p,intuitionistic,horn,1,,5,0,3,provable,proved,,ok,horn,IMELL,120116,12,11.191,1,0,1,0,0,0,2048,10.000,0.047,auto,30,1.561,1073741824,0,
lltp,petri-nets/MCC,,,RwMutex_rwmutex-r20w10_10_1.p,intuitionistic,horn,1,,5,0,3,provable,proved,,ok,horn,IMELL,1310,12,0.214,4,0,4,0,0,0,2048,0.000,0.000,auto,30,0.028,1073741824,0,
lltp,petri-nets/MCC,,,RwMutex_rwmutex-r500w10_100_1.p,intuitionistic,horn,1,,5,0,3,provable,proved,,ok,horn,IMELL,29918,12,4.718,100,0,100,0,0,0,2048,0.000,0.053,auto,30,0.384,1073741824,0,
lltp,petri-nets/MCC,,,RwMutex_rwmutex-r500w10_5_1.p,intuitionistic,horn,1,,5,0,3,provable,proved,,ok,horn,IMELL,30108,12,2.876,5,0,5,0,0,0,2048,0.000,0.044,auto,30,0.354,1073741824,0,
lltp,petri-nets/MCC,,,SafeBus-03-unfolded_20_1.p,intuitionistic,horn,1,,5,0,3,provable,proved,,ok,horn,IMELL,1126,43,0.292,68,12,56,0,0,0,2048,0.000,0.000,auto,30,0.029,1073741824,0,
lltp,petri-nets/MCC,,,SafeBus-06-unfolded_10_1.p,intuitionistic,horn,1,,5,0,3,provable,proved,,ok,horn,IMELL,6014,283,38.858,37164,20676,16488,0,0,0,2048,40.000,0.196,auto,30,0.100,1073741824,0,
lltp,petri-nets/MCC,,,SafeBus-06-unfolded_5_1.p,intuitionistic,horn,1,,5,0,3,provable,proved,,ok,horn,IMELL,6012,283,0.829,5,0,5,0,0,0,2048,0.000,0.072,auto,30,0.066,1073741824,0,
lltp,petri-nets/MCC,,,SafeBus-10-unfolded_50_1.p,intuitionistic,horn,1,,5,0,3,provable,proved,,ok,horn,IMELL,22870,1191,6.759,1009,134,875,0,0,0,2048,10.000,0.040,auto,30,0.186,1073741824,0,
lltp,petri-nets/MCC,,,SafeBus-15-unfolded_20_1.p,intuitionistic,horn,1,,5,0,3,provable,proved,,ok,horn,IMELL,69266,3811,221.933,35292,18810,16482,0,0,0,2048,220.000,0.472,auto,30,0.533,1073741824,0,
lltp,petri-nets/MCC,,,SafeBus-20-unfolded_1_1.p,intuitionistic,horn,1,,5,0,3,provable,proved,,ok,horn,IMELL,154908,8781,15.934,1,0,1,0,0,0,2048,10.000,0.098,auto,30,1.111,1073741824,0,
lltp,petri-nets/MCC,,,SharedMemory_shared_memory-pt-100_100_1.p,intuitionistic,horn,1,,5,0,3,provable,proved,,ok,horn,IMELL,160798,9901,25.565,191,63,128,0,0,0,2048,20.000,0.061,auto,30,1.684,1073741824,0,
lltp,petri-nets/MCC,,,SharedMemory_shared_memory-pt-100_5_1.p,intuitionistic,horn,1,,5,0,3,provable,proved,,ok,horn,IMELL,160798,9901,23.320,5,1,4,0,0,0,2048,20.000,0.153,auto,30,1.703,1073741824,0,
lltp,petri-nets/MCC,,,SharedMemory_shared_memory-pt-10_5_1.p,intuitionistic,horn,1,,5,0,3,provable,proved,,ok,horn,IMELL,1678,91,0.315,5,0,5,0,0,0,2048,0.000,0.000,auto,30,0.031,1073741824,0,
lltp,petri-nets/MCC,,,SharedMemory_shared_memory-pt-200_50_1.p,intuitionistic,horn,1,,5,0,3,provable,proved,,ok,horn,IMELL,641598,39801,119.087,95,31,64,0,0,0,2048,120.000,0.314,auto,30,7.382,1073741824,0,
lltp,petri-nets/MCC,,,SharedMemory_shared_memory-pt-20_20_1.p,intuitionistic,horn,1,,5,0,3,provable,proved,,ok,horn,IMELL,6558,381,0.965,28,5,23,0,0,0,2048,0.000,0.076,auto,30,0.084,1073741824,0,
lltp,petri-nets/MCC,,,SharedMemory_shared_memory-pt-50_1_1.p,intuitionistic,horn,1,,5,0,3,provable,proved,,ok,horn,IMELL,40402,2451,6.202,1,0,1,0,0,0,2048,10.000,0.061,auto,30,0.503,1073741824,0,
lltp,petri-nets/MCC,,,SharedMemory_shared_memory-pt-5_100_1.p,intuitionistic,horn,1,,5,0,3,provable,proved,,ok,horn,IMELL,442,21,0.125,0,0,0,0,0,0,2048,0.000,0.000,auto,30,0.013,1073741824,0,
lltp,petri-nets/MCC,,,SharedMemory_shared_memory-pt-5_50_1.p,intuitionistic,horn,1,,5,0,3,provable,proved,,ok,horn,IMELL,442,21,0.121,0,0,0,0,0,0,2048,0.000,0.000,auto,30,0.012,1073741824,0,
lltp,petri-nets/MCC,,,SimpleLoadBal_simple_lbs-10_1_1.p,intuitionistic,horn,1,,5,0,3,provable,proved,,ok,horn,IMELL,8356,512,0.946,1,0,1,0,0,0,2048,0.000,0.000,auto,30,0.076,1073741824,0,
lltp,petri-nets/MCC,,,SimpleLoadBal_simple_lbs-15_100_1.p,intuitionistic,horn,1,,5,0,3,provable,proved,,ok,horn,IMELL,18084,1142,1.813,55,0,55,0,0,0,2048,0.000,0.000,auto,30,0.163,1073741824,0,
lltp,petri-nets/MCC,,,SimpleLoadBal_simple_lbs-15_5_1.p,intuitionistic,horn,1,,5,0,3,provable,proved,,ok,horn,IMELL,18064,1142,1.874,5,0,5,0,0,0,2048,0.000,0.029,auto,30,0.152,1073741824,0,
lltp,petri-nets/MCC,,,SimpleLoadBal_simple_lbs-20_50_1.p,intuitionistic,horn,1,,5,0,3,provable,proved,,ok,horn,IMELL,31482,2022,10.880,3615,1169,2446,0,0,0,2048,10.000,0.054,auto,30,0.295,1073741824,0,
lltp,petri-nets/MCC,,,SimpleLoadBal_simple_lbs-2_1_1.p,intuitionistic,horn,1,,5,0,3,provable,proved,,ok,horn,IMELL,532,24,0.123,1,0,1,0,0,0,2048,0.000,0.000,auto,30,0.010,1073741824,0,
lltp,petri-nets/MCC,,,SimpleLoadBal_simple_lbs-5_100_1.p,intuitionistic,horn,1,,5,0,3,provable,proved,,ok,horn,IMELL,2364,132,0.329,48,5,43,0,0,0,2048,0.000,0.000,auto,30,0.037,1073741824,0,
lltp,petri-nets/MCC,,,SimpleLoadBal_simple_lbs-5_50_1.p,intuitionistic,horn,1,,5,0,3,provable,proved,,ok,horn,IMELL,2364,132,0.349,23,0,23,0,0,0,2048,0.000,0.000,auto,30,0.038,1073741824,0,
lltp,petri-nets/MCC,,,SmallOperatingSystem-MT0016DC0008_1_1.p,intuitionistic,horn,1,,5,0,3,provable,proved,,ok,horn,IMELL,272,18,0.066,1,0,1,0,0,0,2048,0.000,0.000,auto,30,0.018,1073741824,0,
lltp,petri-nets/MCC,,,SmallOperatingSystem-MT0032DC0008_100_1.p,intuitionistic,horn,1,,5,0,3,provable,proved,,ok,horn,IMELL,368,34,0.126,79,0,79,0,0,0,2048,0.000,0.000,auto,30,0.048,1073741824,0,
lltp,petri-nets/MCC,,,SmallOperatingSystem-MT0032DC0008_50_1.p,intuitionistic,horn,1,,5,0,3,provable,proved,,ok,horn,IMELL,344,34,0.121,89,26,63,0,0,0,2048,0.000,0.000,auto,30,0.041,1073741824,0,
lltp,petri-nets/MCC,,,SmallOperatingSystem-MT0032DC0016_1_1.p,intuitionistic,horn,1,,5,0,3,provable,proved,,ok,horn,IMELL,496,34,0.082,1,0,1,0,0,0,2048,0.000,0.000,auto,30,0.034,1073741824,0,
lltp,petri-nets/MCC,,,SmallOperatingSystem-MT0064DC0016_100_1.p,intuitionistic,horn,1,,5,0,3,provable,proved,,ok,horn,IMELL,636,66,0.167,181,54,127,0,0,0,2048,0.000,0.000,auto,30,0.073,1073741824,0,
lltp,petri-nets/MCC,,,SmallOperatingSystem-MT0064DC0016_50_1.p,intuitionistic,horn,1,,5,0,3,provable,proved,,ok,horn,IMELL,674,66,0.124,50,0,50,0,0,0,2048,0.000,0.000,auto,30,0.055,1073741824,0,
lltp,petri-nets/MCC,,,SmallOperatingSystem-MT0064DC0032_20_1.p,intuitionistic,horn,1,,5,0,3,provable,proved,,ok,horn,IMELL,868,66,0.118,20,0,20,0,0,0,2048,0.000,0.000,auto,30,0.062,1073741824,0,
lltp,petri-nets/MCC,,,SmallOperatingSystem-MT0128DC0032_1_1.p,intuitionistic,horn,1,,5,0,3,provable,proved,,ok,horn,IMELL,1456,130,0.124,1,0,1,0,0,0,2048,0.000,0.000,auto,30,0.090,1073741824,0,
lltp,petri-nets/MCC,,,SmallOperatingSystem-MT0128DC0064_100_1.p,intuitionistic,horn,1,,5,0,3,provable,proved,,ok,horn,IMELL,1588,130,0.160,69,1,68,0,0,0,2048,0.000,0.000,auto,30,0.111,1073741824,0,
lltp,petri-nets/MCC,,,SmallOperatingSystem-MT0128DC0064_50_1.p,intuitionistic,horn,1,,5,0,3,provable,proved,,ok,horn,IMELL,1644,130,0.156,50,0,50,0,0,0,2048,0.000,0.000,auto,30,0.110,1073741824,0,
lltp,petri-nets/MCC,,,SmallOperatingSystem-MT0256DC0064_1_1.p,intuitionistic,horn,1,,5,0,3,provable,proved,,ok,horn,IMELL,2864,258,0.180,1,0,1,0,0,0,2048,0.000,0.000,auto,30,0.178,1073741824,0,
lltp,petri-nets/MCC,,,SmallOperatingSystem-MT0256DC0128_100_1.p,intuitionistic,horn,1,,5,0,3,provable,proved,,ok,horn,IMELL,3236,258,0.238,100,0,100,0,0,0,2048,0.000,0.000,auto,30,0.226,1073741824,0,
lltp,petri-nets/MCC,,,SmallOperatingSystem-MT0256DC0128_50_1.p,intuitionistic,horn,1,,5,0,3,provable,proved,,ok,horn,IMELL,3436,258,0.222,50,0,50,0,0,0,2048,0.000,0.000,auto,30,0.218,1073741824,0,
lltp,petri-nets/MCC,,,SmallOperatingSystem-MT0512DC0128_1_1.p,intuitionistic,horn,1,,5,0,3,provable,proved,,ok,horn,IMELL,5680,514,0.306,1,0,1,0,0,0,2048,0.000,0.000,auto,30,0.341,1073741824,0,
lltp,petri-nets/MCC,,,SmallOperatingSystem-MT0512DC0256_100_1.p,intuitionistic,horn,1,,5,0,3,provable,proved,,ok,horn,IMELL,6820,514,0.372,100,0,100,0,0,0,2048,0.000,0.000,auto,30,0.614,1073741824,0,
lltp,petri-nets/MCC,,,SmallOperatingSystem-MT0512DC0256_50_1.p,intuitionistic,horn,1,,5,0,3,provable,proved,,ok,horn,IMELL,7020,514,0.375,50,0,50,0,0,0,2048,0.000,0.000,auto,30,0.445,1073741824,0,
lltp,petri-nets/MCC,,,SmallOperatingSystem-MT1024DC0256_1_1.p,intuitionistic,horn,1,,5,0,3,provable,proved,,ok,horn,IMELL,11312,1026,0.561,1,0,1,0,0,0,2048,0.000,0.064,auto,30,0.712,1073741824,0,
lltp,petri-nets/MCC,,,SmallOperatingSystem-MT1024DC0512_100_1.p,intuitionistic,horn,1,,5,0,3,provable,proved,,ok,horn,IMELL,13988,1026,0.702,100,0,100,0,0,0,2048,0.000,0.025,auto,30,0.906,1073741824,0,
lltp,petri-nets/MCC,,,SmallOperatingSystem-MT1024DC0512_50_1.p,intuitionistic,horn,1,,5,0,3,provable,proved,,ok,horn,IMELL,14188,1026,0.635,50,0,50,0,0,0,2048,0.000,0.000,auto,30,0.836,1073741824,0,
lltp,petri-nets/MCC,,,SmallOperatingSystem-MT2048DC0512_1_1.p,intuitionistic,horn,1,,5,0,3,provable,proved,,ok,horn,IMELL,22576,2050,1.185,1,0,1,0,0,0,2048,0.000,0.036,auto,30,1.414,1073741824,0,
lltp,petri-nets/MCC,,,SmallOperatingSystem-MT2048DC1024_100_1.p,intuitionistic,horn,1,,5,0,3,provable,proved,,ok,horn,IMELL,28324,2050,1.364,100,0,100,0,0,0,2048,0.000,0.022,auto,30,1.882,1073741824,0,
lltp,petri-nets/MCC,,,SmallOperatingSystem-MT2048DC1024_50_1.p,intuitionistic,horn,1,,5,0,3,provable,proved,,ok,horn,IMELL,28524,2050,1.306,50,0,50,0,0,0,2048,0.000,0.000,auto,30,1.897,1073741824,0,
lltp,petri-nets/MCC,,,SmallOperatingSystem-MT4096DC1024_1_1.p,intuitionistic,horn,1,,5,0,3,provable,proved,,ok,horn,IMELL,45104,4098,2.196,1,0,1,0,0,0,2048,0.000,0.029,auto,30,2.936,1073741824,0,
lltp,petri-nets/MCC,,,SmallOperatingSystem-MT4096DC2048_100_1.p,intuitionistic,horn,1,,5,0,3,provable,proved,,ok,horn,IMELL,56996,4098,2.618,100,0,100,0,0,0,2048,0.000,0.027,auto,30,4.273,1073741824,0,
lltp,petri-nets/MCC,,,SmallOperatingSystem-MT4096DC2048_50_1.p,intuitionistic,horn,1,,5,0,3,provable,proved,,ok,horn,IMELL,57196,4098,2.618,50,0,50,0,0,0,2048,0.000,0.040,auto,30,3.823,1073741824,0,
lltp,petri-nets/MCC,,,SmallOperatingSystem-MT8192DC2048_20_1.p,intuitionistic,horn,1,,5,0,3,provable,proved,,ok,horn,IMELL,90084,8194,4.264,20,0,20,0,0,0,2048,0.000,0.034,auto,30,5.940,1073741824,0,
lltp,petri-nets/MCC,,,Solitaire_soli0_counter_square5_20_1.p,intuitionistic,horn,1,,5,0,3,provable,proved,,ok,horn,IMELL,1236,89,305.550,783939,596081,187858,0,0,0,2048,290.000,0.447,auto,30,0.040,1073741824,0,
lltp,petri-nets/MCC,,,Solitaire_soli0_square5_5_1.p,intuitionistic,horn,1,,5,0,3,provable,proved,,ok,horn,IMELL,1010,9,0.183,5,0,5,0,0,0,2048,0.000,0.000,auto,30,0.022,1073741824,0,
lltp,petri-nets/MCC,,,Solitaire_soli1_50_1.p,intuitionistic,horn,1,,5,0,3,provable,proved,,ok,horn,IMELL,1042,9,0.481,566,267,299,0,0,0,2048,0.000,0.000,auto,30,0.035,1073741824,0,
lltp,petri-nets/MCC,,,Solitaire_soli1_counter_20_1.p,intuitionistic,horn,1,,5,0,3,provable,proved,,ok,horn,IMELL,1282,88,952.946,1622757,1208026,414731,0,0,0,2048,940.000,1.113,auto,30,0.044,1073741824,0,
lltp,petri-nets/MCC,,,Solitaire_soli2_1_1.p,intuitionistic,horn,1,,5,0,3,provable,proved,,ok,horn,IMELL,1250,9,0.199,1,0,1,0,0,0,2048,0.000,0.000,auto,30,0.024,1073741824,0,
lltp,petri-nets/MCC,,,Solitaire_soli2_counter_1_1.p,intuitionistic,horn,1,,5,0,3,provable,proved,,ok,horn,IMELL,1576,127,0.204,1,0,1,0,0,0,2048,0.000,0.000,auto,30,0.031,1073741824,0,
lltp,petri-nets/MCC,,,SquareGrid_sg-10-5-10_100_1.p,intuitionistic,horn,1,,5,0,3,provable,proved,,ok,horn,IMELL,26878,23,4.759,100,0,100,0,0,0,2048,0.000,0.047,auto,30,0.989,1073741824,0,
lltp,petri-nets/MCC,,,SquareGrid_sg-10-5-10_5_1.p,intuitionistic,horn,1,,5,0,3,provable,proved,,ok,horn,IMELL,26878,23,2.459,5,0,5,0,0,0,2048,0.000,0.024,auto,30,0.953,1073741824,0,
lltp,petri-nets/MCC,,,SquareGrid_sg-13-6-13_50_1.p,intuitionistic,horn,1,,5,0,3,provable,proved,,ok,horn,IMELL,49970,26,6.534,50,0,50,0,0,0,2048,10.000,0.050,auto,30,1.911,1073741824,0,
lltp,petri-nets/MCC,,,SquareGrid_sg-2-1-2_20_1.p,intuitionistic,horn,1,,5,0,3,provable,proved,,ok,horn,IMELL,766,18,0.192,20,0,20,0,0,0,2048,0.000,0.000,auto,30,0.031,1073741824,0,
lltp,petri-nets/MCC,,,SquareGrid_sg-4-2-4_1_1.p,intuitionistic,horn,1,,5,0,3,provable,proved,,ok,horn,IMELL,3262,17,0.387,1,0,1,0,0,0,2048,0.000,0.000,auto,30,0.086,1073741824,0,
lltp,petri-nets/MCC,,,SquareGrid_sg-8-4-8_100_1.p,intuitionistic,horn,1,,5,0,3,provable,proved,,ok,horn,IMELL,15742,22,3.136,100,0,100,0,0,0,2048,0.000,0.041,auto,30,0.528,1073741824,0,
lltp,petri-nets/MCC,,,SquareGrid_sg-8-4-8_5_1.p,intuitionistic,horn,1,,5,0,3,provable,proved,,ok,horn,IMELL,15742,21,1.621,5,0,5,0,0,0,2048,0.000,0.036,auto,30,0.550,1073741824,0,
lltp,petri-nets/MCC,,,SwimmingPool-10_20_1.p,intuitionistic,horn,1,,5,0,3,provable,proved,,ok,horn,IMELL,1838,201,0.147,20,0,20,0,0,0,2048,0.000,0.000,auto,30,0.119,1073741824,0,
lltp,petri-nets/MCC,,,SwimmingPool-1_10_1.p,intuitionistic,horn,1,,5,0,3,provable,proved,,ok,horn,IMELL,218,21,0.072,10,0,10,0,0,0,2048,0.000,0.000,auto,30,0.020,1073741824,0,
lltp,petri-nets/MCC,,,SwimmingPool-1_5_1.p,intuitionistic,horn,1,,5,0,3,provable,proved,,ok,horn,IMELL,218,21,0.069,5,0,5,0,0,0,2048,0.000,0.000,auto,30,0.017,1073741824,0,
lltp,petri-nets/MCC,,,SwimmingPool-2_20_1.p,intuitionistic,horn,1,,5,0,3,provable,proved,,ok,horn,IMELL,398,41,0.090,20,0,20,0,0,0,2048,0.000,0.000,auto,30,0.031,1073741824,0,
lltp,petri-nets/MCC,,,SwimmingPool-3_10_1.p,intuitionistic,horn,1,,5,0,3,provable,proved,,ok,horn,IMELL,578,61,0.093,10,0,10,0,0,0,2048,0.000,0.000,auto,30,0.042,1073741824,0,
lltp,petri-nets/MCC,,,SwimmingPool-3_5_1.p,intuitionistic,horn,1,,5,0,3,provable,proved,,ok,horn,IMELL,578,61,0.086,5,0,5,0,0,0,2048,0.000,0.000,auto,30,0.040,1073741824,0,
lltp,petri-nets/MCC,,,SwimmingPool-4_20_1.p,intuitionistic,horn,1,,5,0,3,provable,proved,,ok,horn,IMELL,758,81,0.112,20,0,20,0,0,0,2048,0.000,0.000,auto,30,0.054,1073741824,0,
lltp,petri-nets/MCC,,,SwimmingPool-5_10_1.p,intuitionistic,horn,1,,5,0,3,provable,proved,,ok,horn,IMELL,938,101,0.107,10,0,10,0,0,0,2048,0.000,0.000,auto,30,0.065,1073741824,0,
lltp,petri-nets/MCC,,,SwimmingPool-5_5_1.p,intuitionistic,horn,1,,5,0,3,provable,proved,,ok,horn,IMELL,938,101,0.095,5,0,5,0,0,0,2048,0.000,0.000,auto,30,0.065,1073741824,0,
lltp,petri-nets/MCC,,,SwimmingPool-6_20_1.p,intuitionistic,horn,1,,5,0,3,provable,proved,,ok,horn,IMELL,1118,121,0.123,20,0,20,0,0,0,2048,0.000,0.000,auto,30,0.076,1073741824,0,
lltp,petri-nets/MCC,,,SwimmingPool-7_10_1.p,intuitionistic,horn,1,,5,0,3,provable,proved,,ok,horn,IMELL,1298,141,0.116,10,0,10,0,0,0,2048,0.000,0.000,auto,30,0.084,1073741824,0,
lltp,petri-nets/MCC,,,SwimmingPool-7_5_1.p,intuitionistic,horn,1,,5,0,3,provable,proved,,ok,horn,IMELL,1298,141,0.114,5,0,5,0,0,0,2048,0.000,0.000,auto,30,0.083,1073741824,0,
lltp,petri-nets/MCC,,,SwimmingPool-8_20_1.p,intuitionistic,horn,1,,5,0,3,provable,proved,,ok,horn,IMELL,1478,161,0.137,20,0,20,0,0,0,2048,0.000,0.000,auto,30,0.097,1073741824,0,
lltp,petri-nets/MCC,,,SwimmingPool-9_10_1.p,intuitionistic,horn,1,,5,0,3,provable,proved,,ok,horn,IMELL,1658,181,0.138,10,0,10,0,0,0,2048,0.000,0.000,auto,30,0.113,1073741824,0,
lltp,petri-nets/MCC,,,SwimmingPool-9_5_1.p,intuitionistic,horn,1,,5,0,3,provable,proved,,ok,horn,IMELL,1658,181,0.134,5,0,5,0,0,0,2048,0.000,0.000,auto,30,0.113,1073741824,0,
lltp,petri-nets/MCC,,,TCPcondis_tcp10_20_1.p,intuitionistic,horn,1,,5,0,3,provable,proved,,ok,horn,IMELL,324,12,0.111,20,0,20,0,0,0,2048,0.000,0.000,auto,30,0.020,1073741824,0,
lltp,petri-nets/MCC,,,TCPcondis_tcp15_10_1.p,intuitionistic,horn,1,,5,0,3,provable,proved,,ok,horn,IMELL,354,17,0.100,10,0,10,0,0,0,2048,0.000,0.000,auto,30,0.017,1073741824,0,
lltp,petri-nets/MCC,,,TCPcondis_tcp15_5_1.p,intuitionistic,horn,1,,5,0,3,provable,proved,,ok,horn,IMELL,344,17,0.108,5,0,5,0,0,0,2048,0.000,0.000,auto,30,0.017,1073741824,0,
lltp,petri-nets/MCC,,,TCPcondis_tcp20_20_1.p,intuitionistic,horn,1,,5,0,3,provable,proved,,ok,horn,IMELL,414,23,0.112,20,0,20,0,0,0,2048,0.000,0.000,auto,30,0.023,1073741824,0,
lltp,petri-nets/MCC,,,TCPcondis_tcp25_10_1.p,intuitionistic,horn,1,,5,0,3,provable,proved,,ok,horn,IMELL,434,27,0.107,10,0,10,0,0,0,2048,0.000,0.000,auto,30,0.023,1073741824,0,
lltp,petri-nets/MCC,,,TCPcondis_tcp25_5_1.p,intuitionistic,horn,1,,5,0,3,provable,proved,,ok,horn,IMELL,424,27,0.109,5,0,5,0,0,0,2048,0.000,0.000,auto,30,0.022,1073741824,0,
lltp,petri-nets/MCC,,,TCPcondis_tcp30_20_1.p,intuitionistic,horn,1,,5,0,3,provable,proved,,ok,horn,IMELL,494,32,0.114,20,0,20,0,0,0,2048,0.000,0.000,auto,30,0.028,1073741824,0,
lltp,petri-nets/MCC,,,TCPcondis_tcp35_10_1.p,intuitionistic,horn,1,,5,0,3,provable,proved,,ok,horn,IMELL,514,37,0.114,10,0,10,0,0,0,2048,0.000,0.000,auto,30,0.028,1073741824,0,
lltp,petri-nets/MCC,,,TCPcondis_tcp35_5_1.p,intuitionistic,horn,1,,5,0,3,provable,proved,,ok,horn,IMELL,504,37,0.105,5,0,5,0,0,0,2048,0.000,0.000,auto,30,0.025,1073741824,0,
lltp,petri-nets/MCC,,,TCPcondis_tcp40_20_1.p,intuitionistic,horn,1,,5,0,3,provable,proved,,ok,horn,IMELL,574,42,0.120,20,0,20,0,0,0,2048,0.000,0.000,auto,30,0.032,1073741824,0,
lltp,petri-nets/MCC,,,TCPcondis_tcp50_10_1.p,intuitionistic,horn,1,,5,0,3,provable,proved,,ok,horn,IMELL,634,52,0.130,10,0,10,0,0,0,2048,0.000,0.000,auto,30,0.038,1073741824,0,
lltp,petri-nets/MCC,,,TCPcondis_tcp50_5_1.p,intuitionistic,horn,1,,5,0,3,provable,proved,,ok,horn,IMELL,624,52,0.125,5,0,5,0,0,0,2048,0.000,0.000,auto,30,0.041,1073741824,0,
lltp,petri-nets/MCC,,,TCPcondis_tcp5_20_1.p,intuitionistic,horn,1,,5,0,3,provable,proved,,ok,horn,IMELL,264,7,0.153,70,21,49,0,0,0,2048,0.000,0.000,auto,30,0.019,1073741824,0,
lltp,petri-nets/MCC,,,TokenRing-10-unfolded_10_1.p,intuitionistic,horn,1,,5,0,3,provable,proved,,ok,horn,IMELL,8930,21,1.550,547,330,217,0,0,0,2048,0.000,0.000,auto,30,0.107,1073741824,0,
lltp,petri-nets/MCC,,,TokenRing-10-unfolded_5_1.p,intuitionistic,horn,1,,5,0,3,provable,proved,,ok,horn,IMELL,8930,21,1.292,5,0,5,0,0,0,2048,0.000,0.052,auto,30,0.100,1073741824,0,
lltp,petri-nets/MCC,,,TokenRing-15-unfolded_50_1.p,intuitionistic,horn,1,,5,0,3,provable,unknown,timeout,,horn,IMELL,28990,31,5008.624,8197844,6734867,1462977,0,0,0,2048,4990.000,5.969,auto,30,,1073741824,0,
lltp,petri-nets/MCC,,,TokenRing-20-unfolded_20_1.p,intuitionistic,horn,1,,5,0,3,provable,proved,,ok,horn,IMELL,67450,41,9.228,19,0,19,0,0,0,2048,10.000,0.038,auto,30,0.747,1073741824,0,
lltp,petri-nets/MCC,,,TokenRing-30-unfolded_1_1.p,intuitionistic,horn,1,,5,0,3,provable,proved,,ok,horn,IMELL,223570,61,29.616,1,0,1,0,0,0,2048,20.000,0.071,auto,30,2.147,1073741824,0,
lltp,petri-nets/MCC,,,TokenRing-40-unfolded_100_1.p,intuitionistic,horn,1,,5,0,3,provable,unknown,timeout,,horn,IMELL,525290,81,5003.639,246937,190539,56398,0,0,0,2048,4980.000,5.890,auto,30,,1073741824,0,
lltp,petri-nets/MCC,,,TokenRing-40-unfolded_5_1.p,intuitionistic,horn,1,,5,0,3,provable,proved,,ok,horn,IMELL,525290,81,94.877,4,0,4,0,0,0,2048,100.000,0.159,auto,30,5.846,1073741824,0,
lltp,petri-nets/MCC,,,TokenRing-5-unfolded_1_1.p,intuitionistic,horn,1,,5,0,3,provable,proved,,ok,horn,IMELL,1270,11,0.215,1,0,1,0,0,0,2048,0.000,0.000,auto,30,0.021,1073741824,0,
lltp,petri-nets/MCC,,,TokenRing-50-unfolded_50_1.p,intuitionistic,horn,1,,5,0,3,provable,proved,,ok,horn,IMELL,1020610,101,214.054,49,0,49,0,0,0,2048,210.000,0.381,auto,30,13.224,1073741824,0,
lltp,petri-nets/MCC,,,TriangularGrid_trg_1-20-0_100_1.p,intuitionistic,horn,1,,5,0,3,provable,proved,,ok,horn,IMELL,358,51,0.153,101,0,101,0,0,0,2048,0.000,0.000,auto,30,0.056,1073741824,0,
lltp,petri-nets/MCC,,,TriangularGrid_trg_1-20-0_50_1.p,intuitionistic,horn,1,,5,0,3,provable,proved,,ok,horn,IMELL,358,34,0.115,50,0,50,0,0,0,2048,0.000,0.000,auto,30,0.038,1073741824,0,
lltp,petri-nets/MCC,,,TriangularGrid_trg_1-50-0_1_1.p,intuitionistic,horn,1,,5,0,3,provable,proved,,ok,horn,IMELL,718,52,0.090,1,0,1,0,0,0,2048,0.000,0.000,auto,30,0.042,1073741824,0,
lltp,petri-nets/MCC,,,TriangularGrid_trg_2-01-1_100_1.p,intuitionistic,horn,1,,5,0,3,provable,proved,,ok,horn,IMELL,470,10,0.146,31,1,30,0,0,0,2048,0.000,0.000,auto,30,0.026,1073741824,0,
lltp,petri-nets/MCC,,,TriangularGrid_trg_2-01-1_50_1.p,intuitionistic,horn,1,,5,0,3,provable,proved,,ok,horn,IMELL,470,9,0.233,143,35,108,0,0,0,2048,0.000,0.000,auto,30,0.024,1073741824,0,
lltp,petri-nets/MCC,,,TriangularGrid_trg_3-01-1_20_1.p,intuitionistic,horn,1,,5,0,3,provable,proved,,ok,horn,IMELL,1006,10,0.215,20,0,20,0,0,0,2048,0.000,0.000,auto,30,0.037,1073741824,0,
lltp,petri-nets/MCC,,,TriangularGrid_trg_3-02-6_1_1.p,intuitionistic,horn,1,,5,0,3,provable,proved,,ok,horn,IMELL,1294,13,0.181,1,0,1,0,0,0,2048,0.000,0.000,auto,30,0.044,1073741824,0,
lltp,petri-nets/MCC,,,TriangularGrid_trg_4-02-2_100_1.p,intuitionistic,horn,1,,5,0,3,provable,proved,,ok,horn,IMELL,1998,11,1.081,193,9,184,0,0,0,2048,0.000,0.071,auto,30,0.118,1073741824,0,
lltp,petri-nets/MCC,,,TriangularGrid_trg_4-02-2_5_1.p,intuitionistic,horn,1,,5,0,3,provable,proved,,ok,horn,IMELL,1998,9,0.266,5,0,5,0,0,0,2048,0.000,0.000,auto,30,0.061,1073741824,0,
lltp,petri-nets/MCC,,,TriangularGrid_trg_5-02-0_50_1.p,intuitionistic,horn,1,,5,0,3,provable,proved,,ok,horn,IMELL,2878,8,0.568,50,0,50,0,0,0,2048,0.000,0.000,auto,30,0.098,1073741824,0,
lltp,petri-nets/MCC,,,TriangularGrid_trg_5-04-6_20_1.p,intuitionistic,horn,1,,5,0,3,provable,proved,,ok,horn,IMELL,4078,13,0.477,20,0,20,0,0,0,2048,0.000,0.000,auto,30,0.148,1073741824,0,
lltp,petri-nets/MCC,,,UtahNoC_10_1.p,intuitionistic,horn,1,,5,0,3,provable,proved,,ok,horn,IMELL,5826,100,0.903,5,0,5,0,0,0,2048,0.000,0.000,auto,30,0.091,1073741824,0,
lltp,petri-nets/MCC,,,Vasy2003_1_1.p,intuitionistic,horn,1,,5,0,3,provable,proved,,ok,horn,IMELL,5738,105,0.915,1,0,1,0,0,0,2048,0.000,0.061,auto,30,0.081,1073741824,0,
lltp,petri-nets/MCC,,,ARMCacheCoherence_1_1.p,intuitionistic,horn,1,,5,0,3,provable,proved,,ok,horn,IMELL,493894,14998,36.174,1,0,1,0,0,0,2048,40.000,0.136,auto,30,4.031,1073741824,0,
lltp,petri-nets/MCC,,,AirplaneLD-pt-0010_20_1.p,intuitionistic,horn,1,,5,0,3,provable,proved,,ok,horn,IMELL,812,25,0.205,16,0,16,0,0,0,2048,0.000,0.000,auto,30,0.030,1073741824,0,
lltp,petri-nets/MCC,,,AirplaneLD-pt-0020_20_1.p,intuitionistic,horn,1,,5,0,3,provable,proved,,ok,horn,IMELL,1542,50,0.291,16,0,16,0,0,0,2048,0.000,0.000,auto,30,0.043,1073741824,0,
lltp,petri-nets/MCC,,,AirplaneLD-pt-0050_5_1.p,intuitionistic,horn,1,,5,0,3,provable,proved,,ok,horn,IMELL,3736,125,0.552,5,0,5,0,0,0,2048,0.000,0.000,auto,30,0.085,1073741824,0,
lltp,petri-nets/MCC,,,AirplaneLD-pt-0200_1_1.p,intuitionistic,horn,1,,5,0,3,provable,proved,,ok,horn,IMELL,14686,500,2.337,1,0,1,0,0,0,2048,0.000,0.053,auto,30,0.299,1073741824,0,
lltp,petri-nets/MCC,,,AirplaneLD-pt-0500_20_1.p,intuitionistic,horn,1,,5,0,3,provable,proved,,ok,horn,IMELL,36582,1250,237.364,16018,8002,8016,0,0,0,2048,230.000,0.643,auto,30,0.760,1073741824,0,
lltp,petri-nets/MCC,,,AirplaneLD-pt-1000_5_1.p,intuitionistic,horn,1,,5,0,3,provable,proved,,ok,horn,IMELL,73086,2500,10.473,5,0,5,0,0,0,2048,10.000,0.063,auto,30,1.474,1073741824,0,
lltp,petri-nets/MCC,,,AirplaneLD-pt-4000_1_1.p,intuitionistic,horn,1,,5,0,3,provable,proved,,ok,horn,IMELL,292086,10000,56.758,1,0,1,0,0,0,2048,60.000,0.210,auto,30,7.045,1073741824,0,
lltp,petri-nets/MCC,,,Angiogenesis_angiogenesis-01_10_1.p,intuitionistic,horn,1,,5,0,3,provable,proved,,ok,horn,IMELL,396,10,0.142,9,2,7,0,0,0,2048,0.000,0.000,auto,30,0.016,1073741824,0,
lltp,petri-nets/MCC,,,Angiogenesis_angiogenesis-01_5_1.p,intuitionistic,horn,1,,5,0,3,provable,proved,,ok,horn,IMELL,396,10,0.149,7,1,6,0,0,0,2048,0.000,0.000,auto,30,0.018,1073741824,0,
lltp,petri-nets/MCC,,,Angiogenesis_angiogenesis-05_50_1.p,intuitionistic,horn,1,,5,0,3,provable,proved,,ok,horn,IMELL,500,14,0.176,37,4,33,0,0,0,2048,0.000,0.000,auto,30,0.030,1073741824,0,
lltp,petri-nets/MCC,,,Angiogenesis_angiogenesis-10_1_1.p,intuitionistic,horn,1,,5,0,3,provable,proved,,ok,horn,IMELL,686,19,0.159,1,0,1,0,0,0,2048,0.000,0.000,auto,30,0.033,1073741824,0,
lltp,petri-nets/MCC,,,Angiogenesis_angiogenesis-15_100_1.p,intuitionistic,horn,1,,5,0,3,provable,proved,,ok,horn,IMELL,768,24,0.215,66,0,66,0,0,0,2048,0.000,0.000,auto,30,0.051,1073741824,0,
lltp,petri-nets/MCC,,,Angiogenesis_angiogenesis-15_50_1.p,intuitionistic,horn,1,,5,0,3,provable,proved,,ok,horn,IMELL,778,24,0.187,40,0,40,0,0,0,2048,0.000,0.000,auto,30,0.049,1073741824,0,
lltp,petri-nets/MCC,,,Angiogenesis_angiogenesis-20_1_1.p,intuitionistic,horn,1,,5,0,3,provable,proved,,ok,horn,IMELL,1006,29,0.171,1,0,1,0,0,0,2048,0.000,0.000,auto,30,0.052,1073741824,0,
lltp,petri-nets/MCC,,,Angiogenesis_angiogenesis-25_100_1.p,intuitionistic,horn,1,,5,0,3,provable,proved,,ok,horn,IMELL,1042,34,0.247,76,0,76,0,0,0,2048,0.000,0.000,auto,30,0.070,1073741824,0,
lltp,petri-nets/MCC,,,Angiogenesis_angiogenesis-25_50_1.p,intuitionistic,horn,1,,5,0,3,provable,proved,,ok,horn,IMELL,1068,34,0.229,50,0,50,0,0,0,2048,0.000,0.000,auto,30,0.069,1073741824,0,
lltp,petri-nets/MCC,,,Angiogenesis_angiogenesis-50_1_1.p,intuitionistic,horn,1,,5,0,3,provable,proved,,ok,horn,IMELL,1966,59,0.219,1,0,1,0,0,0,2048,0.000,0.000,auto,30,0.110,1073741824,0,
lltp,petri-nets/MCC,,,AutoFlight_afcs_01_a_100_1.p,intuitionistic,horn,1,,5,0,3,provable,proved,,ok,horn,IMELL,218,5,0.108,4,0,4,0,0,0,2048,0.000,0.000,auto,30,0.012,1073741824,0,
lltp,petri-nets/MCC,,,AutoFlight_afcs_01_a_50_1.p,intuitionistic,horn,1,,5,0,3,provable,proved,,ok,horn,IMELL,218,5,0.108,10,0,10,0,0,0,2048,0.000,0.000,auto,30,0.014,1073741824,0,
lltp,petri-nets/MCC,,,AutoFlight_afcs_01_b_1_1.p,intuitionistic,horn,1,,5,0,3,provable,proved,,ok,horn,IMELL,530,4,0.170,1,0,1,0,0,0,2048,0.000,0.000,auto,30,0.015,1073741824,0,
lltp,petri-nets/MCC,,,AutoFlight_afcs_02_a_100_1.p,intuitionistic,horn,1,,5,0,3,provable,proved,,ok,horn,IMELL,390,5,0.164,16,0,16,0,0,0,2048,0.000,0.000,auto,30,0.023,1073741824,0,
lltp,petri-nets/MCC,,,AutoFlight_afcs_02_a_50_1.p,intuitionistic,horn,1,,5,0,3,provable,proved,,ok,horn,IMELL,390,5,0.146,14,0,14,0,0,0,2048,0.000,0.000,auto,30,0.020,1073741824,0,
lltp,petri-nets/MCC,,,AutoFlight_afcs_02_b_1_1.p,intuitionistic,horn,1,,5,0,3,provable,proved,,ok,horn,IMELL,958,4,0.282,1,0,1,0,0,0,2048,0.000,0.000,auto,30,0.022,1073741824,0,
lltp,petri-nets/MCC,,,AutoFlight_afcs_03_a_100_1.p,intuitionistic,horn,1,,5,0,3,provable,proved,,ok,horn,IMELL,562,6,0.201,20,0,20,0,0,0,2048,0.000,0.000,auto,30,0.025,1073741824,0,
lltp,petri-nets/MCC,,,AutoFlight_afcs_03_a_50_1.p,intuitionistic,horn,1,,5,0,3,provable,proved,,ok,horn,IMELL,562,6,0.180,10,0,10,0,0,0,2048,0.000,0.000,auto,30,0.020,1073741824,0,
lltp,petri-nets/MCC,,,AutoFlight_afcs_03_b_1_1.p,intuitionistic,horn,1,,5,0,3,provable,proved,,ok,horn,IMELL,1386,5,0.383,1,0,1,0,0,0,2048,0.000,0.000,auto,30,0.032,1073741824,0,
lltp,petri-nets/MCC,,,AutoFlight_afcs_04_a_10_1.p,intuitionistic,horn,1,,5,0,3,provable,proved,,ok,horn,IMELL,734,7,0.207,10,0,10,0,0,0,2048,0.000,0.000,auto,30,0.026,1073741824,0,
lltp,petri-nets/MCC,,,AutoFlight_afcs_04_b_100_1.p,intuitionistic,horn,1,,5,0,3,provable,proved,,ok,horn,IMELL,1852,7,0.513,110,0,110,0,0,0,2048,0.000,0.000,auto,30,0.064,1073741824,0,
lltp,petri-nets/MCC,,,AutoFlight_afcs_04_b_50_1.p,intuitionistic,horn,1,,5,0,3,provable,proved,,ok,horn,IMELL,1830,6,0.904,1706,782,924,0,0,0,2048,0.000,0.024,auto,30,0.052,1073741824,0,
lltp,petri-nets/MCC,,,AutoFlight_afcs_05_a_20_1.p,intuitionistic,horn,1,,5,0,3,provable,proved,,ok,horn,IMELL,906,8,0.234,23,1,22,0,0,0,2048,0.000,0.000,auto,30,0.032,1073741824,0,
lltp,petri-nets/MCC,,,AutoFlight_afcs_05_b_10_1.p,intuitionistic,horn,1,,5,0,3,provable,proved,,ok,horn,IMELL,2252,8,0.586,10,0,10,0,0,0,2048,0.000,0.000,auto,30,0.059,1073741824,0,
lltp,petri-nets/MCC,,,AutoFlight_afcs_05_b_5_1.p,intuitionistic,horn,1,,5,0,3,provable,proved,,ok,horn,IMELL,2248,8,0.564,5,0,5,0,0,0,2048,0.000,0.000,auto,30,0.053,1073741824,0,
lltp,petri-nets/MCC,,,AutoFlight_afcs_06_a_20_1.p,intuitionistic,horn,1,,5,0,3,provable,proved,,ok,horn,IMELL,1078,9,0.314,51,0,51,0,0,0,2048,0.000,0.000,auto,30,0.038,1073741824,0,
lltp,petri-nets/MCC,,,AutoFlight_afcs_06_b_10_1.p,intuitionistic,horn,1,,5,0,3,provable,proved,,ok,horn,IMELL,2682,9,0.660,10,0,10,0,0,0,2048,0.000,0.034,auto,30,0.063,1073741824,0,
lltp,petri-nets/MCC,,,AutoFlight_afcs_06_b_5_1.p,intuitionistic,horn,1,,5,0,3,provable,proved,,ok,horn,IMELL,2676,9,0.718,5,0,5,0,0,0,2048,0.000,0.057,auto,30,0.060,1073741824,0,
lltp,petri-nets/MCC,,,AutoFlight_afcs_12_a_50_1.p,intuitionistic,horn,1,,5,0,3,provable,proved,,ok,horn,IMELL,2110,15,0.741,188,0,188,0,0,0,2048,0.000,0.000,auto,30,0.067,1073741824,0,
lltp,petri-nets/MCC,,,AutoFlight_afcs_12_b_1_1.p,intuitionistic,horn,1,,5,0,3,provable,proved,,ok,horn,IMELL,5238,14,1.371,1,0,1,0,0,0,2048,0.000,0.033,auto,30,0.100,1073741824,0,
lltp,petri-nets/MCC,,,AutoFlight_afcs_24_a_100_1.p,intuitionistic,horn,1,,5,0,3,provable,proved,,ok,horn,IMELL,4174,27,1.533,208,0,208,0,0,0,2048,0.000,0.101,auto,30,0.124,1073741824,0,
lltp,petri-nets/MCC,,,AutoFlight_afcs_24_a_5_1.p,intuitionistic,horn,1,,5,0,3,provable,proved,,ok,horn,IMELL,4174,27,0.829,5,0,5,0,0,0,2048,0.000,0.000,auto,30,0.097,1073741824,0,
lltp,petri-nets/MCC,,,AutoFlight_afcs_24_b_20_1.p,intuitionistic,horn,1,,5,0,3,provable,proved,,ok,horn,IMELL,10384,27,2.480,20,0,20,0,0,0,2048,0.000,0.029,auto,30,0.203,1073741824,0,
lltp,petri-nets/MCC,,,AutoFlight_afcs_48_a_1_1.p,intuitionistic,horn,1,,5,0,3,provable,proved,,ok,horn,IMELL,7430,53,1.444,1,0,1,0,0,0,2048,0.000,0.000,auto,30,0.166,1073741824,0,
lltp,petri-nets/MCC,,,AutoFlight_afcs_48_b_100_1.p,intuitionistic,horn,1,,5,0,3,provable,proved,,ok,horn,IMELL,18316,53,4.265,100,0,100,0,0,0,2048,0.000,0.051,auto,30,0.351,1073741824,0,
lltp,petri-nets/MCC,,,AutoFlight_afcs_48_b_50_1.p,intuitionistic,horn,1,,5,0,3,provable,proved,,ok,horn,IMELL,18306,53,4.033,50,0,50,0,0,0,2048,0.000,0.039,auto,30,0.346,1073741824,0,
lltp,petri-nets/MCC,,,AutoFlight_afcs_96_a_20_1.p,intuitionistic,horn,1,,5,0,3,provable,proved,,ok,horn,IMELL,14854,105,2.805,20,0,20,0,0,0,2048,0.000,0.038,auto,30,0.349,1073741824,0,
lltp,petri-nets/MCC,,,AutoFlight_afcs_96_b_10_1.p,intuitionistic,horn,1,,5,0,3,provable,proved,,ok,horn,IMELL,36410,105,9.700,10,0,10,0,0,0,2048,0.000,0.060,auto,30,0.690,1073741824,0,
lltp,petri-nets/MCC,,,AutoFlight_afcs_96_b_5_1.p,intuitionistic,horn,1,,5,0,3,provable,proved,,ok,horn,IMELL,36408,105,9.547,5,0,5,0,0,0,2048,10.000,0.060,auto,30,0.685,1073741824,0,
lltp,petri-nets/MCC,,,BART-005-unf_1_1.p,intuitionistic,horn,1,,5,0,3,provable,proved,,ok,horn,IMELL,71726,976,8.787,1,0,1,0,0,0,2048,10.000,0.055,auto,30,0.687,1073741824,0,
lltp,petri-nets/MCC,,,BART-010-unf_100_1.p,intuitionistic,horn,1,,5,0,3,provable,proved,,ok,horn,IMELL,142366,1951,16.204,10,0,10,0,0,0,2048,20.000,0.068,auto,30,1.196,1073741824,0,
lltp,petri-nets/MCC,,,BART-010-unf_5_1.p,intuitionistic,horn,1,,5,0,3,provable,proved,,ok,horn,IMELL,142366,1951,15.494,5,0,5,0,0,0,2048,10.000,0.073,auto,30,1.256,1073741824,0,
lltp,petri-nets/MCC,,,BART-020-unf_50_1.p,intuitionistic,horn,1,,5,0,3,provable,unknown,timeout,,horn,IMELL,283646,3901,5036.836,247266,207526,39740,0,0,0,2048,5000.000,15.623,auto,30,,1073741824,0,
lltp,petri-nets/MCC,,,BART-030-unf_20_1.p,intuitionistic,horn,1,,5,0,3,provable,proved,,ok,horn,IMELL,424926,5851,56.300,20,0,20,0,0,0,2048,60.000,0.154,auto,30,3.960,1073741824,0,
lltp,petri-nets/MCC,,,BART-040-unf_1_1.p,intuitionistic,horn,1,,5,0,3,provable,proved,,ok,horn,IMELL,566206,7801,100.578,1,0,1,0,0,0,2048,100.000,0.287,auto,30,5.358,1073741824,0,
lltp,petri-nets/MCC,,,BART-050-unf_100_1.p,intuitionistic,horn,1,,5,0,3,provable,unknown,timeout,,horn,IMELL,707486,9751,5001.598,162875,135942,26933,0,0,0,2048,4980.000,13.859,auto,30,,1073741824,0,
lltp,petri-nets/MCC,,,BART-050-unf_5_1.p,intuitionistic,horn,1,,5,0,3,provable,proved,,ok,horn,IMELL,707486,9751,90.467,5,0,5,0,0,0,2048,90.000,0.422,auto,30,5.846,1073741824,0,
lltp,petri-nets/MCC,,,BART-060-unf_50_1.p,intuitionistic,horn,1,,5,0,3,provable,proved,,ok,horn,IMELL,848766,11701,117.224,50,0,50,0,0,0,2048,110.000,0.408,auto,30,8.108,1073741824,0,
lltp,petri-nets/MCC,,,BridgeAndVehicles-V04-P05-N02-unfolded_20_1.p,intuitionistic,horn,1,,5,0,3,provable,proved,,ok,horn,IMELL,748,27,0.185,43,7,36,0,0,0,2048,0.000,0.000,auto,30,0.025,1073741824,0,
lltp,petri-nets/MCC,,,BridgeAndVehicles-V10-P10-N10-unfolded_10_1.p,intuitionistic,horn,1,,5,0,3,provable,proved,,ok,horn,IMELL,4384,223,1.810,3012,1585,1427,0,0,0,2048,0.000,0.079,auto,30,0.054,1073741824,0,
lltp,petri-nets/MCC,,,BridgeAndVehicles-V10-P10-N10-unfolded_5_1.p,intuitionistic,horn,1,,5,0,3,provable,proved,,ok,horn,IMELL,4386,223,0.590,113,41,72,0,0,0,2048,0.000,0.000,auto,30,0.048,1073741824,0,
lltp,petri-nets/MCC,,,BridgeAndVehicles-V20-P10-N10-unfolded_20_1.p,intuitionistic,horn,1,,5,0,3,provable,proved,,ok,horn,IMELL,8426,443,1.119,325,142,183,0,0,0,2048,0.000,0.000,auto,30,0.089,1073741824,0,
lltp,petri-nets/MCC,,,BridgeAndVehicles-V20-P10-N20-unfolded_10_1.p,intuitionistic,horn,1,,5,0,3,provable,proved,,ok,horn,IMELL,14986,843,1.534,10,0,10,0,0,0,2048,0.000,0.020,auto,30,0.179,1073741824,0,
lltp,petri-nets/MCC,,,BridgeAndVehicles-V20-P10-N20-unfolded_5_1.p,intuitionistic,horn,1,,5,0,3,provable,proved,,ok,horn,IMELL,14986,843,1.528,5,0,5,0,0,0,2048,0.000,0.028,auto,30,0.134,1073741824,0,
lltp,petri-nets/MCC,,,BridgeAndVehicles-V20-P10-N50-unfolded_20_1.p,intuitionistic,horn,1,,5,0,3,provable,proved,,ok,horn,IMELL,34666,2043,35.133,42940,26420,16520,0,0,0,2048,30.000,0.084,auto,30,0.285,1073741824,0,
lltp,petri-nets/MCC,,,BridgeAndVehicles-V20-P20-N10-unfolded_10_1.p,intuitionistic,horn,1,,5,0,3,provable,proved,,ok,horn,IMELL,8546,443,0.876,10,0,10,0,0,0,2048,0.000,0.071,auto,30,0.084,1073741824,0,
lltp,petri-nets/MCC,,,BridgeAndVehicles-V20-P20-N10-unfolded_5_1.p,intuitionistic,horn,1,,5,0,3,provable,proved,,ok,horn,IMELL,8546,443,0.958,5,0,5,0,0,0,2048,0.000,0.068,auto,30,0.082,1073741824,0,
lltp,petri-nets/MCC,,,BridgeAndVehicles-V20-P20-N20-unfolded_20_1.p,intuitionistic,horn,1,,5,0,3,provable,proved,,ok,horn,IMELL,15106,843,1.687,20,0,20,0,0,0,2048,0.000,0.028,auto,30,0.138,1073741824,0,
lltp,petri-nets/MCC,,,BridgeAndVehicles-V20-P20-N50-unfolded_10_1.p,intuitionistic,horn,1,,5,0,3,provable,proved,,ok,horn,IMELL,34786,2043,7.644,4492,2603,1889,0,0,0,2048,10.000,0.063,auto,30,0.294,1073741824,0,
lltp,petri-nets/MCC,,,BridgeAndVehicles-V20-P20-N50-unfolded_5_1.p,intuitionistic,horn,1,,5,0,3,provable,proved,,ok,horn,IMELL,34786,2043,3.458,25,6,19,0,0,0,2048,0.000,0.055,auto,30,0.273,1073741824,0,
lltp,petri-nets/MCC,,,BridgeAndVehicles-V50-P20-N10-unfolded_20_1.p,intuitionistic,horn,1,,5,0,3,provable,proved,,ok,horn,IMELL,20666,1103,3.800,2375,1449,926,0,0,0,2048,0.000,0.028,auto,30,0.199,1073741824,0,
lltp,petri-nets/MCC,,,BridgeAndVehicles-V50-P20-N20-unfolded_10_1.p,intuitionistic,horn,1,,5,0,3,provable,proved,,ok,horn,IMELL,36826,2103,3.569,10,0,10,0,0,0,2048,0.000,0.051,auto,30,0.300,1073741824,0,
lltp,petri-nets/MCC,,,BridgeAndVehicles-V50-P20-N20-unfolded_5_1.p,intuitionistic,horn,1,,5,0,3,provable,proved,,ok,horn,IMELL,36826,2103,3.677,5,0,5,0,0,0,2048,0.000,0.040,auto,30,0.300,1073741824,0,
lltp,petri-nets/MCC,,,BridgeAndVehicles-V50-P20-N50-unfolded_20_1.p,intuitionistic,horn,1,,5,0,3,provable,proved,,ok,horn,IMELL,85294,5103,8.623,20,0,20,0,0,0,2048,10.000,0.060,auto,30,0.661,1073741824,0,
lltp,petri-nets/MCC,,,BridgeAndVehicles-V50-P50-N10-unfolded_10_1.p,intuitionistic,horn,1,,5,0,3,provable,proved,,ok,horn,IMELL,21026,1103,2.156,10,0,10,0,0,0,2048,0.000,0.041,auto,30,0.187,1073741824,0,
lltp,petri-nets/MCC,,,BridgeAndVehicles-V50-P50-N10-unfolded_5_1.p,intuitionistic,horn,1,,5,0,3,provable,proved,,ok,horn,IMELL,21026,1103,2.074,5,0,5,0,0,0,2048,0.000,0.031,auto,30,0.198,1073741824,0,
lltp,petri-nets/MCC,,,BridgeAndVehicles-V50-P50-N20-unfolded_20_1.p,intuitionistic,horn,1,,5,0,3,provable,proved,,ok,horn,IMELL,37186,2103,3.713,22,0,22,0,0,0,2048,0.000,0.054,auto,30,0.298,1073741824,0,
lltp,petri-nets/MCC,,,BridgeAndVehicles-V50-P50-N50-unfolded_10_1.p,intuitionistic,horn,1,,5,0,3,provable,proved,,ok,horn,IMELL,85660,5103,8.643,10,0,10,0,0,0,2048,0.000,0.062,auto,30,0.642,1073741824,0,
lltp,petri-nets/MCC,,,BridgeAndVehicles-V50-P50-N50-unfolded_5_1.p,intuitionistic,horn,1,,5,0,3,provable,proved,,ok,horn,IMELL,85664,5103,8.316,5,0,5,0,0,0,2048,10.000,0.090,auto,30,0.605,1073741824,0,
lltp,petri-nets/MCC,,,BridgeAndVehicles-V80-P20-N10-unfolded_20_1.p,intuitionistic,horn,1,,5,0,3,provable,proved,,ok,horn,IMELL,32786,1763,3.314,22,0,22,0,0,0,2048,0.000,0.036,auto,30,0.290,1073741824,0,
lltp,petri-nets/MCC,,,BridgeAndVehicles-V80-P20-N20-unfolded_10_1.p,intuitionistic,horn,1,,5,0,3,provable,proved,,ok,horn,IMELL,58546,3363,5.975,10,0,10,0,0,0,2048,10.000,0.056,auto,30,0.497,1073741824,0,
lltp,petri-nets/MCC,,,BridgeAndVehicles-V80-P20-N20-unfolded_5_1.p,intuitionistic,horn,1,,5,0,3,provable,proved,,ok,horn,IMELL,58546,3363,5.928,5,0,5,0,0,0,2048,10.000,0.060,auto,30,0.478,1073741824,0,
lltp,petri-nets/MCC,,,BridgeAndVehicles-V80-P20-N50-unfolded_20_1.p,intuitionistic,horn,1,,5,0,3,provable,proved,,ok,horn,IMELL,135824,8163,13.483,20,0,20,0,0,0,2048,20.000,0.131,auto,30,1.023,1073741824,0,
lltp,petri-nets/MCC,,,BridgeAndVehicles-V80-P50-N10-unfolded_10_1.p,intuitionistic,horn,1,,5,0,3,provable,proved,,ok,horn,IMELL,33146,1763,3.293,10,0,10,0,0,0,2048,0.000,0.032,auto,30,0.302,1073741824,0,
lltp,petri-nets/MCC,,,BridgeAndVehicles-V80-P50-N10-unfolded_5_1.p,intuitionistic,horn,1,,5,0,3,provable,proved,,ok,horn,IMELL,33146,1763,3.265,5,0,5,0,0,0,2048,0.000,0.038,auto,30,0.306,1073741824,0,
lltp,petri-nets/MCC,,,BridgeAndVehicles-V80-P50-N20-unfolded_20_1.p,intuitionistic,horn,1,,5,0,3,provable,proved,,ok,horn,IMELL,58904,3363,5.828,20,0,20,0,0,0,2048,10.000,0.038,auto,30,0.494,1073741824,0,
lltp,petri-nets/MCC,,,BridgeAndVehicles-V80-P50-N50-unfolded_10_1.p,intuitionistic,horn,1,,5,0,3,provable,proved,,ok,horn,IMELL,136184,8163,13.816,10,0,10,0,0,0,2048,10.000,0.063,auto,30,1.017,1073741824,0,
lltp,petri-nets/MCC,,,BridgeAndVehicles-V80-P50-N50-unfolded_5_1.p,intuitionistic,horn,1,,5,0,3,provable,proved,,ok,horn,IMELL,136184,8163,13.359,5,0,5,0,0,0,2048,10.000,0.045,auto,30,1.080,1073741824,0,
lltp,petri-nets/MCC,,,CSRepetitions_cs_repetitions-10-unfolded_20_1.p,intuitionistic,horn,1,,5,0,3,provable,proved,,ok,horn,IMELL,18078,1010,2.738,4,0,4,0,0,0,2048,0.000,0.052,auto,30,0.255,1073741824,0,
lltp,petri-nets/MCC,,,CSRepetitions_cs_repetitions-2-unfolded_10_1.p,intuitionistic,horn,1,,5,0,3,provable,proved,,ok,horn,IMELL,222,10,0.098,10,0,10,0,0,0,2048,0.000,0.000,auto,30,0.012,1073741824,0,
lltp,petri-nets/MCC,,,CSRepetitions_cs_repetitions-2-unfolded_5_1.p,intuitionistic,horn,1,,5,0,3,provable,proved,,ok,horn,IMELL,222,10,0.091,5,0,5,0,0,0,2048,0.000,0.000,auto,30,0.010,1073741824,0,
lltp,petri-nets/MCC,,,CSRepetitions_cs_repetitions-3-unfolded_50_1.p,intuitionistic,horn,1,,5,0,3,provable,proved,,ok,horn,IMELL,634,30,0.681,942,435,507,0,0,0,2048,0.000,0.000,auto,30,0.018,1073741824,0,
lltp,petri-nets/MCC,,,CSRepetitions_cs_repetitions-4-unfolded_50_1.p,intuitionistic,horn,1,,5,0,3,provable,proved,,ok,horn,IMELL,1374,68,2.481,2941,1390,1551,0,0,0,2048,0.000,0.026,auto,30,0.030,1073741824,0,
lltp,petri-nets/MCC,,,CSRepetitions_cs_repetitions-5-unfolded_50_1.p,intuitionistic,horn,1,,5,0,3,provable,proved,,ok,horn,IMELL,2538,130,17.004,15866,7697,8169,0,0,0,2048,10.000,0.105,auto,30,0.048,1073741824,0,
lltp,petri-nets/MCC,,,CSRepetitions_cs_repetitions-7-unfolded_50_1.p,intuitionistic,horn,1,,5,0,3,provable,proved,,ok,horn,IMELL,6522,350,226.895,76651,37729,38922,0,0,0,2048,220.000,0.562,auto,30,0.091,1073741824,0,
lltp,petri-nets/MCC,,,CircadianClock_circadian_clock-000001_20_1.p,intuitionistic,horn,1,,5,0,3,provable,proved,,ok,horn,IMELL,142,5,0.085,2,0,2,0,0,0,2048,0.000,0.000,auto,30,0.009,1073741824,0,
lltp,petri-nets/MCC,,,CircadianClock_circadian_clock-000010_10_1.p,intuitionistic,horn,1,,5,0,3,provable,proved,,ok,horn,IMELL,322,14,0.089,10,0,10,0,0,0,2048,0.000,0.000,auto,30,0.022,1073741824,0,
lltp,petri-nets/MCC,,,CircadianClock_circadian_clock-000010_5_1.p,intuitionistic,horn,1,,5,0,3,provable,proved,,ok,horn,IMELL,322,14,0.090,5,0,5,0,0,0,2048,0.000,0.000,auto,30,0.022,1073741824,0,
lltp,petri-nets/MCC,,,CircadianClock_circadian_clock-000100_20_1.p,intuitionistic,horn,1,,5,0,3,provable,proved,,ok,horn,IMELL,2122,104,0.184,20,0,20,0,0,0,2048,0.000,0.000,auto,30,0.138,1073741824,0,
lltp,petri-nets/MCC,,,CircadianClock_circadian_clock-001000_10_1.p,intuitionistic,horn,1,,5,0,3,provable,proved,,ok,horn,IMELL,20122,1004,0.996,10,0,10,0,0,0,2048,0.000,0.000,auto,30,1.249,1073741824,0,
lltp,petri-nets/MCC,,,CircadianClock_circadian_clock-001000_5_1.p,intuitionistic,horn,1,,5,0,3,provable,proved,,ok,horn,IMELL,20122,1004,1.014,5,0,5,0,0,0,2048,0.000,0.043,auto,30,1.238,1073741824,0,
lltp,petri-nets/MCC,,,CircularTrains_CircularTrain-012_20_1.p,intuitionistic,horn,1,,5,0,3,provable,proved,,ok,horn,IMELL,142,3,0.075,8,0,8,0,0,0,2048,0.000,0.000,auto,30,0.011,1073741824,0,
lltp,petri-nets/MCC,,,CircularTrains_CircularTrain-024_10_1.p,intuitionistic,horn,1,,5,0,3,provable,proved,,ok,horn,IMELL,286,3,0.101,10,0,10,0,0,0,2048,0.000,0.000,auto,30,0.016,1073741824,0,
lltp,petri-nets/MCC,,,CircularTrains_CircularTrain-024_5_1.p,intuitionistic,horn,1,,5,0,3,provable,proved,,ok,horn,IMELL,286,3,0.090,5,0,5,0,0,0,2048,0.000,0.000,auto,30,0.013,1073741824,0,
lltp,petri-nets/MCC,,,CircularTrains_CircularTrain-048_20_1.p,intuitionistic,horn,1,,5,0,3,provable,proved,,ok,horn,IMELL,574,3,0.156,20,0,20,0,0,0,2048,0.000,0.000,auto,30,0.028,1073741824,0,
lltp,petri-nets/MCC,,,CircularTrains_CircularTrain-096_1_1.p,intuitionistic,horn,1,,5,0,3,provable,proved,,ok,horn,IMELL,1150,3,0.181,1,0,1,0,0,0,2048,0.000,0.000,auto,30,0.042,1073741824,0,
lltp,petri-nets/MCC,,,CircularTrains_CircularTrain-192_100_1.p,intuitionistic,horn,1,,5,0,3,provable,proved,,ok,horn,IMELL,2302,3,0.761,100,0,100,0,0,0,2048,0.000,0.000,auto,30,0.180,1073741824,0,
lltp,petri-nets/MCC,,,CircularTrains_CircularTrain-192_5_1.p,intuitionistic,horn,1,,5,0,3,provable,proved,,ok,horn,IMELL,2302,3,0.328,5,0,5,0,0,0,2048,0.000,0.000,auto,30,0.067,1073741824,0,
lltp,petri-nets/MCC,,,CircularTrains_CircularTrain-384_50_1.p,intuitionistic,horn,1,,5,0,3,provable,proved,,ok,horn,IMELL,4606,3,1.033,50,0,50,0,0,0,2048,0.000,0.074,auto,30,0.153,1073741824,0,
lltp,petri-nets/MCC,,,CircularTrains_CircularTrain-768_20_1.p,intuitionistic,horn,1,,5,0,3,provable,proved,,ok,horn,IMELL,9214,3,1.462,20,0,20,0,0,0,2048,0.000,0.000,auto,30,0.260,1073741824,0,
lltp,petri-nets/MCC,,,ClientsAndServers-0001-0_10_1.p,intuitionistic,horn,1,,5,0,3,provable,proved,,ok,horn,IMELL,190,9,0.088,10,0,10,0,0,0,2048,0.000,0.000,auto,30,0.014,1073741824,0,
lltp,petri-nets/MCC,,,ClientsAndServers-0001-0_5_1.p,intuitionistic,horn,1,,5,0,3,provable,proved,,ok,horn,IMELL,184,9,0.082,5,0,5,0,0,0,2048,0.000,0.000,auto,30,0.012,1073741824,0,
lltp,petri-nets/MCC,,,ClientsAndServers-0002-0_20_1.p,intuitionistic,horn,1,,5,0,3,provable,proved,,ok,horn,IMELL,270,17,0.099,20,0,20,0,0,0,2048,0.000,0.000,auto,30,0.022,1073741824,0,
lltp,petri-nets/MCC,,,ClientsAndServers-0002-1_10_1.p,intuitionistic,horn,1,,5,0,3,provable,proved,,ok,horn,IMELL,282,17,0.089,10,0,10,0,0,0,2048,0.000,0.000,auto,30,0.019,1073741824,0,
lltp,petri-nets/MCC,,,ClientsAndServers-0002-1_5_1.p,intuitionistic,horn,1,,5,0,3,provable,proved,,ok,horn,IMELL,272,17,0.090,5,0,5,0,0,0,2048,0.000,0.000,auto,30,0.017,1073741824,0,
lltp,petri-nets/MCC,,,ClientsAndServers-0005-0_20_1.p,intuitionistic,horn,1,,5,0,3,provable,proved,,ok,horn,IMELL,486,41,0.106,20,0,20,0,0,0,2048,0.000,0.000,auto,30,0.035,1073741824,0,
lltp,petri-nets/MCC,,,ClientsAndServers-0005-1_10_1.p,intuitionistic,horn,1,,5,0,3,provable,proved,,ok,horn,IMELL,486,41,0.105,10,0,10,0,0,0,2048,0.000,0.000,auto,30,0.034,1073741824,0,
lltp,petri-nets/MCC,,,ClientsAndServers-0005-1_5_1.p,intuitionistic,horn,1,,5,0,3,provable,proved,,ok,horn,IMELL,476,41,0.105,5,0,5,0,0,0,2048,0.000,0.000,auto,30,0.031,1073741824,0,
lltp,petri-nets/MCC,,,ClientsAndServers-0010-0_20_1.p,intuitionistic,horn,1,,5,0,3,provable,proved,,ok,horn,IMELL,826,81,0.127,20,0,20,0,0,0,2048,0.000,0.000,auto,30,0.055,1073741824,0,
lltp,petri-nets/MCC,,,ClientsAndServers-0010-1_10_1.p,intuitionistic,horn,1,,5,0,3,provable,proved,,ok,horn,IMELL,826,81,0.118,10,0,10,0,0,0,2048,0.000,0.000,auto,30,0.050,1073741824,0,
lltp,petri-nets/MCC,,,ClientsAndServers-0010-1_5_1.p,intuitionistic,horn,1,,5,0,3,provable,proved,,ok,horn,IMELL,816,81,0.119,5,0,5,0,0,0,2048,0.000,0.000,auto,30,0.049,1073741824,0,
lltp,petri-nets/MCC,,,ClientsAndServers-0010-2_20_1.p,intuitionistic,horn,1,,5,0,3,provable,proved,,ok,horn,IMELL,866,81,0.122,20,0,20,0,0,0,2048,0.000,0.000,auto,30,0.058,1073741824,0,
lltp,petri-nets/MCC,,,ClientsAndServers-0020-0_10_1.p,intuitionistic,horn,1,,5,0,3,provable,proved,,ok,horn,IMELL,1486,161,0.159,10,0,10,0,0,0,2048,0.000,0.000,auto,30,0.092,1073741824,0,
lltp,petri-nets/MCC,,,ClientsAndServers-0020-0_5_1.p,intuitionistic,horn,1,,5,0,3,provable,proved,,ok,horn,IMELL,1476,161,0.160,5,0,5,0,0,0,2048,0.000,0.000,auto,30,0.089,1073741824,0,
lltp,petri-nets/MCC,,,ClientsAndServers-0020-1_20_1.p,intuitionistic,horn,1,,5,0,3,provable,proved,,ok,horn,IMELL,1526,161,0.158,20,0,20,0,0,0,2048,0.000,0.000,auto,30,0.096,1073741824,0,
lltp,petri-nets/MCC,,,ClientsAndServers-0020-2_10_1.p,intuitionistic,horn,1,,5,0,3,provable,proved,,ok,horn,IMELL,1526,161,0.165,10,0,10,0,0,0,2048,0.000,0.000,auto,30,0.098,1073741824,0,
lltp,petri-nets/MCC,,,ClientsAndServers-0020-2_5_1.p,intuitionistic,horn,1,,5,0,3,provable,proved,,ok,horn,IMELL,1516,161,0.159,5,0,5,0,0,0,2048,0.000,0.000,auto,30,0.091,1073741824,0,
lltp,petri-nets/MCC,,,ClientsAndServers-0020-3_20_1.p,intuitionistic,horn,1,,5,0,3,provable,proved,,ok,horn,IMELL,1566,161,0.169,20,0,20,0,0,0,2048,0.000,0.000,auto,30,0.105,1073741824,0,
lltp,petri-nets/MCC,,,ClientsAndServers-0020-4_10_1.p,intuitionistic,horn,1,,5,0,3,provable,proved,,ok,horn,IMELL,1566,161,0.165,10,0,10,0,0,0,2048,0.000,0.000,auto,30,0.100,1073741824,0,
lltp,petri-nets/MCC,,,ClientsAndServers-0020-4_5_1.p,intuitionistic,horn,1,,5,0,3,provable,proved,,ok,horn,IMELL,1556,161,0.154,5,0,5,0,0,0,2048,0.000,0.000,auto,30,0.098,1073741824,0,
lltp,petri-nets/MCC,,,ClientsAndServers-0050-0_20_1.p,intuitionistic,horn,1,,5,0,3,provable,proved,,ok,horn,IMELL,3546,401,0.255,20,0,20,0,0,0,2048,0.000,0.000,auto,30,0.222,1073741824,0,
lltp,petri-nets/MCC,,,ClientsAndServers-0100-0_10_1.p,intuitionistic,horn,1,,5,0,3,provable,proved,,ok,horn,IMELL,6926,801,0.431,10,0,10,0,0,0,2048,0.000,0.000,auto,30,0.539,1073741824,0,
lltp,petri-nets/MCC,,,ClientsAndServers-0100-0_5_1.p,intuitionistic,horn,1,,5,0,3,provable,proved,,ok,horn,IMELL,6916,801,0.417,5,0,5,0,0,0,2048,0.000,0.000,auto,30,0.539,1073741824,0,
lltp,petri-nets/MCC,,,ClientsAndServers-0200-0_20_1.p,intuitionistic,horn,1,,5,0,3,provable,proved,,ok,horn,IMELL,13746,1601,0.940,20,0,20,0,0,0,2048,0.000,0.099,auto,30,0.999,1073741824,0,
lltp,petri-nets/MCC,,,ClientsAndServers-0500-0_10_1.p,intuitionistic,horn,1,,5,0,3,provable,proved,,ok,horn,IMELL,34126,4001,1.826,10,0,10,0,0,0,2048,0.000,0.029,auto,30,2.135,1073741824,0,
lltp,petri-nets/MCC,,,ClientsAndServers-0500-0_5_1.p,intuitionistic,horn,1,,5,0,3,provable,proved,,ok,horn,IMELL,34116,4001,1.841,5,0,5,0,0,0,2048,0.000,0.070,auto,30,2.135,1073741824,0,
lltp,petri-nets/MCC,,,ClientsAndServers-1000-0_20_1.p,intuitionistic,horn,1,,5,0,3,provable,proved,,ok,horn,IMELL,68146,8001,3.690,20,0,20,0,0,0,2048,0.000,0.051,auto,30,4.768,1073741824,0,
lltp,petri-nets/MCC,,,CloudDeployment_deploy_2_a_10_1.p,intuitionistic,horn,1,,5,0,3,provable,proved,,ok,horn,IMELL,1662,44,0.311,1,0,1,0,0,0,2048,0.000,0.000,auto,30,0.025,1073741824,0,
lltp,petri-nets/MCC,,,CloudDeployment_deploy_2_a_5_1.p,intuitionistic,horn,1,,5,0,3,provable,proved,,ok,horn,IMELL,1662,44,0.303,1,0,1,0,0,0,2048,0.000,0.000,auto,30,0.024,1073741824,0,
lltp,petri-nets/MCC,,,CloudDeployment_deploy_2_b_20_1.p,intuitionistic,horn,1,,5,0,3,provable,proved,,ok,horn,IMELL,4022,49,0.838,20,0,20,0,0,0,2048,0.000,0.020,auto,30,0.069,1073741824,0,
lltp,petri-nets/MCC,,,CloudDeployment_deploy_3_a_10_1.p,intuitionistic,horn,1,,5,0,3,provable,proved,,ok,horn,IMELL,3250,92,0.502,2,0,2,0,0,0,2048,0.000,0.000,auto,30,0.042,1073741824,0,
lltp,petri-nets/MCC,,,CloudDeployment_deploy_3_a_5_1.p,intuitionistic,horn,1,,5,0,3,provable,proved,,ok,horn,IMELL,3250,92,0.512,2,0,2,0,0,0,2048,0.000,0.000,auto,30,0.043,1073741824,0,
lltp,petri-nets/MCC,,,CloudDeployment_deploy_3_b_20_1.p,intuitionistic,horn,1,,5,0,3,provable,proved,,ok,horn,IMELL,8204,109,1.487,20,0,20,0,0,0,2048,0.000,0.000,auto,30,0.113,1073741824,0,
lltp,petri-nets/MCC,,,CloudDeployment_deploy_4_a_10_1.p,intuitionistic,horn,1,,5,0,3,provable,proved,,ok,horn,IMELL,5350,158,0.777,1,0,1,0,0,0,2048,0.000,0.081,auto,30,0.061,1073741824,0,
lltp,petri-nets/MCC,,,CloudDeployment_deploy_4_b_10_1.p,intuitionistic,horn,1,,5,0,3,provable,proved,,ok,horn,IMELL,18008,256,2.815,10,0,10,0,0,0,2048,0.000,0.033,auto,30,0.204,1073741824,0,
lltp,petri-nets/MCC,,,CloudDeployment_deploy_4_b_5_1.p,intuitionistic,horn,1,,5,0,3,provable,proved,,ok,horn,IMELL,18000,256,2.785,5,0,5,0,0,0,2048,0.000,0.035,auto,30,0.196,1073741824,0,
lltp,petri-nets/MCC,,,CloudDeployment_deploy_5_a_5_1.p,intuitionistic,horn,1,,5,0,3,provable,proved,,ok,horn,IMELL,7962,242,1.124,2,0,2,0,0,0,2048,0.000,0.080,auto,30,0.085,1073741824,0,
lltp,petri-nets/MCC,,,CloudDeployment_deploy_5_b_20_1.p,intuitionistic,horn,1,,5,0,3,provable,proved,,ok,horn,IMELL,51588,1024,5.320,20,0,20,0,0,0,2048,10.000,0.052,auto,30,0.359,1073741824,0,
lltp,petri-nets/MCC,,,CloudDeployment_deploy_6_a_5_1.p,intuitionistic,horn,1,,5,0,3,provable,proved,,ok,horn,IMELL,11086,344,1.351,1,0,1,0,0,0,2048,0.000,0.000,auto,30,0.119,1073741824,0,
lltp,petri-nets/MCC,,,CloudDeployment_deploy_6_b_20_1.p,intuitionistic,horn,1,,5,0,3,provable,proved,,ok,horn,IMELL,191876,4096,16.947,20,0,20,0,0,0,2048,20.000,0.085,auto,30,1.053,1073741824,0,
lltp,petri-nets/MCC,,,CloudDeployment_deploy_7_a_5_1.p,intuitionistic,horn,1,,5,0,3,provable,proved,,ok,horn,IMELL,14722,464,1.765,1,0,1,0,0,0,2048,0.000,0.000,auto,30,0.140,1073741824,0,
lltp,petri-nets/MCC,,,CloudDeployment_deploy_7_b_20_1.p,intuitionistic,horn,1,,5,0,3,provable,proved,,ok,horn,IMELL,812114,16384,76.626,20,0,20,0,0,0,2048,80.000,0.229,auto,30,3.993,1073741824,0,
lltp,petri-nets/MCC,,,CloudReconfiguration_reconf_3_01_10_1.p,intuitionistic,horn,1,,5,0,3,provable,proved,,ok,horn,IMELL,12922,129,3.055,10,0,10,0,0,0,2048,0.000,0.081,auto,30,0.213,1073741824,0,
lltp,petri-nets/MCC,,,CloudReconfiguration_reconf_3_01_5_1.p,intuitionistic,horn,1,,5,0,3,provable,proved,,ok,horn,IMELL,12922,129,3.230,5,0,5,0,0,0,2048,0.000,0.042,auto,30,0.221,1073741824,0,
lltp,petri-nets/MCC,,,CloudReconfiguration_reconf_3_02_20_1.p,intuitionistic,horn,1,,5,0,3,provable,proved,,ok,horn,IMELL,12934,129,2.973,20,0,20,0,0,0,2048,0.000,0.036,auto,30,0.221,1073741824,0,
lltp,petri-nets/MCC,,,CloudReconfiguration_reconf_3_03_10_1.p,intuitionistic,horn,1,,5,0,3,provable,proved,,ok,horn,IMELL,12922,129,3.000,10,0,10,0,0,0,2048,0.000,0.034,auto,30,0.213,1073741824,0,
lltp,petri-nets/MCC,,,CloudReconfiguration_reconf_3_03_5_1.p,intuitionistic,horn,1,,5,0,3,provable,proved,,ok,horn,IMELL,12922,129,2.996,5,0,5,0,0,0,2048,0.000,0.050,auto,30,0.206,1073741824,0,
lltp,petri-nets/MCC,,,CloudReconfiguration_reconf_3_04_20_1.p,intuitionistic,horn,1,,5,0,3,provable,proved,,ok,horn,IMELL,12926,129,3.168,20,0,20,0,0,0,2048,0.000,0.053,auto,30,0.227,1073741824,0,
lltp,petri-nets/MCC,,,CloudReconfiguration_reconf_3_05_10_1.p,intuitionistic,horn,1,,5,0,3,provable,proved,,ok,horn,IMELL,12930,129,3.062,10,0,10,0,0,0,2048,0.000,0.083,auto,30,0.211,1073741824,0,
lltp,petri-nets/MCC,,,CloudReconfiguration_reconf_3_05_5_1.p,intuitionistic,horn,1,,5,0,3,provable,proved,,ok,horn,IMELL,12930,129,2.880,5,0,5,0,0,0,2048,0.000,0.031,auto,30,0.209,1073741824,0,
lltp,petri-nets/MCC,,,CloudReconfiguration_reconf_3_06_20_1.p,intuitionistic,horn,1,,5,0,3,provable,proved,,ok,horn,IMELL,12926,129,2.994,20,0,20,0,0,0,2048,0.000,0.064,auto,30,0.220,1073741824,0,
lltp,petri-nets/MCC,,,CloudReconfiguration_reconf_3_07_10_1.p,intuitionistic,horn,1,,5,0,3,provable,proved,,ok,horn,IMELL,12922,129,2.978,10,0,10,0,0,0,2048,0.000,0.047,auto,30,0.210,1073741824,0,
lltp,petri-nets/MCC,,,CloudReconfiguration_reconf_3_07_5_1.p,intuitionistic,horn,1,,5,0,3,provable,proved,,ok,horn,IMELL,12922,129,3.141,5,0,5,0,0,0,2048,0.000,0.067,auto,30,0.222,1073741824,0,
lltp,petri-nets/MCC,,,CloudReconfiguration_reconf_3_08_20_1.p,intuitionistic,horn,1,,5,0,3,provable,proved,,ok,horn,IMELL,12934,129,2.964,20,0,20,0,0,0,2048,0.000,0.054,auto,30,0.212,1073741824,0,
lltp,petri-nets/MCC,,,CloudReconfiguration_reconf_3_09_10_1.p,intuitionistic,horn,1,,5,0,3,provable,proved,,ok,horn,IMELL,12930,129,2.927,10,0,10,0,0,0,2048,0.000,0.055,auto,30,0.212,1073741824,0,
lltp,petri-nets/MCC,,,CloudReconfiguration_reconf_3_09_5_1.p,intuitionistic,horn,1,,5,0,3,provable,proved,,ok,horn,IMELL,12930,129,2.958,5,0,5,0,0,0,2048,0.000,0.039,auto,30,0.213,1073741824,0,
lltp,petri-nets/MCC,,,CloudReconfiguration_reconf_3_10_20_1.p,intuitionistic,horn,1,,5,0,3,provable,proved,,ok,horn,IMELL,12934,129,2.940,20,0,20,0,0,0,2048,0.000,0.040,auto,30,0.212,1073741824,0,
lltp,petri-nets/MCC,,,CloudReconfiguration_reconf_3_11_10_1.p,intuitionistic,horn,1,,5,0,3,provable,proved,,ok,horn,IMELL,12930,129,3.002,10,0,10,0,0,0,2048,0.000,0.028,auto,30,0.212,1073741824,0,
lltp,petri-nets/MCC,,,CloudReconfiguration_reconf_3_11_5_1.p,intuitionistic,horn,1,,5,0,3,provable,proved,,ok,horn,IMELL,12930,129,2.977,5,0,5,0,0,0,2048,0.000,0.043,auto,30,0.213,1073741824,0,
lltp,petri-nets/MCC,,,CloudReconfiguration_reconf_3_12_20_1.p,intuitionistic,horn,1,,5,0,3,provable,proved,,ok,horn,IMELL,12934,129,3.052,20,0,20,0,0,0,2048,0.000,0.090,auto,30,0.209,1073741824,0,
lltp,petri-nets/MCC,,,CloudReconfiguration_reconf_3_13_10_1.p,intuitionistic,horn,1,,5,0,3,provable,proved,,ok,horn,IMELL,12930,129,2.827,10,0,10,0,0,0,2048,0.000,0.028,auto,30,0.207,1073741824,0,
lltp,petri-nets/MCC,,,CloudReconfiguration_reconf_3_13_5_1.p,intuitionistic,horn,1,,5,0,3,provable,proved,,ok,horn,IMELL,12930,129,2.923,5,0,5,0,0,0,2048,0.000,0.042,auto,30,0.209,1073741824,0,
lltp,petri-nets/MCC,,,CloudReconfiguration_reconf_3_14_20_1.p,intuitionistic,horn,1,,5,0,3,provable,proved,,ok,horn,IMELL,12934,129,2.847,20,0,20,0,0,0,2048,0.000,0.027,auto,30,0.205,1073741824,0,
lltp,petri-nets/MCC,,,CloudReconfiguration_reconf_3_15_10_1.p,intuitionistic,horn,1,,5,0,3,provable,proved,,ok,horn,IMELL,12930,129,2.968,10,0,10,0,0,0,2048,0.000,0.051,auto,30,0.203,1073741824,0,
lltp,petri-nets/MCC,,,CloudReconfiguration_reconf_3_15_5_1.p,intuitionistic,horn,1,,5,0,3,provable,proved,,ok,horn,IMELL,12930,129,2.831,5,0,5,0,0,0,2048,0.000,0.025,auto,30,0.206,1073741824,0,
lltp,petri-nets/MCC,,,CloudReconfiguration_reconf_3_16_20_1.p,intuitionistic,horn,1,,5,0,3,provable,proved,,ok,horn,IMELL,12934,129,2.876,20,0,20,0,0,0,2048,0.000,0.029,auto,30,0.212,1073741824,0,
lltp,petri-nets/MCC,,,CloudReconfiguration_reconf_3_17_10_1.p,intuitionistic,horn,1,,5,0,3,provable,proved,,ok,horn,IMELL,12962,129,2.857,10,0,10,0,0,0,2048,0.000,0.026,auto,30,0.208,1073741824,0,
lltp,petri-nets/MCC,,,CloudReconfiguration_reconf_3_17_5_1.p,intuitionistic,horn,1,,5,0,3,provable,proved,,ok,horn,IMELL,12962,129,2.866,5,0,5,0,0,0,2048,0.000,0.040,auto,30,0.213,1073741824,0,
lltp,petri-nets/MCC,,,CloudReconfiguration_reconf_3_18_20_1.p,intuitionistic,horn,1,,5,0,3,provable,proved,,ok,horn,IMELL,12966,129,2.853,20,0,20,0,0,0,2048,0.000,0.032,auto,30,0.208,1073741824,0,
lltp,petri-nets/MCC,,,CloudReconfiguration_reconf_3_19_10_1.p,intuitionistic,horn,1,,5,0,3,provable,proved,,ok,horn,IMELL,12962,129,2.872,10,0,10,0,0,0,2048,0.000,0.061,auto,30,0.206,1073741824,0,
lltp,petri-nets/MCC,,,CloudReconfiguration_reconf_3_19_5_1.p,intuitionistic,horn,1,,5,0,3,provable,proved,,ok,horn,IMELL,12962,129,2.878,5,0,5,0,0,0,2048,0.000,0.027,auto,30,0.202,1073741824,0,
lltp,petri-nets/MCC,,,CloudReconfiguration_reconf_3_20_20_1.p,intuitionistic,horn,1,,5,0,3,provable,proved,,ok,horn,IMELL,12966,129,2.895,20,0,20,0,0,0,2048,0.000,0.038,auto,30,0.209,1073741824,0,
lltp,petri-nets/MCC,,,CloudReconfiguration_reconf_4_01_10_1.p,intuitionistic,horn,1,,5,0,3,provable,proved,,ok,horn,IMELL,17782,172,4.536,10,0,10,0,0,0,2048,0.000,0.033,auto,30,0.320,1073741824,0,
lltp,petri-nets/MCC,,,CloudReconfiguration_reconf_4_01_5_1.p,intuitionistic,horn,1,,5,0,3,provable,proved,,ok,horn,IMELL,17782,172,4.420,5,0,5,0,0,0,2048,0.000,0.039,auto,30,0.319,1073741824,0,
lltp,petri-nets/MCC,,,CloudReconfiguration_reconf_4_02_20_1.p,intuitionistic,horn,1,,5,0,3,provable,proved,,ok,horn,IMELL,17788,172,4.500,20,0,20,0,0,0,2048,0.000,0.032,auto,30,0.307,1073741824,0,
lltp,petri-nets/MCC,,,DES_des_00_a_50_1.p,intuitionistic,horn,1,,5,0,3,provable,proved,,ok,horn,IMELL,830,6,3.085,6355,4224,2131,0,0,0,2048,0.000,0.084,auto,30,0.046,1073741824,0,
lltp,petri-nets/MCC,,,DES_des_00_b_1_1.p,intuitionistic,horn,1,,5,0,3,provable,proved,,ok,horn,IMELL,1320,6,0.333,1,0,1,0,0,0,2048,0.000,0.000,auto,30,0.030,1073741824,0,
lltp,petri-nets/MCC,,,DES_des_01_a_10_1.p,intuitionistic,horn,1,,5,0,3,provable,proved,,ok,horn,IMELL,850,6,0.219,20,5,15,0,0,0,2048,0.000,0.000,auto,30,0.028,1073741824,0,
lltp,petri-nets/MCC,,,DES_des_01_a_5_1.p,intuitionistic,horn,1,,5,0,3,provable,proved,,ok,horn,IMELL,850,6,0.192,5,0,5,0,0,0,2048,0.000,0.000,auto,30,0.026,1073741824,0,
lltp,petri-nets/MCC,,,DES_des_01_b_20_1.p,intuitionistic,horn,1,,5,0,3,provable,proved,,ok,horn,IMELL,1404,6,0.415,20,0,20,0,0,0,2048,0.000,0.000,auto,30,0.040,1073741824,0,
lltp,petri-nets/MCC,,,DES_des_02_a_1_1.p,intuitionistic,horn,1,,5,0,3,provable,proved,,ok,horn,IMELL,890,7,0.197,1,0,1,0,0,0,2048,0.000,0.000,auto,30,0.024,1073741824,0,
lltp,petri-nets/MCC,,,DES_des_02_b_100_1.p,intuitionistic,horn,1,,5,0,3,provable,proved,,ok,horn,IMELL,1486,6,56.608,132269,100116,32153,0,0,0,2048,50.000,0.164,auto,30,0.066,1073741824,0,
lltp,petri-nets/MCC,,,DES_des_02_b_50_1.p,intuitionistic,horn,1,,5,0,3,provable,proved,,ok,horn,IMELL,1474,6,1.491,2177,1212,965,0,0,0,2048,0.000,0.000,auto,30,0.050,1073741824,0,
lltp,petri-nets/MCC,,,DES_des_05_a_20_1.p,intuitionistic,horn,1,,5,0,3,provable,proved,,ok,horn,IMELL,1006,10,6.361,11208,7320,3888,0,0,0,2048,0.000,0.116,auto,30,0.040,1073741824,0,
lltp,petri-nets/MCC,,,DES_des_05_b_10_1.p,intuitionistic,horn,1,,5,0,3,provable,proved,,ok,horn,IMELL,1512,6,0.374,10,0,10,0,0,0,2048,0.000,0.000,auto,30,0.035,1073741824,0,
lltp,petri-nets/MCC,,,DES_des_05_b_5_1.p,intuitionistic,horn,1,,5,0,3,provable,proved,,ok,horn,IMELL,1506,6,0.392,5,0,5,0,0,0,2048,0.000,0.000,auto,30,0.033,1073741824,0,
lltp,petri-nets/MCC,,,DES_des_10_a_50_1.p,intuitionistic,horn,1,,5,0,3,provable,proved,,ok,horn,IMELL,1196,15,27.993,51674,35866,15808,0,0,0,2048,20.000,0.216,auto,30,0.051,1073741824,0,
lltp,petri-nets/MCC,,,DES_des_10_b_1_1.p,intuitionistic,horn,1,,5,0,3,provable,proved,,ok,horn,IMELL,1658,10,0.426,1,0,1,0,0,0,2048,0.000,0.000,auto,30,0.035,1073741824,0,
lltp,petri-nets/MCC,,,DES_des_20_a_100_1.p,intuitionistic,horn,1,,5,0,3,provable,unknown,timeout,,horn,IMELL,1578,25,5014.135,8104703,6865035,1239668,0,0,0,2048,4980.000,9.117,auto,30,,1073741824,0,
lltp,petri-nets/MCC,,,DES_des_20_a_50_1.p,intuitionistic,horn,1,,5,0,3,provable,unknown,timeout,,horn,IMELL,1578,25,5019.318,7051280,5654189,1397091,0,0,0,2048,4990.000,8.468,auto,30,,1073741824,0,
lltp,petri-nets/MCC,,,DES_des_20_b_1_1.p,intuitionistic,horn,1,,5,0,3,provable,proved,,ok,horn,IMELL,1978,20,0.439,1,0,1,0,0,0,2048,0.000,0.000,auto,30,0.036,1073741824,0,
lltp,petri-nets/MCC,,,DES_des_30_a_100_1.p,intuitionistic,horn,1,,5,0,3,provable,proved,,ok,horn,IMELL,1942,35,5.227,9288,6445,2843,0,0,0,2048,0.000,0.085,auto,30,0.059,1073741824,0,
lltp,petri-nets/MCC,,,DES_des_30_a_50_1.p,intuitionistic,horn,1,,5,0,3,provable,proved,,ok,horn,IMELL,1942,35,19.556,36813,27184,9629,0,0,0,2048,10.000,0.420,auto,30,0.062,1073741824,0,
lltp,petri-nets/MCC,,,DES_des_30_b_1_1.p,intuitionistic,horn,1,,5,0,3,provable,proved,,ok,horn,IMELL,2290,30,0.463,1,0,1,0,0,0,2048,0.000,0.000,auto,30,0.036,1073741824,0,
lltp,petri-nets/MCC,,,DES_des_40_a_100_1.p,intuitionistic,horn,1,,5,0,3,provable,proved,,ok,horn,IMELL,2322,45,5.441,9288,6445,2843,0,0,0,2048,0.000,0.076,auto,30,0.066,1073741824,0,
lltp,petri-nets/MCC,,,DES_des_40_a_50_1.p,intuitionistic,horn,1,,5,0,3,provable,proved,,ok,horn,IMELL,2322,45,20.152,36813,27184,9629,0,0,0,2048,10.000,0.105,auto,30,0.065,1073741824,0,
lltp,petri-nets/MCC,,,DES_des_40_b_1_1.p,intuitionistic,horn,1,,5,0,3,provable,proved,,ok,horn,IMELL,2610,40,0.499,1,0,1,0,0,0,2048,0.000,0.000,auto,30,0.040,1073741824,0,
lltp,petri-nets/MCC,,,DES_des_50_a_100_1.p,intuitionistic,horn,1,,5,0,3,provable,proved,,ok,horn,IMELL,2702,55,5.744,9288,6445,2843,0,0,0,2048,0.000,0.073,auto,30,0.068,1073741824,0,
lltp,petri-nets/MCC,,,DES_des_50_a_50_1.p,intuitionistic,horn,1,,5,0,3,provable,proved,,ok,horn,IMELL,2702,55,21.106,36813,27184,9629,0,0,0,2048,20.000,0.121,auto,30,0.072,1073741824,0,
lltp,petri-nets/MCC,,,DES_des_50_b_1_1.p,intuitionistic,horn,1,,5,0,3,provable,proved,,ok,horn,IMELL,2930,50,0.539,1,0,1,0,0,0,2048,0.000,0.000,auto,30,0.043,1073741824,0,
lltp,petri-nets/MCC,,,DES_des_60_a_100_1.p,intuitionistic,horn,1,,5,0,3,provable,proved,,ok,horn,IMELL,3082,65,6.108,9288,6445,2843,0,0,0,2048,0.000,0.076,auto,30,0.072,1073741824,0,
lltp,petri-nets/MCC,,,DES_des_60_a_50_1.p,intuitionistic,horn,1,,5,0,3,provable,proved,,ok,horn,IMELL,3082,65,21.989,36813,27184,9629,0,0,0,2048,20.000,0.064,auto,30,0.078,1073741824,0,
lltp,petri-nets/MCC,,,DES_des_60_b_1_1.p,intuitionistic,horn,1,,5,0,3,provable,proved,,ok,horn,IMELL,3250,60,0.613,1,0,1,0,0,0,2048,0.000,0.000,auto,30,0.133,1073741824,0,
lltp,petri-nets/MCC,,,DLCround_dlcro_03_a_20_1.p,intuitionistic,horn,1,,5,0,3,provable,proved,,ok,horn,IMELL,4642,33,0.554,16,0,16,0,0,0,2048,0.000,0.000,auto,30,0.074,1073741824,0,
lltp,petri-nets/MCC,,,DLCround_dlcro_03_b_1_1.p,intuitionistic,horn,1,,5,0,3,provable,proved,,ok,horn,IMELL,9622,11,1.950,1,0,1,0,0,0,2048,0.000,0.000,auto,30,0.169,1073741824,0,
lltp,petri-nets/MCC,,,DLCround_dlcro_04_a_1_1.p,intuitionistic,horn,1,,5,0,3,provable,proved,,ok,horn,IMELL,6286,37,0.780,1,0,1,0,0,0,2048,0.000,0.068,auto,30,0.083,1073741824,0,
lltp,petri-nets/MCC,,,DLCround_dlcro_04_b_10_1.p,intuitionistic,horn,1,,5,0,3,provable,proved,,ok,horn,IMELL,12326,12,2.537,10,0,10,0,0,0,2048,0.000,0.025,auto,30,0.198,1073741824,0,
lltp,petri-nets/MCC,,,DLCround_dlcro_04_b_5_1.p,intuitionistic,horn,1,,5,0,3,provable,proved,,ok,horn,IMELL,12320,12,2.510,5,0,5,0,0,0,2048,0.000,0.033,auto,30,0.203,1073741824,0,
lltp,petri-nets/MCC,,,DLCround_dlcro_05_b_10_1.p,intuitionistic,horn,1,,5,0,3,provable,proved,,ok,horn,IMELL,15314,13,3.039,10,0,10,0,0,0,2048,0.000,0.027,auto,30,0.242,1073741824,0,
lltp,petri-nets/MCC,,,DLCround_dlcro_05_b_5_1.p,intuitionistic,horn,1,,5,0,3,provable,proved,,ok,horn,IMELL,15308,13,2.947,5,0,5,0,0,0,2048,0.000,0.031,auto,30,0.230,1073741824,0,
lltp,petri-nets/MCC,,,DLCround_dlcro_06_a_5_1.p,intuitionistic,horn,1,,5,0,3,provable,proved,,ok,horn,IMELL,10222,45,1.114,1,0,1,0,0,0,2048,0.000,0.000,auto,30,0.134,1073741824,0,
lltp,petri-nets/MCC,,,DLCround_dlcro_06_b_50_1.p,intuitionistic,horn,1,,5,0,3,provable,proved,,ok,horn,IMELL,18582,14,3.249,64,3,61,0,0,0,2048,0.000,0.031,auto,30,0.245,1073741824,0,
lltp,petri-nets/MCC,,,DLCround_dlcro_07_a_50_1.p,intuitionistic,horn,1,,5,0,3,provable,proved,,ok,horn,IMELL,12514,49,1.454,33,1,32,0,0,0,2048,0.000,0.000,auto,30,0.158,1073741824,0,
lltp,petri-nets/MCC,,,DLCround_dlcro_07_b_20_1.p,intuitionistic,horn,1,,5,0,3,provable,proved,,ok,horn,IMELL,22152,15,3.896,30,1,29,0,0,0,2048,0.000,0.026,auto,30,0.323,1073741824,0,
lltp,petri-nets/MCC,,,DLCround_dlcro_08_a_20_1.p,intuitionistic,horn,1,,5,0,3,provable,proved,,ok,horn,IMELL,15022,53,1.693,20,0,20,0,0,0,2048,0.000,0.000,auto,30,0.204,1073741824,0,
lltp,petri-nets/MCC,,,DLCround_dlcro_08_b_1_1.p,intuitionistic,horn,1,,5,0,3,provable,proved,,ok,horn,IMELL,26012,16,5.305,1,0,1,0,0,0,2048,0.000,0.041,auto,30,0.400,1073741824,0,
lltp,petri-nets/MCC,,,DLCround_dlcro_09_a_1_1.p,intuitionistic,horn,1,,5,0,3,provable,proved,,ok,horn,IMELL,17746,57,1.953,1,0,1,0,0,0,2048,0.000,0.029,auto,30,0.235,1073741824,0,
lltp,petri-nets/MCC,,,DLCround_dlcro_09_b_10_1.p,intuitionistic,horn,1,,5,0,3,provable,proved,,ok,horn,IMELL,30174,17,5.982,10,0,10,0,0,0,2048,10.000,0.038,auto,30,0.442,1073741824,0,
lltp,petri-nets/MCC,,,DLCround_dlcro_09_b_5_1.p,intuitionistic,horn,1,,5,0,3,provable,proved,,ok,horn,IMELL,30174,17,6.137,5,0,5,0,0,0,2048,0.000,0.047,auto,30,0.439,1073741824,0,
lltp,petri-nets/MCC,,,DLCround_dlcro_10_a_5_1.p,intuitionistic,horn,1,,5,0,3,provable,proved,,ok,horn,IMELL,20686,61,2.269,2,0,2,0,0,0,2048,0.000,0.023,auto,30,0.284,1073741824,0,
lltp,petri-nets/MCC,,,DLCround_dlcro_10_b_50_1.p,intuitionistic,horn,1,,5,0,3,provable,proved,,ok,horn,IMELL,34614,18,5.601,64,3,61,0,0,0,2048,10.000,0.030,auto,30,0.431,1073741824,0,
lltp,petri-nets/MCC,,,DLCround_dlcro_11_a_50_1.p,intuitionistic,horn,1,,5,0,3,provable,proved,,ok,horn,IMELL,23842,65,2.789,45,1,44,0,0,0,2048,0.000,0.030,auto,30,0.297,1073741824,0,
lltp,petri-nets/MCC,,,DLCround_dlcro_11_b_20_1.p,intuitionistic,horn,1,,5,0,3,provable,proved,,ok,horn,IMELL,39352,19,6.245,30,1,29,0,0,0,2048,10.000,0.036,auto,30,0.502,1073741824,0,
lltp,petri-nets/MCC,,,DLCround_dlcro_12_a_20_1.p,intuitionistic,horn,1,,5,0,3,provable,proved,,ok,horn,IMELL,27214,69,3.104,18,0,18,0,0,0,2048,0.000,0.037,auto,30,0.327,1073741824,0,
lltp,petri-nets/MCC,,,DLCround_dlcro_12_b_1_1.p,intuitionistic,horn,1,,5,0,3,provable,proved,,ok,horn,IMELL,44380,20,8.977,1,0,1,0,0,0,2048,10.000,0.049,auto,30,0.711,1073741824,0,
lltp,petri-nets/MCC,,,DLCround_dlcro_13_a_1_1.p,intuitionistic,horn,1,,5,0,3,provable,proved,,ok,horn,IMELL,30802,73,3.623,1,0,1,0,0,0,2048,0.000,0.035,auto,30,0.414,1073741824,0,
lltp,petri-nets/MCC,,,DLCround_dlcro_13_b_10_1.p,intuitionistic,horn,1,,5,0,3,provable,proved,,ok,horn,IMELL,49710,21,10.987,10,0,10,0,0,0,2048,10.000,0.060,auto,30,0.792,1073741824,0,
lltp,petri-nets/MCC,,,DLCround_dlcro_13_b_5_1.p,intuitionistic,horn,1,,5,0,3,provable,proved,,ok,horn,IMELL,49706,21,10.682,5,0,5,0,0,0,2048,10.000,0.042,auto,30,0.758,1073741824,0,
lltp,petri-nets/MCC,,,DLCshifumi_dlcsh_2_a_5_1.p,intuitionistic,horn,1,,5,0,3,provable,proved,,ok,horn,IMELL,6490,69,0.750,2,0,2,0,0,0,2048,0.000,0.000,auto,30,0.095,1073741824,0,
lltp,petri-nets/MCC,,,DLCshifumi_dlcsh_2_b_50_1.p,intuitionistic,horn,1,,5,0,3,provable,proved,,ok,horn,IMELL,15518,20,2.817,64,3,61,0,0,0,2048,0.000,0.035,auto,30,0.225,1073741824,0,
lltp,petri-nets/MCC,,,DLCshifumi_dlcsh_3_a_20_1.p,intuitionistic,horn,1,,5,0,3,provable,proved,,ok,horn,IMELL,23654,169,2.642,10,0,10,0,0,0,2048,0.000,0.033,auto,30,0.315,1073741824,0,
lltp,petri-nets/MCC,,,DLCshifumi_dlcsh_3_b_1_1.p,intuitionistic,horn,1,,5,0,3,provable,proved,,ok,horn,IMELL,49150,45,10.904,1,0,1,0,0,0,2048,0.000,0.141,auto,30,0.785,1073741824,0,
lltp,petri-nets/MCC,,,DLCshifumi_dlcsh_4_a_100_1.p,intuitionistic,horn,1,,5,0,3,provable,proved,,ok,horn,IMELL,58602,317,7.332,54,0,54,0,0,0,2048,10.000,0.044,auto,30,0.861,1073741824,0,
lltp,petri-nets/MCC,,,DLCshifumi_dlcsh_4_a_5_1.p,intuitionistic,horn,1,,5,0,3,provable,proved,,ok,horn,IMELL,58602,317,5.828,3,0,3,0,0,0,2048,10.000,0.033,auto,30,0.822,1073741824,0,
lltp,petri-nets/MCC,,,DLCshifumi_dlcsh_4_b_50_1.p,intuitionistic,horn,1,,5,0,3,provable,proved,,ok,horn,IMELL,112586,82,21.078,50,0,50,0,0,0,2048,20.000,0.209,auto,30,1.593,1073741824,0,
lltp,petri-nets/MCC,,,DLCshifumi_dlcsh_5_a_20_1.p,intuitionistic,horn,1,,5,0,3,provable,proved,,ok,horn,IMELL,117670,513,13.190,12,0,12,0,0,0,2048,10.000,0.067,auto,30,1.667,1073741824,0,
lltp,petri-nets/MCC,,,DLCshifumi_dlcsh_5_b_1_1.p,intuitionistic,horn,1,,5,0,3,provable,proved,,ok,horn,IMELL,214854,131,51.176,1,0,1,0,0,0,2048,50.000,0.104,auto,30,3.478,1073741824,0,
lltp,petri-nets/MCC,,,DLCshifumi_dlcsh_6_a_100_1.p,intuitionistic,horn,1,,5,0,3,provable,proved,,ok,horn,IMELL,207194,757,30.742,53,0,53,0,0,0,2048,30.000,0.071,auto,30,2.628,1073741824,0,
lltp,petri-nets/MCC,,,DLCshifumi_dlcsh_6_a_5_1.p,intuitionistic,horn,1,,5,0,3,provable,proved,,ok,horn,IMELL,207194,757,23.609,3,0,3,0,0,0,2048,20.000,0.120,auto,30,2.571,1073741824,0,
lltp,petri-nets/MCC,,,DLCshifumi_dlcsh_6_b_50_1.p,intuitionistic,horn,1,,5,0,3,provable,proved,,ok,horn,IMELL,365070,192,90.893,64,3,61,0,0,0,2048,100.000,0.213,auto,30,6.367,1073741824,0,
lltp,petri-nets/MCC,,,DNAwalker_dnawalk-01_1_1.p,intuitionistic,horn,1,,5,0,3,provable,proved,,ok,horn,IMELL,852,30,0.144,1,0,1,0,0,0,2048,0.000,0.000,auto,30,0.016,1073741824,0,
lltp,petri-nets/MCC,,,DNAwalker_dnawalk-02_100_1.p,intuitionistic,horn,1,,5,0,3,provable,proved,,ok,horn,IMELL,848,29,0.238,166,57,109,0,0,0,2048,0.000,0.000,auto,30,0.019,1073741824,0,
lltp,petri-nets/MCC,,,DNAwalker_dnawalk-02_50_1.p,intuitionistic,horn,1,,5,0,3,provable,proved,,ok,horn,IMELL,848,29,0.230,166,57,109,0,0,0,2048,0.000,0.000,auto,30,0.019,1073741824,0,
lltp,petri-nets/MCC,,,DNAwalker_dnawalk-03_1_1.p,intuitionistic,horn,1,,5,0,3,provable,proved,,ok,horn,IMELL,862,30,0.143,1,0,1,0,0,0,2048,0.000,0.000,auto,30,0.015,1073741824,0,
lltp,petri-nets/MCC,,,DNAwalker_dnawalk-04_1_1.p,intuitionistic,horn,1,,5,0,3,provable,proved,,ok,horn,IMELL,2534,37,0.311,1,0,1,0,0,0,2048,0.000,0.000,auto,30,0.039,1073741824,0,
lltp,petri-nets/MCC,,,DNAwalker_dnawalk-05_20_1.p,intuitionistic,horn,1,,5,0,3,provable,proved,,ok,horn,IMELL,2514,36,0.383,53,15,38,0,0,0,2048,0.000,0.000,auto,30,0.040,1073741824,0,
lltp,petri-nets/MCC,,,DNAwalker_dnawalk-06_5_1.p,intuitionistic,horn,1,,5,0,3,provable,proved,,ok,horn,IMELL,2528,37,1.408,917,307,610,0,0,0,2048,0.000,0.068,auto,30,0.040,1073741824,0,
lltp,petri-nets/MCC,,,DNAwalker_dnawalk-08_1_1.p,intuitionistic,horn,1,,5,0,3,provable,proved,,ok,horn,IMELL,2608,59,0.304,1,0,1,0,0,0,2048,0.000,0.000,auto,30,0.035,1073741824,0,
lltp,petri-nets/MCC,,,DNAwalker_dnawalk-09_20_1.p,intuitionistic,horn,1,,5,0,3,provable,proved,,ok,horn,IMELL,2598,58,0.581,238,75,163,0,0,0,2048,0.000,0.000,auto,30,0.041,1073741824,0,
lltp,petri-nets/MCC,,,DNAwalker_dnawalk-11_1_1.p,intuitionistic,horn,1,,5,0,3,provable,proved,,ok,horn,IMELL,2608,59,0.306,1,0,1,0,0,0,2048,0.000,0.000,auto,30,0.036,1073741824,0,
lltp,petri-nets/MCC,,,DNAwalker_dnawalk-12_5_1.p,intuitionistic,horn,1,,5,0,3,provable,proved,,ok,horn,IMELL,3148,70,107.896,126782,74646,52136,0,0,0,2048,90.000,0.234,auto,30,0.046,1073741824,0,
lltp,petri-nets/MCC,,,DNAwalker_dnawalk-14_1_1.p,intuitionistic,horn,1,,5,0,3,provable,proved,,ok,horn,IMELL,3152,70,0.365,1,0,1,0,0,0,2048,0.000,0.000,auto,30,0.045,1073741824,0,
lltp,petri-nets/MCC,,,DNAwalker_dnawalk-15_20_1.p,intuitionistic,horn,1,,5,0,3,provable,proved,,ok,horn,IMELL,3136,70,0.683,262,75,187,0,0,0,2048,0.000,0.000,auto,30,0.044,1073741824,0,
lltp,petri-nets/MCC,,,DNAwalker_dnawalk-16_5_1.p,intuitionistic,horn,1,,5,0,3,provable,proved,,ok,horn,IMELL,4904,79,134.569,114598,68574,46024,0,0,0,2048,130.000,0.326,auto,30,0.066,1073741824,0,
lltp,petri-nets/MCC,,,DNAwalker_dnawalk-18_1_1.p,intuitionistic,horn,1,,5,0,3,provable,proved,,ok,horn,IMELL,36602,169,3.854,1,0,1,0,0,0,2048,0.000,0.035,auto,30,0.386,1073741824,0,
lltp,petri-nets/MCC,,,DatabaseWithMutex_database10UNFOLD_20_1.p,intuitionistic,horn,1,,5,0,3,provable,proved,,ok,horn,IMELL,7718,11,79.700,30066,13662,16404,0,0,0,2048,80.000,0.241,auto,30,0.105,1073741824,0,
lltp,petri-nets/MCC,,,DatabaseWithMutex_database20UNFOLD_1_1.p,intuitionistic,horn,1,,5,0,3,provable,proved,,ok,horn,IMELL,46638,21,6.596,1,0,1,0,0,0,2048,10.000,0.053,auto,30,0.407,1073741824,0,
lltp,petri-nets/MCC,,,DatabaseWithMutex_database2UNFOLD_100_1.p,intuitionistic,horn,1,,5,0,3,provable,proved,,ok,horn,IMELL,198,3,0.112,4,0,4,0,0,0,2048,0.000,0.000,auto,30,0.010,1073741824,0,
lltp,petri-nets/MCC,,,DatabaseWithMutex_database2UNFOLD_50_1.p,intuitionistic,horn,1,,5,0,3,provable,proved,,ok,horn,IMELL,196,3,0.096,2,0,2,0,0,0,2048,0.000,0.000,auto,30,0.009,1073741824,0,
lltp,petri-nets/MCC,,,DatabaseWithMutex_database40UNFOLD_20_1.p,intuitionistic,horn,1,,5,0,3,provable,proved,,ok,horn,IMELL,314138,41,40.369,21,0,21,0,0,0,2048,40.000,0.181,auto,30,2.066,1073741824,0,
lltp,petri-nets/MCC,,,DatabaseWithMutex_database4UNFOLD_10_1.p,intuitionistic,horn,1,,5,0,3,provable,proved,,ok,horn,IMELL,886,5,0.245,10,0,10,0,0,0,2048,0.000,0.000,auto,30,0.026,1073741824,0,
lltp,petri-nets/MCC,,,DatabaseWithMutex_database4UNFOLD_5_1.p,intuitionistic,horn,1,,5,0,3,provable,proved,,ok,horn,IMELL,876,5,0.239,5,0,5,0,0,0,2048,0.000,0.000,auto,30,0.023,1073741824,0,
lltp,petri-nets/MCC,,,Dekker_dekker-100_50_1.p,intuitionistic,horn,1,,5,0,3,provable,proved,,ok,horn,IMELL,161198,200,17.056,50,0,50,0,0,0,2048,20.000,0.060,auto,30,1.194,1073741824,0,
lltp,petri-nets/MCC,,,Dekker_dekker-10_1_1.p,intuitionistic,horn,1,,5,0,3,provable,proved,,ok,horn,IMELL,1718,20,0.266,1,0,1,0,0,0,2048,0.000,0.000,auto,30,0.026,1073741824,0,
lltp,petri-nets/MCC,,,Dekker_dekker-15_100_1.p,intuitionistic,horn,1,,5,0,3,provable,proved,,ok,horn,IMELL,3778,30,336.930,898930,882532,16398,0,0,0,2048,330.000,0.602,auto,30,0.053,1073741824,0,
lltp,petri-nets/MCC,,,Dekker_dekker-15_50_1.p,intuitionistic,horn,1,,5,0,3,provable,proved,,ok,horn,IMELL,3778,30,0.451,9,0,9,0,0,0,2048,0.000,0.000,auto,30,0.045,1073741824,0,
lltp,petri-nets/MCC,,,Dekker_dekker-200_20_1.p,intuitionistic,horn,1,,5,0,3,provable,proved,,ok,horn,IMELL,642398,400,68.714,20,0,20,0,0,0,2048,60.000,0.149,auto,30,4.857,1073741824,0,
lltp,petri-nets/MCC,,,Dekker_dekker-20_1_1.p,intuitionistic,horn,1,,5,0,3,provable,proved,,ok,horn,IMELL,6638,40,0.789,1,0,1,0,0,0,2048,0.000,0.083,auto,30,0.063,1073741824,0,
lltp,petri-nets/MCC,,,Dekker_dekker-50_100_1.p,intuitionistic,horn,1,,5,0,3,provable,proved,,ok,horn,IMELL,40598,100,3.734,2,0,2,0,0,0,2048,0.000,0.029,auto,30,0.310,1073741824,0,
lltp,petri-nets/MCC,,,Dekker_dekker-50_5_1.p,intuitionistic,horn,1,,5,0,3,provable,proved,,ok,horn,IMELL,40598,100,3.795,5,0,5,0,0,0,2048,0.000,0.100,auto,30,0.296,1073741824,0,
lltp,petri-nets/MCC,,,Diffusion2D_2D8_gradient_10x10_100_1_1.p,intuitionistic,horn,1,,5,0,3,provable,proved,,ok,horn,IMELL,3134,108,0.552,1,0,1,0,0,0,2048,0.000,0.000,auto,30,0.074,1073741824,0,
lltp,petri-nets/MCC,,,Diffusion2D_2D8_gradient_10x10_10_20_1.p,intuitionistic,horn,1,,5,0,3,provable,proved,,ok,horn,IMELL,2774,18,0.535,5,0,5,0,0,0,2048,0.000,0.000,auto,30,0.051,1073741824,0,
lltp,petri-nets/MCC,,,Diffusion2D_2D8_gradient_10x10_150_5_1.p,intuitionistic,horn,1,,5,0,3,provable,proved,,ok,horn,IMELL,3334,158,0.545,1,0,1,0,0,0,2048,0.000,0.000,auto,30,0.080,1073741824,0,
lltp,petri-nets/MCC,,,Diffusion2D_2D8_gradient_10x10_50_1_1.p,intuitionistic,horn,1,,5,0,3,provable,proved,,ok,horn,IMELL,2934,58,0.542,1,0,1,0,0,0,2048,0.000,0.000,auto,30,0.060,1073741824,0,
lltp,petri-nets/MCC,,,Diffusion2D_2D8_gradient_20x20_100_20_1.p,intuitionistic,horn,1,,5,0,3,provable,proved,,ok,horn,IMELL,12254,108,2.282,1,0,1,0,0,0,2048,0.000,0.023,auto,30,0.241,1073741824,0,
lltp,petri-nets/MCC,,,Diffusion2D_2D8_gradient_20x20_10_5_1.p,intuitionistic,horn,1,,5,0,3,provable,proved,,ok,horn,IMELL,11894,18,2.416,5,0,5,0,0,0,2048,0.000,0.041,auto,30,0.182,1073741824,0,
lltp,petri-nets/MCC,,,Diffusion2D_2D8_gradient_20x20_50_1_1.p,intuitionistic,horn,1,,5,0,3,provable,proved,,ok,horn,IMELL,12054,58,2.343,1,0,1,0,0,0,2048,0.000,0.000,auto,30,0.199,1073741824,0,
lltp,petri-nets/MCC,,,Diffusion2D_2D8_gradient_30x30_100_20_1.p,intuitionistic,horn,1,,5,0,3,provable,proved,,ok,horn,IMELL,27774,108,5.133,6,0,6,0,0,0,2048,10.000,0.040,auto,30,0.455,1073741824,0,
lltp,petri-nets/MCC,,,Diffusion2D_2D8_gradient_30x30_10_5_1.p,intuitionistic,horn,1,,5,0,3,provable,proved,,ok,horn,IMELL,27414,18,5.314,5,0,5,0,0,0,2048,0.000,0.036,auto,30,0.435,1073741824,0,
lltp,petri-nets/MCC,,,Diffusion2D_2D8_gradient_30x30_50_1_1.p,intuitionistic,horn,1,,5,0,3,provable,proved,,ok,horn,IMELL,27574,58,5.456,1,0,1,0,0,0,2048,10.000,0.043,auto,30,0.452,1073741824,0,
lltp,petri-nets/MCC,,,Diffusion2D_2D8_gradient_40x40_100_20_1.p,intuitionistic,horn,1,,5,0,3,provable,proved,,ok,horn,IMELL,49694,108,10.259,11,0,11,0,0,0,2048,10.000,0.048,auto,30,0.807,1073741824,0,
lltp,petri-nets/MCC,,,Diffusion2D_2D8_gradient_40x40_10_5_1.p,intuitionistic,horn,1,,5,0,3,provable,proved,,ok,horn,IMELL,49334,18,10.395,5,0,5,0,0,0,2048,20.000,0.063,auto,30,0.828,1073741824,0,
lltp,petri-nets/MCC,,,Diffusion2D_2D8_gradient_40x40_50_1_1.p,intuitionistic,horn,1,,5,0,3,provable,proved,,ok,horn,IMELL,49494,58,10.269,1,0,1,0,0,0,2048,10.000,0.053,auto,30,0.781,1073741824,0,
lltp,petri-nets/MCC,,,Diffusion2D_2D8_gradient_50x50_100_20_1.p,intuitionistic,horn,1,,5,0,3,provable,proved,,ok,horn,IMELL,78014,108,17.457,16,0,16,0,0,0,2048,20.000,0.059,auto,30,1.424,1073741824,0,
lltp,petri-nets/MCC,,,Diffusion2D_2D8_gradient_50x50_10_5_1.p,intuitionistic,horn,1,,5,0,3,provable,proved,,ok,horn,IMELL,77654,18,18.424,3,0,3,0,0,0,2048,10.000,0.047,auto,30,1.441,1073741824,0,
lltp,petri-nets/MCC,,,Diffusion2D_2D8_gradient_50x50_50_1_1.p,intuitionistic,horn,1,,5,0,3,provable,proved,,ok,horn,IMELL,77814,58,18.670,1,0,1,0,0,0,2048,10.000,0.072,auto,30,1.322,1073741824,0,
lltp,petri-nets/MCC,,,Diffusion2D_2D8_gradient_5x5_100_1_1.p,intuitionistic,horn,1,,5,0,3,provable,proved,,ok,horn,IMELL,974,108,0.180,1,0,1,0,0,0,2048,0.000,0.000,auto,30,0.040,1073741824,0,
lltp,petri-nets/MCC,,,Diffusion2D_2D8_gradient_5x5_10_1_1.p,intuitionistic,horn,1,,5,0,3,provable,proved,,ok,horn,IMELL,614,18,0.159,1,0,1,0,0,0,2048,0.000,0.000,auto,30,0.016,1073741824,0,
lltp,petri-nets/MCC,,,Diffusion2D_2D8_gradient_5x5_150_1_1.p,intuitionistic,horn,1,,5,0,3,provable,proved,,ok,horn,IMELL,1174,158,0.185,1,0,1,0,0,0,2048,0.000,0.000,auto,30,0.047,1073741824,0,
lltp,petri-nets/MCC,,,Diffusion2D_2D8_gradient_5x5_200_1_1.p,intuitionistic,horn,1,,5,0,3,provable,proved,,ok,horn,IMELL,1374,208,0.211,1,0,1,0,0,0,2048,0.000,0.000,auto,30,0.061,1073741824,0,
lltp,petri-nets/MCC,,,Diffusion2D_2D8_gradient_5x5_250_1_1.p,intuitionistic,horn,1,,5,0,3,provable,proved,,ok,horn,IMELL,1574,258,0.212,1,0,1,0,0,0,2048,0.000,0.000,auto,30,0.068,1073741824,0,
lltp,petri-nets/MCC,,,Diffusion2D_2D8_gradient_5x5_300_1_1.p,intuitionistic,horn,1,,5,0,3,provable,proved,,ok,horn,IMELL,1774,308,0.202,1,0,1,0,0,0,2048,0.000,0.000,auto,30,0.081,1073741824,0,
lltp,petri-nets/MCC,,,Diffusion2D_2D8_gradient_5x5_350_1_1.p,intuitionistic,horn,1,,5,0,3,provable,proved,,ok,horn,IMELL,1974,358,0.214,1,0,1,0,0,0,2048,0.000,0.000,auto,30,0.090,1073741824,0,
lltp,petri-nets/MCC,,,Diffusion2D_2D8_gradient_5x5_50_1_1.p,intuitionistic,horn,1,,5,0,3,provable,proved,,ok,horn,IMELL,774,58,0.177,1,0,1,0,0,0,2048,0.000,0.000,auto,30,0.029,1073741824,0,
lltp,petri-nets/MCC,,,DrinkVendingMachine_distributeur-01-unfolded-02_100_1.p,intuitionistic,horn,1,,5,0,3,provable,proved,,ok,horn,IMELL,1118,69,0.176,5,0,5,0,0,0,2048,0.000,0.000,auto,30,0.018,1073741824,0,
lltp,petri-nets/MCC,,,DrinkVendingMachine_distributeur-01-unfolded-02_50_1.p,intuitionistic,horn,1,,5,0,3,provable,proved,,ok,horn,IMELL,1118,69,0.168,5,0,5,0,0,0,2048,0.000,0.000,auto,30,0.019,1073741824,0,
lltp,petri-nets/MCC,,,DrinkVendingMachine_distributeur-01-unfolded-10_20_1.p,intuitionistic,horn,1,,5,0,3,provable,proved,,ok,horn,IMELL,2173278,32101,226.167,20,0,20,0,0,0,2048,230.000,0.451,auto,30,14.539,1073741824,0,
lltp,petri-nets/MCC,,,ERK_erk-000001_1_1.p,intuitionistic,horn,1,,5,0,3,provable,proved,,ok,horn,IMELL,84,3,0.076,1,0,1,0,0,0,2048,0.000,0.000,auto,30,0.007,1073741824,0,
lltp,petri-nets/MCC,,,ERK_erk-000010_100_1.p,intuitionistic,horn,1,,5,0,3,provable,proved,,ok,horn,IMELL,246,12,0.090,10,0,10,0,0,0,2048,0.000,0.000,auto,30,0.020,1073741824,0,
lltp,petri-nets/MCC,,,ERK_erk-000010_50_1.p,intuitionistic,horn,1,,5,0,3,provable,proved,,ok,horn,IMELL,246,12,0.086,10,0,10,0,0,0,2048,0.000,0.000,auto,30,0.021,1073741824,0,
lltp,petri-nets/MCC,,,ERK_erk-000100_1_1.p,intuitionistic,horn,1,,5,0,3,provable,proved,,ok,horn,IMELL,2064,102,0.147,1,0,1,0,0,0,2048,0.000,0.000,auto,30,0.123,1073741824,0,
lltp,petri-nets/MCC,,,ERK_erk-001000_100_1.p,intuitionistic,horn,1,,5,0,3,provable,proved,,ok,horn,IMELL,19866,1002,1.023,100,0,100,0,0,0,2048,0.000,0.000,auto,30,1.231,1073741824,0,
lltp,petri-nets/MCC,,,ERK_erk-001000_50_1.p,intuitionistic,horn,1,,5,0,3,provable,proved,,ok,horn,IMELL,19966,1002,0.990,50,0,50,0,0,0,2048,0.000,0.000,auto,30,1.213,1073741824,0,
lltp,petri-nets/MCC,,,Echo_echo-d2r11_1_1.p,intuitionistic,horn,1,,5,0,3,provable,proved,,ok,horn,IMELL,10482,5,1.384,1,0,1,0,0,0,2048,0.000,0.000,auto,30,0.126,1073741824,0,
lltp,petri-nets/MCC,,,Echo_echo-d2r15_100_1.p,intuitionistic,horn,1,,5,0,3,provable,proved,,ok,horn,IMELL,20556,5,186.546,37355,20846,16509,0,0,0,2048,180.000,0.457,auto,30,0.340,1073741824,0,
lltp,petri-nets/MCC,,,Echo_echo-d2r15_5_1.p,intuitionistic,horn,1,,5,0,3,provable,proved,,ok,horn,IMELL,20322,5,2.806,5,0,5,0,0,0,2048,0.000,0.032,auto,30,0.233,1073741824,0,
lltp,petri-nets/MCC,,,Echo_echo-d2r19_50_1.p,intuitionistic,horn,1,,5,0,3,provable,proved,,ok,horn,IMELL,33518,5,4.626,50,0,50,0,0,0,2048,0.000,0.044,auto,30,0.401,1073741824,0,
lltp,petri-nets/MCC,,,Echo_echo-d2r9_1_1.p,intuitionistic,horn,1,,5,0,3,provable,proved,,ok,horn,IMELL,6770,5,1.054,1,0,1,0,0,0,2048,0.000,0.075,auto,30,0.092,1073741824,0,
lltp,petri-nets/MCC,,,Echo_echo-d3r3_100_1.p,intuitionistic,horn,1,,5,0,3,provable,proved,,ok,horn,IMELL,2610,5,347.348,238464,113338,125126,0,0,0,2048,340.000,0.722,auto,30,0.075,1073741824,0,
lltp,petri-nets/MCC,,,Echo_echo-d3r3_5_1.p,intuitionistic,horn,1,,5,0,3,provable,proved,,ok,horn,IMELL,2640,6,0.444,5,0,5,0,0,0,2048,0.000,0.000,auto,30,0.044,1073741824,0,
lltp,petri-nets/MCC,,,Echo_echo-d3r5_50_1.p,intuitionistic,horn,1,,5,0,3,provable,proved,,ok,horn,IMELL,17350,7,2.782,50,0,50,0,0,0,2048,0.000,0.026,auto,30,0.231,1073741824,0,
lltp,petri-nets/MCC,,,Echo_echo-d3r7_20_1.p,intuitionistic,horn,1,,5,0,3,provable,proved,,ok,horn,IMELL,52604,7,7.043,20,0,20,0,0,0,2048,10.000,0.070,auto,30,0.501,1073741824,0,
lltp,petri-nets/MCC,,,Echo_echo-d4r3_1_1.p,intuitionistic,horn,1,,5,0,3,provable,proved,,ok,horn,IMELL,13018,8,1.883,1,0,1,0,0,0,2048,0.000,0.000,auto,30,0.143,1073741824,0,
lltp,petri-nets/MCC,,,Echo_echo-d5r3_100_1.p,intuitionistic,horn,1,,5,0,3,provable,proved,,ok,horn,IMELL,58806,10,429.396,44058,27574,16484,0,0,0,2048,430.000,0.800,auto,30,0.663,1073741824,0,
lltp,petri-nets/MCC,,,Echo_echo-d5r3_5_1.p,intuitionistic,horn,1,,5,0,3,provable,proved,,ok,horn,IMELL,57846,10,8.028,5,0,5,0,0,0,2048,10.000,0.041,auto,30,0.495,1073741824,0,
lltp,petri-nets/MCC,,,EnergyBus_5_1.p,intuitionistic,horn,1,,5,0,3,provable,proved,,ok,horn,IMELL,126822,4188,10.503,5,0,5,0,0,0,2048,10.000,0.061,auto,30,0.682,1073741824,0,
lltp,petri-nets/MCC,,,Eratosthenes_eratosthenes-020_1_1.p,intuitionistic,horn,1,,5,0,3,provable,proved,,ok,horn,IMELL,234,10,0.091,1,0,1,0,0,0,2048,0.000,0.000,auto,30,0.011,1073741824,0,
lltp,petri-nets/MCC,,,Eratosthenes_eratosthenes-050_20_1.p,intuitionistic,horn,1,,5,0,3,provable,proved,,ok,horn,IMELL,802,25,0.217,20,0,20,0,0,0,2048,0.000,0.000,auto,30,0.029,1073741824,0,
lltp,petri-nets/MCC,,,Eratosthenes_eratosthenes-100_1_1.p,intuitionistic,horn,1,,5,0,3,provable,proved,,ok,horn,IMELL,2090,50,0.316,1,0,1,0,0,0,2048,0.000,0.000,auto,30,0.053,1073741824,0,
lltp,petri-nets/MCC,,,Eratosthenes_eratosthenes-200_100_1.p,intuitionistic,horn,1,,5,0,3,provable,proved,,ok,horn,IMELL,4788,100,2.278,100,0,100,0,0,0,2048,0.000,0.070,auto,30,0.130,1073741824,0,
lltp,petri-nets/MCC,,,Eratosthenes_eratosthenes-200_5_1.p,intuitionistic,horn,1,,5,0,3,provable,proved,,ok,horn,IMELL,4978,100,0.786,5,0,5,0,0,0,2048,0.000,0.066,auto,30,0.112,1073741824,0,
lltp,petri-nets/MCC,,,Eratosthenes_eratosthenes-500_50_1.p,intuitionistic,horn,1,,5,0,3,provable,proved,,ok,horn,IMELL,15040,250,5.412,50,0,50,0,0,0,2048,0.000,0.049,auto,30,0.305,1073741824,0,
lltp,petri-nets/MCC,,,FMS-100_1_1.p,intuitionistic,horn,1,,5,0,3,provable,proved,,ok,horn,IMELL,1322,102,0.140,1,0,1,0,0,0,2048,0.000,0.000,auto,30,0.080,1073741824,0,
lltp,petri-nets/MCC,,,FMS-10_10_1.p,intuitionistic,horn,1,,5,0,3,provable,proved,,ok,horn,IMELL,242,12,0.087,10,0,10,0,0,0,2048,0.000,0.000,auto,30,0.017,1073741824,0,
lltp,petri-nets/MCC,,,FMS-10_5_1.p,intuitionistic,horn,1,,5,0,3,provable,proved,,ok,horn,IMELL,242,12,0.081,5,0,5,0,0,0,2048,0.000,0.000,auto,30,0.015,1073741824,0,
lltp,petri-nets/MCC,,,FMS-200_20_1.p,intuitionistic,horn,1,,5,0,3,provable,proved,,ok,horn,IMELL,2522,202,0.198,20,0,20,0,0,0,2048,0.000,0.000,auto,30,0.148,1073741824,0,
lltp,petri-nets/MCC,,,FMS-20_10_1.p,intuitionistic,horn,1,,5,0,3,provable,proved,,ok,horn,IMELL,362,22,0.096,10,0,10,0,0,0,2048,0.000,0.000,auto,30,0.025,1073741824,0,
lltp,petri-nets/MCC,,,FMS-20_5_1.p,intuitionistic,horn,1,,5,0,3,provable,proved,,ok,horn,IMELL,362,22,0.093,5,0,5,0,0,0,2048,0.000,0.000,auto,30,0.023,1073741824,0,
lltp,petri-nets/MCC,,,FMS-2_20_1.p,intuitionistic,horn,1,,5,0,3,provable,proved,,ok,horn,IMELL,146,4,0.085,11,0,11,0,0,0,2048,0.000,0.000,auto,30,0.012,1073741824,0,
lltp,petri-nets/MCC,,,FMS-500_10_1.p,intuitionistic,horn,1,,5,0,3,provable,proved,,ok,horn,IMELL,6122,502,0.356,10,0,10,0,0,0,2048,0.000,0.000,auto,30,0.378,1073741824,0,
lltp,petri-nets/MCC,,,FMS-500_5_1.p,intuitionistic,horn,1,,5,0,3,provable,proved,,ok,horn,IMELL,6122,502,0.334,5,0,5,0,0,0,2048,0.000,0.000,auto,30,0.375,1073741824,0,
lltp,petri-nets/MCC,,,FMS-50_20_1.p,intuitionistic,horn,1,,5,0,3,provable,proved,,ok,horn,IMELL,722,52,0.120,20,0,20,0,0,0,2048,0.000,0.000,auto,30,0.048,1073741824,0,
lltp,petri-nets/MCC,,,FMS-5_1_1.p,intuitionistic,horn,1,,5,0,3,provable,proved,,ok,horn,IMELL,182,7,0.086,1,0,1,0,0,0,2048,0.000,0.000,auto,30,0.012,1073741824,0,
lltp,petri-nets/MCC,,,FlexibleBarrier_flexbar_04_a_1_1.p,intuitionistic,horn,1,,5,0,3,provable,proved,,ok,horn,IMELL,630,27,0.158,1,0,1,0,0,0,2048,0.000,0.000,auto,30,0.013,1073741824,0,
lltp,petri-nets/MCC,,,FlexibleBarrier_flexbar_04_b_10_1.p,intuitionistic,horn,1,,5,0,3,provable,proved,,ok,horn,IMELL,1492,17,0.376,10,0,10,0,0,0,2048,0.000,0.000,auto,30,0.035,1073741824,0,
lltp,petri-nets/MCC,,,FlexibleBarrier_flexbar_04_b_5_1.p,intuitionistic,horn,1,,5,0,3,provable,proved,,ok,horn,IMELL,1492,17,0.361,5,0,5,0,0,0,2048,0.000,0.000,auto,30,0.032,1073741824,0,
lltp,petri-nets/MCC,,,FlexibleBarrier_flexbar_06_a_5_1.p,intuitionistic,horn,1,,5,0,3,provable,proved,,ok,horn,IMELL,1214,63,0.254,4,0,4,0,0,0,2048,0.000,0.000,auto,30,0.024,1073741824,0,
lltp,petri-nets/MCC,,,FlexibleBarrier_flexbar_06_b_20_1.p,intuitionistic,horn,1,,5,0,3,provable,proved,,ok,horn,IMELL,3082,37,0.745,20,0,20,0,0,0,2048,0.000,0.068,auto,30,0.061,1073741824,0,
lltp,petri-nets/MCC,,,FlexibleBarrier_flexbar_08_a_1_1.p,intuitionistic,horn,1,,5,0,3,provable,proved,,ok,horn,IMELL,1990,115,0.318,1,0,1,0,0,0,2048,0.000,0.000,auto,30,0.033,1073741824,0,
lltp,petri-nets/MCC,,,FlexibleBarrier_flexbar_08_b_1_1.p,intuitionistic,horn,1,,5,0,3,provable,proved,,ok,horn,IMELL,5258,65,1.174,1,0,1,0,0,0,2048,0.000,0.023,auto,30,0.090,1073741824,0,
lltp,petri-nets/MCC,,,FlexibleBarrier_flexbar_10_a_10_1.p,intuitionistic,horn,1,,5,0,3,provable,proved,,ok,horn,IMELL,2958,183,0.431,3,0,3,0,0,0,2048,0.000,0.000,auto,30,0.041,1073741824,0,
lltp,petri-nets/MCC,,,FlexibleBarrier_flexbar_10_b_100_1.p,intuitionistic,horn,1,,5,0,3,provable,proved,,ok,horn,IMELL,8074,101,1.626,114,1,113,0,0,0,2048,0.000,0.033,auto,30,0.135,1073741824,0,
lltp,petri-nets/MCC,,,FlexibleBarrier_flexbar_10_b_50_1.p,intuitionistic,horn,1,,5,0,3,provable,proved,,ok,horn,IMELL,8072,101,1.540,171,5,166,0,0,0,2048,0.000,0.000,auto,30,0.132,1073741824,0,
lltp,petri-nets/MCC,,,FlexibleBarrier_flexbar_12_a_20_1.p,intuitionistic,horn,1,,5,0,3,provable,proved,,ok,horn,IMELL,4118,267,0.498,13,2,11,0,0,0,2048,0.000,0.000,auto,30,0.057,1073741824,0,
lltp,petri-nets/MCC,,,FlexibleBarrier_flexbar_12_b_1_1.p,intuitionistic,horn,1,,5,0,3,provable,proved,,ok,horn,IMELL,11458,145,2.492,1,0,1,0,0,0,2048,0.000,0.024,auto,30,0.194,1073741824,0,
lltp,petri-nets/MCC,,,FlexibleBarrier_flexbar_14_a_10_1.p,intuitionistic,horn,1,,5,0,3,provable,proved,,ok,horn,IMELL,5470,367,0.734,5,0,5,0,0,0,2048,0.000,0.066,auto,30,0.066,1073741824,0,
lltp,petri-nets/MCC,,,FlexibleBarrier_flexbar_14_b_100_1.p,intuitionistic,horn,1,,5,0,3,provable,proved,,ok,horn,IMELL,15498,197,2.937,183,2,181,0,0,0,2048,0.000,0.057,auto,30,0.243,1073741824,0,
lltp,petri-nets/MCC,,,FlexibleBarrier_flexbar_14_b_50_1.p,intuitionistic,horn,1,,5,0,3,provable,proved,,ok,horn,IMELL,15484,197,2.894,91,1,90,0,0,0,2048,0.000,0.040,auto,30,0.226,1073741824,0,
lltp,petri-nets/MCC,,,FlexibleBarrier_flexbar_16_a_5_1.p,intuitionistic,horn,1,,5,0,3,provable,proved,,ok,horn,IMELL,7014,483,0.908,2,0,2,0,0,0,2048,0.000,0.071,auto,30,0.081,1073741824,0,
lltp,petri-nets/MCC,,,FlexibleBarrier_flexbar_16_b_20_1.p,intuitionistic,horn,1,,5,0,3,provable,proved,,ok,horn,IMELL,20098,257,3.932,293,1,292,0,0,0,2048,0.000,0.050,auto,30,0.322,1073741824,0,
lltp,petri-nets/MCC,,,FlexibleBarrier_flexbar_18_a_20_1.p,intuitionistic,horn,1,,5,0,3,provable,proved,,ok,horn,IMELL,8750,615,0.986,13,2,11,0,0,0,2048,0.000,0.072,auto,30,0.087,1073741824,0,
lltp,petri-nets/MCC,,,FlexibleBarrier_flexbar_18_b_1_1.p,intuitionistic,horn,1,,5,0,3,provable,proved,,ok,horn,IMELL,25318,325,5.271,1,0,1,0,0,0,2048,0.000,0.046,auto,30,0.411,1073741824,0,
lltp,petri-nets/MCC,,,FlexibleBarrier_flexbar_20_a_1_1.p,intuitionistic,horn,1,,5,0,3,provable,proved,,ok,horn,IMELL,10678,763,1.198,1,0,1,0,0,0,2048,0.000,0.000,auto,30,0.122,1073741824,0,
lltp,petri-nets/MCC,,,FlexibleBarrier_flexbar_20_b_10_1.p,intuitionistic,horn,1,,5,0,3,provable,proved,,ok,horn,IMELL,31160,401,6.312,10,0,10,0,0,0,2048,10.000,0.031,auto,30,0.475,1073741824,0,
lltp,petri-nets/MCC,,,FlexibleBarrier_flexbar_20_b_5_1.p,intuitionistic,horn,1,,5,0,3,provable,proved,,ok,horn,IMELL,31156,401,6.205,5,0,5,0,0,0,2048,10.000,0.045,auto,30,0.457,1073741824,0,
lltp,petri-nets/MCC,,,FlexibleBarrier_flexbar_22_b_100_1.p,intuitionistic,horn,1,,5,0,3,provable,proved,,ok,horn,IMELL,37634,485,7.332,423,6,417,0,0,0,2048,10.000,0.051,auto,30,0.606,1073741824,0,
lltp,petri-nets/MCC,,,FlexibleBarrier_flexbar_22_b_50_1.p,intuitionistic,horn,1,,5,0,3,provable,proved,,ok,horn,IMELL,37612,485,7.265,110,1,109,0,0,0,2048,10.000,0.036,auto,30,0.602,1073741824,0,
lltp,petri-nets/MCC,,,GPPP_G-PPP-1-1000_100_1.p,intuitionistic,horn,1,,5,0,3,provable,proved,,ok,horn,IMELL,36348,4005,1.748,12,0,12,0,0,0,2048,0.000,0.025,auto,30,2.161,1073741824,0,
lltp,petri-nets/MCC,,,GPPP_G-PPP-1-1000_50_1.p,intuitionistic,horn,1,,5,0,3,provable,proved,,ok,horn,IMELL,36348,4005,1.747,12,0,12,0,0,0,2048,0.000,0.028,auto,30,2.168,1073741824,0,
lltp,petri-nets/MCC,,,GPPP_G-PPP-1-100_1_1.p,intuitionistic,horn,1,,5,0,3,provable,proved,,ok,horn,IMELL,3948,409,0.255,1,0,1,0,0,0,2048,0.000,0.000,auto,30,0.230,1073741824,0,
lltp,petri-nets/MCC,,,GPPP_G-PPP-1-10_100_1.p,intuitionistic,horn,1,,5,0,3,provable,proved,,ok,horn,IMELL,708,45,0.140,12,0,12,0,0,0,2048,0.000,0.000,auto,30,0.044,1073741824,0,
lltp,petri-nets/MCC,,,GPPP_G-PPP-1-10_50_1.p,intuitionistic,horn,1,,5,0,3,provable,proved,,ok,horn,IMELL,708,45,0.144,12,0,12,0,0,0,2048,0.000,0.000,auto,30,0.045,1073741824,0,
lltp,petri-nets/MCC,,,GPPP_G-PPP-1-1_1_1.p,intuitionistic,horn,1,,5,0,3,provable,proved,,ok,horn,IMELL,384,14,0.104,1,0,1,0,0,0,2048,0.000,0.000,auto,30,0.018,1073741824,0,
lltp,petri-nets/MCC,,,GPPP_G-PPP-10-100_100_1.p,intuitionistic,horn,1,,5,0,3,provable,proved,,ok,horn,IMELL,5712,450,20.808,64984,46982,18002,0,0,0,2048,10.000,0.203,auto,30,0.346,1073741824,0,
lltp,petri-nets/MCC,,,GPPP_G-PPP-10-100_50_1.p,intuitionistic,horn,1,,5,0,3,provable,proved,,ok,horn,IMELL,5712,460,23.747,67929,51455,16474,0,0,0,2048,20.000,0.129,auto,30,0.330,1073741824,0,
lltp,petri-nets/MCC,,,GPPP_G-PPP-10-10_1_1.p,intuitionistic,horn,1,,5,0,3,provable,proved,,ok,horn,IMELL,2472,140,0.197,1,0,1,0,0,0,2048,0.000,0.000,auto,30,0.095,1073741824,0,
lltp,petri-nets/MCC,,,GPPP_G-PPP-100-1000_1_1.p,intuitionistic,horn,1,,5,0,3,provable,proved,,ok,horn,IMELL,55752,4702,3.225,1,0,1,0,0,0,2048,0.000,0.055,auto,30,3.098,1073741824,0,
lltp,petri-nets/MCC,,,GPPP_G-PPP-100-100_100_1.p,intuitionistic,horn,1,,5,0,3,provable,proved,,ok,horn,IMELL,23352,1080,26.744,72325,54323,18002,0,0,0,2048,20.000,0.077,auto,30,1.225,1073741824,0,
lltp,petri-nets/MCC,,,GPPP_G-PPP-100-100_50_1.p,intuitionistic,horn,1,,5,0,3,provable,proved,,ok,horn,IMELL,23352,1090,25.318,67929,51455,16474,0,0,0,2048,20.000,0.071,auto,30,1.183,1073741824,0,
lltp,petri-nets/MCC,,,GPPP_G-PPP-100-10_1_1.p,intuitionistic,horn,1,,5,0,3,provable,proved,,ok,horn,IMELL,20112,1400,0.991,1,0,1,0,0,0,2048,0.000,0.000,auto,30,0.774,1073741824,0,
lltp,petri-nets/MCC,,,GPPP_G-PPP-1000-1000_20_1.p,intuitionistic,horn,1,,5,0,3,provable,proved,,ok,horn,IMELL,232152,14000,11.872,20,0,20,0,0,0,2048,10.000,0.064,auto,30,10.912,1073741824,0,
lltp,petri-nets/MCC,,,GPPP_G-PPP-1000-100_1_1.p,intuitionistic,horn,1,,5,0,3,provable,proved,,ok,horn,IMELL,199752,14000,11.224,1,0,1,0,0,0,2048,10.000,0.048,auto,30,7.884,1073741824,0,
lltp,petri-nets/MCC,,,GPPP_G-PPP-1000-10_100_1.p,intuitionistic,horn,1,,5,0,3,provable,proved,,ok,horn,IMELL,196512,7024,36.056,70644,52642,18002,0,0,0,2048,30.000,0.078,auto,30,10.262,1073741824,0,
lltp,petri-nets/MCC,,,GPPP_G-PPP-1000-10_50_1.p,intuitionistic,horn,1,,5,0,3,provable,proved,,ok,horn,IMELL,196512,7030,34.754,67929,51455,16474,0,0,0,2048,30.000,0.077,auto,30,10.646,1073741824,0,
lltp,petri-nets/MCC,,,GlobalResAllocation_galloc_res-3_10_1.p,intuitionistic,horn,1,,5,0,3,provable,proved,,ok,horn,IMELL,119494,5910,8.429,4,0,4,0,0,0,2048,0.000,0.037,auto,30,0.675,1073741824,0,
lltp,petri-nets/MCC,,,GlobalResAllocation_galloc_res-3_5_1.p,intuitionistic,horn,1,,5,0,3,provable,proved,,ok,horn,IMELL,119494,5910,8.461,3,0,3,0,0,0,2048,10.000,0.043,auto,30,0.660,1073741824,0,
lltp,petri-nets/MCC,,,GlobalResAllocation_galloc_res-5_50_1.p,intuitionistic,horn,1,,5,0,3,provable,proved,,ok,horn,IMELL,1428232,43210,109.719,8,0,8,0,0,0,2048,100.000,0.210,auto,30,8.634,1073741824,0,
lltp,petri-nets/MCC,,,HexagonalGrid_hxg_110_100_1.p,intuitionistic,horn,1,,5,0,3,provable,proved,,ok,horn,IMELL,406,31,0.141,11,0,11,0,0,0,2048,0.000,0.000,auto,30,0.019,1073741824,0,
lltp,petri-nets/MCC,,,HexagonalGrid_hxg_110_50_1.p,intuitionistic,horn,1,,5,0,3,provable,proved,,ok,horn,IMELL,406,31,0.125,14,0,14,0,0,0,2048,0.000,0.000,auto,30,0.020,1073741824,0,
lltp,petri-nets/MCC,,,HexagonalGrid_hxg_126_1_1.p,intuitionistic,horn,1,,5,0,3,provable,proved,,ok,horn,IMELL,454,37,0.106,1,0,1,0,0,0,2048,0.000,0.000,auto,30,0.016,1073741824,0,
lltp,petri-nets/MCC,,,HexagonalGrid_hxg_226_100_1.p,intuitionistic,horn,1,,5,0,3,provable,proved,,ok,horn,IMELL,2902,42,163.076,45020,21511,23509,0,0,0,2048,160.000,0.445,auto,30,1.436,1073741824,0,
lltp,petri-nets/MCC,,,HexagonalGrid_hxg_226_5_1.p,intuitionistic,horn,1,,5,0,3,provable,proved,,ok,horn,IMELL,2902,38,0.405,5,0,5,0,0,0,2048,0.000,0.000,auto,30,0.077,1073741824,0,
lltp,petri-nets/MCC,,,HexagonalGrid_hxg_316_50_1.p,intuitionistic,horn,1,,5,0,3,provable,proved,,ok,horn,IMELL,7198,39,1.350,50,0,50,0,0,0,2048,0.000,0.072,auto,30,0.173,1073741824,0,
lltp,petri-nets/MCC,,,HexagonalGrid_hxg_410_20_1.p,intuitionistic,horn,1,,5,0,3,provable,proved,,ok,horn,IMELL,12934,31,1.729,20,0,20,0,0,0,2048,0.000,0.026,auto,30,0.222,1073741824,0,
lltp,petri-nets/MCC,,,HexagonalGrid_hxg_516_1_1.p,intuitionistic,horn,1,,5,0,3,provable,proved,,ok,horn,IMELL,22606,37,2.706,1,0,1,0,0,0,2048,0.000,0.030,auto,30,0.441,1073741824,0,
lltp,petri-nets/MCC,,,HexagonalGrid_hxg_816_100_1.p,intuitionistic,horn,1,,5,0,3,provable,proved,,ok,horn,IMELL,61918,37,13.431,100,0,100,0,0,0,2048,10.000,0.059,auto,30,1.289,1073741824,0,
lltp,petri-nets/MCC,,,HexagonalGrid_hxg_816_5_1.p,intuitionistic,horn,1,,5,0,3,provable,proved,,ok,horn,IMELL,61918,37,7.387,5,0,5,0,0,0,2048,10.000,0.056,auto,30,1.225,1073741824,0,
lltp,petri-nets/MCC,,,HouseConstruction-002_50_1.p,intuitionistic,horn,1,,5,0,3,provable,proved,,ok,horn,IMELL,110,2,0.111,50,5,45,0,0,0,2048,0.000,0.000,auto,30,0.017,1073741824,0,
lltp,petri-nets/MCC,,,HouseConstruction-005_1_1.p,intuitionistic,horn,1,,5,0,3,provable,proved,,ok,horn,IMELL,122,5,0.078,1,0,1,0,0,0,2048,0.000,0.000,auto,30,0.007,1073741824,0,
lltp,petri-nets/MCC,,,HouseConstruction-010_100_1.p,intuitionistic,horn,1,,5,0,3,provable,proved,,ok,horn,IMELL,202,11,0.229,369,134,235,0,0,0,2048,0.000,0.000,auto,30,0.038,1073741824,0,
lltp,petri-nets/MCC,,,HouseConstruction-010_50_1.p,intuitionistic,horn,1,,5,0,3,provable,proved,,ok,horn,IMELL,206,11,0.114,52,0,52,0,0,0,2048,0.000,0.000,auto,30,0.026,1073741824,0,
lltp,petri-nets/MCC,,,HouseConstruction-020_1_1.p,intuitionistic,horn,1,,5,0,3,provable,proved,,ok,horn,IMELL,182,20,0.074,1,0,1,0,0,0,2048,0.000,0.000,auto,30,0.010,1073741824,0,
lltp,petri-nets/MCC,,,HouseConstruction-050_100_1.p,intuitionistic,horn,1,,5,0,3,provable,proved,,ok,horn,IMELL,302,51,0.116,100,0,100,0,0,0,2048,0.000,0.000,auto,30,0.033,1073741824,0,
lltp,petri-nets/MCC,,,HouseConstruction-050_50_1.p,intuitionistic,horn,1,,5,0,3,provable,proved,,ok,horn,IMELL,302,51,0.096,50,0,50,0,0,0,2048,0.000,0.000,auto,30,0.024,1073741824,0,
lltp,petri-nets/MCC,,,HouseConstruction-100_1_1.p,intuitionistic,horn,1,,5,0,3,provable,proved,,ok,horn,IMELL,502,100,0.092,1,0,1,0,0,0,2048,0.000,0.000,auto,30,0.031,1073741824,0,
lltp,petri-nets/MCC,,,HouseConstruction-200_100_1.p,intuitionistic,horn,1,,5,0,3,provable,proved,,ok,horn,IMELL,902,200,0.144,100,0,100,0,0,0,2048,0.000,0.000,auto,30,0.070,1073741824,0,
lltp,petri-nets/MCC,,,HouseConstruction-200_50_1.p,intuitionistic,horn,1,,5,0,3,provable,proved,,ok,horn,IMELL,902,200,0.133,50,0,50,0,0,0,2048,0.000,0.000,auto,30,0.069,1073741824,0,
lltp,petri-nets/MCC,,,HouseConstruction-500_1_1.p,intuitionistic,horn,1,,5,0,3,provable,proved,,ok,horn,IMELL,2102,500,0.170,1,0,1,0,0,0,2048,0.000,0.000,auto,30,0.128,1073741824,0,
lltp,petri-nets/MCC,,,HypercubeGrid_hc3k4p4b12_100_1.p,intuitionistic,horn,1,,5,0,3,provable,proved,,ok,horn,IMELL,30334,44,5.689,100,0,100,0,0,0,2048,10.000,0.041,auto,30,1.043,1073741824,0,
lltp,petri-nets/MCC,,,HypercubeGrid_hc3k4p4b12_5_1.p,intuitionistic,horn,1,,5,0,3,provable,proved,,ok,horn,IMELL,30334,43,3.106,5,0,5,0,0,0,2048,0.000,0.030,auto,30,0.823,1073741824,0,
lltp,petri-nets/MCC,,,HypercubeGrid_hc4k3p3b12_50_1.p,intuitionistic,horn,1,,5,0,3,provable,proved,,ok,horn,IMELL,58318,69,8.332,50,0,50,0,0,0,2048,10.000,0.045,auto,30,1.282,1073741824,0,
lltp,petri-nets/MCC,,,HypercubeGrid_hc5k3p3b15_20_1.p,intuitionistic,horn,1,,5,0,3,provable,proved,,ok,horn,IMELL,257578,106,34.768,20,0,20,0,0,0,2048,30.000,0.090,auto,30,5.684,1073741824,0,
lltp,petri-nets/MCC,,,HypertorusGrid_ht_d2k1p8b00_10_1.p,intuitionistic,horn,1,,5,0,3,provable,proved,,ok,horn,IMELL,270,14,0.100,10,0,10,0,0,0,2048,0.000,0.000,auto,30,0.022,1073741824,0,
lltp,petri-nets/MCC,,,HypertorusGrid_ht_d2k1p8b00_5_1.p,intuitionistic,horn,1,,5,0,3,provable,proved,,ok,horn,IMELL,270,13,0.099,5,0,5,0,0,0,2048,0.000,0.000,auto,30,0.019,1073741824,0,
lltp,petri-nets/MCC,,,HypertorusGrid_ht_d2k2p1b00_50_1.p,intuitionistic,horn,1,,5,0,3,provable,proved,,ok,horn,IMELL,638,13,0.368,271,93,178,0,0,0,2048,0.000,0.000,auto,30,0.032,1073741824,0,
lltp,petri-nets/MCC,,,HypertorusGrid_ht_d2k3p2b04_20_1.p,intuitionistic,horn,1,,5,0,3,provable,proved,,ok,horn,IMELL,1726,19,0.296,20,0,20,0,0,0,2048,0.000,0.000,auto,30,0.059,1073741824,0,
lltp,petri-nets/MCC,,,HypertorusGrid_ht_d3k3p2b06_1_1.p,intuitionistic,horn,1,,5,0,3,provable,proved,,ok,horn,IMELL,10366,37,1.137,1,0,1,0,0,0,2048,0.000,0.000,auto,30,0.225,1073741824,0,
lltp,petri-nets/MCC,,,HypertorusGrid_ht_d4k3p2b08_100_1.p,intuitionistic,horn,1,,5,0,3,provable,proved,,ok,horn,IMELL,51838,66,10.421,100,0,100,0,0,0,2048,10.000,0.046,auto,30,1.071,1073741824,0,
lltp,petri-nets/MCC,,,HypertorusGrid_ht_d4k3p2b08_5_1.p,intuitionistic,horn,1,,5,0,3,provable,proved,,ok,horn,IMELL,51838,65,5.783,5,0,5,0,0,0,2048,10.000,0.031,auto,30,1.015,1073741824,0,
lltp,petri-nets/MCC,,,HypertorusGrid_ht_d5k3p2b10_50_1.p,intuitionistic,horn,1,,5,0,3,provable,proved,,ok,horn,IMELL,233278,101,39.145,50,0,50,0,0,0,2048,40.000,0.174,auto,30,4.486,1073741824,0,
lltp,petri-nets/MCC,,,IBM319_1_1.p,intuitionistic,horn,1,,5,0,3,provable,proved,,ok,horn,IMELL,1062,4,0.279,1,0,1,0,0,0,2048,0.000,0.000,auto,30,0.024,1073741824,0,
lltp,petri-nets/MCC,,,IBM5964_10_1.p,intuitionistic,horn,1,,5,0,3,provable,proved,,ok,horn,IMELL,1102,3,0.291,13,1,12,0,0,0,2048,0.000,0.000,auto,30,0.027,1073741824,0,
lltp,petri-nets/MCC,,,IBM5964_5_1.p,intuitionistic,horn,1,,5,0,3,provable,proved,,ok,horn,IMELL,1106,3,0.283,5,0,5,0,0,0,2048,0.000,0.000,auto,30,0.026,1073741824,0,
lltp,petri-nets/MCC,,,IBM703_20_1.p,intuitionistic,horn,1,,5,0,3,provable,proved,,ok,horn,IMELL,1146,5,0.320,20,0,20,0,0,0,2048,0.000,0.000,auto,30,0.032,1073741824,0,
lltp,petri-nets/MCC,,,IBMB2S565S3960_10_1.p,intuitionistic,horn,1,,5,0,3,provable,proved,,ok,horn,IMELL,1170,7,0.320,10,0,10,0,0,0,2048,0.000,0.000,auto,30,0.031,1073741824,0,
lltp,petri-nets/MCC,,,IBMB2S565S3960_5_1.p,intuitionistic,horn,1,,5,0,3,provable,proved,,ok,horn,IMELL,1166,7,0.293,5,0,5,0,0,0,2048,0.000,0.000,auto,30,0.028,1073741824,0,
lltp,petri-nets/MCC,,,IOTPpurchase_IOTP_c12m10p15d17_20_1.p,intuitionistic,horn,1,,5,0,3,provable,proved,,ok,horn,IMELL,714,18,0.188,20,0,20,0,0,0,2048,0.000,0.000,auto,30,0.033,1073741824,0,
lltp,petri-nets/MCC,,,IOTPpurchase_IOTP_c1m1p1d1_10_1.p,intuitionistic,horn,1,,5,0,3,provable,proved,,ok,horn,IMELL,514,2,0.165,10,0,10,0,0,0,2048,0.000,0.000,auto,30,0.021,1073741824,0,
lltp,petri-nets/MCC,,,IOTPpurchase_IOTP_c1m1p1d1_5_1.p,intuitionistic,horn,1,,5,0,3,provable,proved,,ok,horn,IMELL,514,2,0.155,5,0,5,0,0,0,2048,0.000,0.000,auto,30,0.018,1073741824,0,
lltp,petri-nets/MCC,,,IOTPpurchase_IOTP_c3m3p3d3_20_1.p,intuitionistic,horn,1,,5,0,3,provable,proved,,ok,horn,IMELL,556,4,0.178,35,6,29,0,0,0,2048,0.000,0.000,auto,30,0.027,1073741824,0,
lltp,petri-nets/MCC,,,IOTPpurchase_IOTP_c5m4p3d2_10_1.p,intuitionistic,horn,1,,5,0,3,provable,proved,,ok,horn,IMELL,554,6,0.158,10,0,10,0,0,0,2048,0.000,0.000,auto,30,0.020,1073741824,0,
lltp,petri-nets/MCC,,,IOTPpurchase_IOTP_c5m4p3d2_5_1.p,intuitionistic,horn,1,,5,0,3,provable,proved,,ok,horn,IMELL,554,6,0.146,5,0,5,0,0,0,2048,0.000,0.000,auto,30,0.017,1073741824,0,
lltp,petri-nets/MCC,,,JoinFreeModules_joinFree-100_50_1.p,intuitionistic,horn,1,,5,0,3,provable,proved,,ok,horn,IMELL,91206,203,5.748,50,0,50,0,0,0,2048,10.000,0.048,auto,30,2.684,1073741824,0,
lltp,petri-nets/MCC,,,JoinFreeModules_joinFree-10_20_1.p,intuitionistic,horn,1,,5,0,3,provable,proved,,ok,horn,IMELL,1926,23,0.241,20,0,20,0,0,0,2048,0.000,0.000,auto,30,0.052,1073741824,0,
lltp,petri-nets/MCC,,,JoinFreeModules_joinFree-20_1_1.p,intuitionistic,horn,1,,5,0,3,provable,proved,,ok,horn,IMELL,5446,43,0.420,1,0,1,0,0,0,2048,0.000,0.000,auto,30,0.127,1073741824,0,
lltp,petri-nets/MCC,,,JoinFreeModules_joinFree-3_100_1.p,intuitionistic,horn,1,,5,0,3,provable,proved,,ok,horn,IMELL,414,11,0.105,9,0,9,0,0,0,2048,0.000,0.000,auto,30,0.013,1073741824,0,
lltp,petri-nets/MCC,,,JoinFreeModules_joinFree-3_50_1.p,intuitionistic,horn,1,,5,0,3,provable,proved,,ok,horn,IMELL,414,11,0.103,8,0,8,0,0,0,2048,0.000,0.000,auto,30,0.014,1073741824,0,
lltp,petri-nets/MCC,,,JoinFreeModules_joinFree-4_20_1.p,intuitionistic,horn,1,,5,0,3,provable,proved,,ok,horn,IMELL,582,12,0.128,13,0,13,0,0,0,2048,0.000,0.000,auto,30,0.019,1073741824,0,
lltp,petri-nets/MCC,,,JoinFreeModules_joinFree-50_20_1.p,intuitionistic,horn,1,,5,0,3,provable,proved,,ok,horn,IMELL,25606,103,1.708,20,0,20,0,0,0,2048,0.000,0.028,auto,30,0.688,1073741824,0,
lltp,petri-nets/MCC,,,JoinFreeModules_joinFree-5_1_1.p,intuitionistic,horn,1,,5,0,3,provable,proved,,ok,horn,IMELL,766,13,0.138,1,0,1,0,0,0,2048,0.000,0.000,auto,30,0.019,1073741824,0,
lltp,petri-nets/MCC,,,Kanban-1000_10_1.p,intuitionistic,horn,1,,5,0,3,provable,proved,,ok,horn,IMELL,16078,1001,0.824,10,0,10,0,0,0,2048,0.000,0.000,auto,30,1.110,1073741824,0,
lltp,petri-nets/MCC,,,Kanban-1000_5_1.p,intuitionistic,horn,1,,5,0,3,provable,proved,,ok,horn,IMELL,16078,1001,0.775,5,0,5,0,0,0,2048,0.000,0.000,auto,30,0.944,1073741824,0,
lltp,petri-nets/MCC,,,Kanban-100_20_1.p,intuitionistic,horn,1,,5,0,3,provable,proved,,ok,horn,IMELL,1678,101,0.159,20,0,20,0,0,0,2048,0.000,0.000,auto,30,0.109,1073741824,0,
lltp,petri-nets/MCC,,,Kanban-10_1_1.p,intuitionistic,horn,1,,5,0,3,provable,proved,,ok,horn,IMELL,238,11,0.067,1,0,1,0,0,0,2048,0.000,0.000,auto,30,0.016,1073741824,0,
lltp,petri-nets/MCC,,,Kanban-200_10_1.p,intuitionistic,horn,1,,5,0,3,provable,proved,,ok,horn,IMELL,3278,201,0.221,10,0,10,0,0,0,2048,0.000,0.000,auto,30,0.344,1073741824,0,
lltp,petri-nets/MCC,,,Kanban-200_5_1.p,intuitionistic,horn,1,,5,0,3,provable,proved,,ok,horn,IMELL,3278,201,0.224,5,0,5,0,0,0,2048,0.000,0.000,auto,30,0.208,1073741824,0,
lltp,petri-nets/MCC,,,Kanban-20_5_1.p,intuitionistic,horn,1,,5,0,3,provable,proved,,ok,horn,IMELL,398,21,0.085,5,0,5,0,0,0,2048,0.000,0.000,auto,30,0.027,1073741824,0,
lltp,petri-nets/MCC,,,Kanban-500_20_1.p,intuitionistic,horn,1,,5,0,3,provable,proved,,ok,horn,IMELL,8078,501,0.448,20,0,20,0,0,0,2048,0.000,0.000,auto,30,0.562,1073741824,0,
lltp,petri-nets/MCC,,,Kanban-50_1_1.p,intuitionistic,horn,1,,5,0,3,provable,proved,,ok,horn,IMELL,878,51,0.105,1,0,1,0,0,0,2048,0.000,0.000,auto,30,0.055,1073741824,0,
lltp,petri-nets/MCC,,,Kanban-5_10_1.p,intuitionistic,horn,1,,5,0,3,provable,proved,,ok,horn,IMELL,158,6,0.076,10,0,10,0,0,0,2048,0.000,0.000,auto,30,0.013,1073741824,0,
lltp,petri-nets/MCC,,,Kanban-5_5_1.p,intuitionistic,horn,1,,5,0,3,provable,proved,,ok,horn,IMELL,158,7,0.076,5,0,5,0,0,0,2048,0.000,0.000,auto,30,0.012,1073741824,0,
lltp,petri-nets/MCC,,,LamportFastMutEx_lamport_fmea-2_20_1.p,intuitionistic,horn,1,,5,0,3,provable,proved,,ok,horn,IMELL,830,22,0.210,73,23,50,0,0,0,2048,0.000,0.000,auto,30,0.026,1073741824,0,
lltp,petri-nets/MCC,,,LamportFastMutEx_lamport_fmea-3_10_1.p,intuitionistic,horn,1,,5,0,3,provable,proved,,ok,horn,IMELL,1358,33,0.252,18,0,18,0,0,0,2048,0.000,0.000,auto,30,0.028,1073741824,0,
lltp,petri-nets/MCC,,,LamportFastMutEx_lamport_fmea-3_5_1.p,intuitionistic,horn,1,,5,0,3,provable,proved,,ok,horn,IMELL,1358,33,0.256,5,0,5,0,0,0,2048,0.000,0.000,auto,30,0.026,1073741824,0,
lltp,petri-nets/MCC,,,LamportFastMutEx_lamport_fmea-4_20_1.p,intuitionistic,horn,1,,5,0,3,provable,proved,,ok,horn,IMELL,2026,46,28.131,73555,45087,28468,0,0,0,2048,20.000,0.144,auto,30,0.085,1073741824,0,
lltp,petri-nets/MCC,,,LamportFastMutEx_lamport_fmea-5_10_1.p,intuitionistic,horn,1,,5,0,3,provable,proved,,ok,horn,IMELL,2806,61,0.460,3,0,3,0,0,0,2048,0.000,0.000,auto,30,0.039,1073741824,0,
lltp,petri-nets/MCC,,,LamportFastMutEx_lamport_fmea-5_5_1.p,intuitionistic,horn,1,,5,0,3,provable,proved,,ok,horn,IMELL,2806,61,0.439,5,0,5,0,0,0,2048,0.000,0.000,auto,30,0.037,1073741824,0,
lltp,petri-nets/MCC,,,LamportFastMutEx_lamport_fmea-6_20_1.p,intuitionistic,horn,1,,5,0,3,provable,proved,,ok,horn,IMELL,3722,78,1903.349,3470318,2422757,1047561,0,0,0,2048,1890.000,3.629,auto,30,0.066,1073741824,0,
lltp,petri-nets/MCC,,,LamportFastMutEx_lamport_fmea-7_10_1.p,intuitionistic,horn,1,,5,0,3,provable,proved,,ok,horn,IMELL,4766,97,1.115,586,207,379,0,0,0,2048,0.000,0.077,auto,30,0.073,1073741824,0,
lltp,petri-nets/MCC,,,LamportFastMutEx_lamport_fmea-7_5_1.p,intuitionistic,horn,1,,5,0,3,provable,proved,,ok,horn,IMELL,4766,97,0.684,5,0,5,0,0,0,2048,0.000,0.000,auto,30,0.060,1073741824,0,
lltp,petri-nets/MCC,,,LamportFastMutEx_lamport_fmea-8_20_1.p,intuitionistic,horn,1,,5,0,3,provable,proved,,ok,horn,IMELL,5938,118,2.226,1731,689,1042,0,0,0,2048,0.000,0.072,auto,30,0.101,1073741824,0,
lltp,petri-nets/MCC,,,MAPK-160_10_1.p,intuitionistic,horn,1,,5,0,3,provable,proved,,ok,horn,IMELL,3058,162,0.210,2,0,2,0,0,0,2048,0.000,0.000,auto,30,0.177,1073741824,0,
lltp,petri-nets/MCC,,,MAPK-160_5_1.p,intuitionistic,horn,1,,5,0,3,provable,proved,,ok,horn,IMELL,3056,162,0.223,3,0,3,0,0,0,2048,0.000,0.000,auto,30,0.179,1073741824,0,
lltp,petri-nets/MCC,,,MAPK-20_20_1.p,intuitionistic,horn,1,,5,0,3,provable,proved,,ok,horn,IMELL,538,22,0.106,2,0,2,0,0,0,2048,0.000,0.000,auto,30,0.028,1073741824,0,
lltp,petri-nets/MCC,,,MAPK-320_10_1.p,intuitionistic,horn,1,,5,0,3,provable,proved,,ok,horn,IMELL,5938,322,0.331,2,0,2,0,0,0,2048,0.000,0.000,auto,30,0.345,1073741824,0,
lltp,petri-nets/MCC,,,MAPK-320_5_1.p,intuitionistic,horn,1,,5,0,3,provable,proved,,ok,horn,IMELL,5936,322,0.325,3,0,3,0,0,0,2048,0.000,0.000,auto,30,0.354,1073741824,0,
lltp,petri-nets/MCC,,,MAPK-40_20_1.p,intuitionistic,horn,1,,5,0,3,provable,proved,,ok,horn,IMELL,898,42,0.123,2,0,2,0,0,0,2048,0.000,0.000,auto,30,0.049,1073741824,0,
lltp,petri-nets/MCC,,,MAPK-80_10_1.p,intuitionistic,horn,1,,5,0,3,provable,proved,,ok,horn,IMELL,1618,82,0.153,2,0,2,0,0,0,2048,0.000,0.000,auto,30,0.091,1073741824,0,
lltp,petri-nets/MCC,,,MAPK-80_5_1.p,intuitionistic,horn,1,,5,0,3,provable,proved,,ok,horn,IMELL,1616,82,0.151,3,0,3,0,0,0,2048,0.000,0.000,auto,30,0.096,1073741824,0,
lltp,petri-nets/MCC,,,MAPK-8_50_1.p,intuitionistic,horn,1,,5,0,3,provable,proved,,ok,horn,IMELL,318,10,0.090,2,0,2,0,0,0,2048,0.000,0.000,auto,30,0.015,1073741824,0,
lltp,petri-nets/MCC,,,MultiwaySync_20_1.p,intuitionistic,horn,1,,5,0,3,provable,proved,,ok,horn,IMELL,3046,167,0.502,20,0,20,0,0,0,2048,0.000,0.000,auto,30,0.057,1073741824,0,
lltp,petri-nets/MCC,,,NeighborGrid_z_2d_3n_1m_c_1_2_10_1.p,intuitionistic,horn,1,,5,0,3,provable,proved,,ok,horn,IMELL,194,10,0.095,6,0,6,0,0,0,2048,0.000,0.000,auto,30,0.009,1073741824,0,
lltp,petri-nets/MCC,,,NeighborGrid_z_2d_3n_1m_c_1_2_5_1.p,intuitionistic,horn,1,,5,0,3,provable,proved,,ok,horn,IMELL,194,9,0.082,3,0,3,0,0,0,2048,0.000,0.000,auto,30,0.008,1073741824,0,
lltp,petri-nets/MCC,,,NeighborGrid_z_2d_3n_1m_t_1_2_50_1.p,intuitionistic,horn,1,,5,0,3,provable,proved,,ok,horn,IMELL,322,11,0.129,5,0,5,0,0,0,2048,0.000,0.000,auto,30,0.012,1073741824,0,
lltp,petri-nets/MCC,,,NeighborGrid_z_3d_3n_1m_t_1_1_5_1.p,intuitionistic,horn,1,,5,0,3,provable,proved,,ok,horn,IMELL,754,8,0.179,1,0,1,0,0,0,2048,0.000,0.000,auto,30,0.021,1073741824,0,
lltp,petri-nets/MCC,,,NeighborGrid_z_5d_4n_1m_t_3_5_1_1.p,intuitionistic,horn,1,,5,0,3,provable,proved,,ok,horn,IMELL,790526,194,283.286,1,0,1,0,0,0,2048,280.000,0.737,auto,30,16.661,1073741824,0,
lltp,petri-nets/MCC,,,NeoElection_neoelection-2.unf_1_1.p,intuitionistic,horn,1,,5,0,3,provable,proved,,ok,horn,IMELL,4042,117,0.655,1,0,1,0,0,0,2048,0.000,0.080,auto,30,0.047,1073741824,0,
lltp,petri-nets/MCC,,,NeoElection_neoelection-3.unf_100_1.p,intuitionistic,horn,1,,5,0,3,provable,proved,,ok,horn,IMELL,11774,268,1.471,129,20,109,0,0,0,2048,0.000,0.034,auto,30,0.141,1073741824,0,
lltp,petri-nets/MCC,,,NeoElection_neoelection-3.unf_50_1.p,intuitionistic,horn,1,,5,0,3,provable,proved,,ok,horn,IMELL,11782,268,1.604,54,0,54,0,0,0,2048,0.000,0.023,auto,30,0.148,1073741824,0,
lltp,petri-nets/MCC,,,NeoElection_neoelection-4.unf_1_1.p,intuitionistic,horn,1,,5,0,3,provable,proved,,ok,horn,IMELL,27288,515,3.416,1,0,1,0,0,0,2048,0.000,0.037,auto,30,0.282,1073741824,0,
lltp,petri-nets/MCC,,,NeoElection_neoelection-5.unf_100_1.p,intuitionistic,horn,1,,5,0,3,provable,unknown,timeout,,horn,IMELL,54596,882,5037.020,4917236,3199669,1717567,0,0,0,2048,5010.000,7.990,auto,30,,1073741824,0,
lltp,petri-nets/MCC,,,NeoElection_neoelection-5.unf_50_1.p,intuitionistic,horn,1,,5,0,3,provable,proved,,ok,horn,IMELL,54602,882,5.977,85,0,85,0,0,0,2048,10.000,0.039,auto,30,0.516,1073741824,0,
lltp,petri-nets/MCC,,,NeoElection_neoelection-6.unf_1_1.p,intuitionistic,horn,1,,5,0,3,provable,proved,,ok,horn,IMELL,98390,1393,12.592,1,0,1,0,0,0,2048,10.000,0.045,auto,30,0.970,1073741824,0,
lltp,petri-nets/MCC,,,NeoElection_neoelection-7.unf_100_1.p,intuitionistic,horn,1,,5,0,3,provable,proved,,ok,horn,IMELL,164464,2072,17.624,100,0,100,0,0,0,2048,10.000,0.057,auto,30,1.372,1073741824,0,
lltp,petri-nets/MCC,,,NeoElection_neoelection-7.unf_50_1.p,intuitionistic,horn,1,,5,0,3,provable,proved,,ok,horn,IMELL,164466,2072,18.344,50,0,50,0,0,0,2048,20.000,0.065,auto,30,1.384,1073741824,0,
lltp,petri-nets/MCC,,,NeoElection_neoelection-8.unf_1_1.p,intuitionistic,horn,1,,5,0,3,provable,proved,,ok,horn,IMELL,258964,2943,31.981,1,0,1,0,0,0,2048,40.000,0.080,auto,30,2.386,1073741824,0,
lltp,petri-nets/MCC,,,PaceMaker_100_1.p,intuitionistic,horn,1,,5,0,3,provable,unknown,timeout,,horn,IMELL,844834,17188,5025.443,6244399,5383896,860503,0,0,0,2048,5010.000,7.302,auto,30,,1073741824,0,
lltp,petri-nets/MCC,,,PaceMaker_5_1.p,intuitionistic,horn,1,,5,0,3,provable,unknown,timeout,,horn,IMELL,844834,17188,5028.350,5975365,5146480,828885,0,0,0,2048,5010.000,7.475,auto,30,,1073741824,0,
lltp,petri-nets/MCC,,,ParamProductionCell_closed_system1_20_1.p,intuitionistic,horn,1,,5,0,3,provable,proved,,ok,horn,IMELL,1832,16,0.339,20,0,20,0,0,0,2048,0.000,0.000,auto,30,0.046,1073741824,0,
lltp,petri-nets/MCC,,,ParamProductionCell_closed_system2_10_1.p,intuitionistic,horn,1,,5,0,3,provable,proved,,ok,horn,IMELL,1830,16,0.322,10,0,10,0,0,0,2048,0.000,0.000,auto,30,0.037,1073741824,0,
lltp,petri-nets/MCC,,,ParamProductionCell_closed_system2_5_1.p,intuitionistic,horn,1,,5,0,3,provable,proved,,ok,horn,IMELL,1830,16,0.327,5,0,5,0,0,0,2048,0.000,0.000,auto,30,0.036,1073741824,0,
lltp,petri-nets/MCC,,,ParamProductionCell_closed_system3_20_1.p,intuitionistic,horn,1,,5,0,3,provable,proved,,ok,horn,IMELL,1828,16,0.333,25,1,24,0,0,0,2048,0.000,0.000,auto,30,0.040,1073741824,0,
lltp,petri-nets/MCC,,,ParamProductionCell_closed_system4_10_1.p,intuitionistic,horn,1,,5,0,3,provable,proved,,ok,horn,IMELL,1828,16,0.332,10,0,10,0,0,0,2048,0.000,0.000,auto,30,0.039,1073741824,0,
lltp,petri-nets/MCC,,,ParamProductionCell_closed_system4_5_1.p,intuitionistic,horn,1,,5,0,3,provable,proved,,ok,horn,IMELL,1830,16,0.330,5,0,5,0,0,0,2048,0.000,0.000,auto,30,0.035,1073741824,0,
lltp,petri-nets/MCC,,,ParamProductionCell_closed_system5_20_1.p,intuitionistic,horn,1,,5,0,3,provable,proved,,ok,horn,IMELL,1826,16,0.350,24,2,22,0,0,0,2048,0.000,0.000,auto,30,0.040,1073741824,0,
lltp,petri-nets/MCC,,,ParamProductionCell_open_system_0_10_1.p,intuitionistic,horn,1,,5,0,3,provable,proved,,ok,horn,IMELL,1582,16,0.283,10,0,10,0,0,0,2048,0.000,0.000,auto,30,0.033,1073741824,0,
lltp,petri-nets/MCC,,,ParamProductionCell_open_system_0_5_1.p,intuitionistic,horn,1,,5,0,3,provable,proved,,ok,horn,IMELL,1582,16,0.294,5,0,5,0,0,0,2048,0.000,0.000,auto,30,0.032,1073741824,0,
lltp,petri-nets/MCC,,,Parking_parking_1_4_20_1.p,intuitionistic,horn,1,,5,0,3,provable,proved,,ok,horn,IMELL,598,11,0.421,959,581,378,0,0,0,2048,0.000,0.000,auto,30,0.022,1073741824,0,
lltp,petri-nets/MCC,,,Parking_parking_2_8_20_1.p,intuitionistic,horn,1,,5,0,3,provable,proved,,ok,horn,IMELL,1250,11,0.274,25,0,25,0,0,0,2048,0.000,0.000,auto,30,0.035,1073741824,0,
lltp,petri-nets/MCC,,,Parking_parking_4_16_1_1.p,intuitionistic,horn,1,,5,0,3,provable,proved,,ok,horn,IMELL,2722,11,0.471,1,0,1,0,0,0,2048,0.000,0.000,auto,30,0.056,1073741824,0,
lltp,petri-nets/MCC,,,Parking_parking_4_32_100_1.p,intuitionistic,horn,1,,5,0,3,provable,proved,,ok,horn,IMELL,4898,19,9.172,5878,3244,2634,0,0,0,2048,0.000,0.048,auto,30,0.119,1073741824,0,
lltp,petri-nets/MCC,,,Parking_parking_4_32_5_1.p,intuitionistic,horn,1,,5,0,3,provable,proved,,ok,horn,IMELL,4898,19,0.891,5,0,5,0,0,0,2048,0.000,0.074,auto,30,0.093,1073741824,0,
lltp,petri-nets/MCC,,,Parking_parking_8_32_50_1.p,intuitionistic,horn,1,,5,0,3,provable,proved,,ok,horn,IMELL,6338,11,2.579,360,0,360,0,0,0,2048,0.000,0.071,auto,30,0.136,1073741824,0,
lltp,petri-nets/MCC,,,Parking_parking_8_64_20_1.p,intuitionistic,horn,1,,5,0,3,provable,proved,,ok,horn,IMELL,10690,19,1.688,20,0,20,0,0,0,2048,0.000,0.030,auto,30,0.185,1073741824,0,
lltp,petri-nets/MCC,,,PermAdmissibility_unf-8x8-4stageSEN-01_1_1.p,intuitionistic,horn,1,,5,0,3,provable,proved,,ok,horn,IMELL,7010,64,0.845,1,0,1,0,0,0,2048,0.000,0.061,auto,30,0.062,1073741824,0,
lltp,petri-nets/MCC,,,PermAdmissibility_unf-8x8-4stageSEN-02_1_1.p,intuitionistic,horn,1,,5,0,3,provable,proved,,ok,horn,IMELL,7046,64,0.852,1,0,1,0,0,0,2048,0.000,0.058,auto,30,0.067,1073741824,0,
lltp,petri-nets/MCC,,,PermAdmissibility_unf-8x8-4stageSEN-05_100_1.p,intuitionistic,horn,1,,5,0,3,provable,proved,,ok,horn,IMELL,7144,64,39.878,69110,48310,20800,0,0,0,2048,40.000,0.112,auto,30,0.130,1073741824,0,
lltp,petri-nets/MCC,,,PermAdmissibility_unf-8x8-4stageSEN-05_50_1.p,intuitionistic,horn,1,,5,0,3,provable,unknown,timeout,,horn,IMELL,7154,66,5049.210,5831801,3850962,1980839,0,0,0,2048,5020.000,7.842,auto,30,,1073741824,0,
lltp,petri-nets/MCC,,,PermAdmissibility_unf-8x8-4stageSEN-10_1_1.p,intuitionistic,horn,1,,5,0,3,provable,proved,,ok,horn,IMELL,7334,64,0.928,1,0,1,0,0,0,2048,0.000,0.080,auto,30,0.088,1073741824,0,
lltp,petri-nets/MCC,,,PermAdmissibility_unf-8x8-4stageSEN-20_100_1.p,intuitionistic,horn,1,,5,0,3,provable,unknown,timeout,,horn,IMELL,7694,68,5055.838,5666617,4188724,1477893,0,0,0,2048,5030.000,7.656,auto,30,,1073741824,0,
lltp,petri-nets/MCC,,,PermAdmissibility_unf-8x8-4stageSEN-20_50_1.p,intuitionistic,horn,1,,5,0,3,provable,proved,,ok,horn,IMELL,7694,66,96.120,26285,9851,16434,0,0,0,2048,90.000,0.146,auto,30,0.145,1073741824,0,
lltp,petri-nets/MCC,,,PermAdmissibility_unf-8x8-4stageSEN-50_1_1.p,intuitionistic,horn,1,,5,0,3,provable,proved,,ok,horn,IMELL,8774,64,0.975,1,0,1,0,0,0,2048,0.000,0.072,auto,30,0.152,1073741824,0,
lltp,petri-nets/MCC,,,Peterson-2_100_1.p,intuitionistic,horn,1,,5,0,3,provable,proved,,ok,horn,IMELL,798,7,0.334,584,321,263,0,0,0,2048,0.000,0.000,auto,30,0.023,1073741824,0,
lltp,petri-nets/MCC,,,Peterson-2_50_1.p,intuitionistic,horn,1,,5,0,3,provable,proved,,ok,horn,IMELL,798,7,0.338,631,353,278,0,0,0,2048,0.000,0.000,auto,30,0.023,1073741824,0,
lltp,petri-nets/MCC,,,Peterson-3_1_1.p,intuitionistic,horn,1,,5,0,3,provable,proved,,ok,horn,IMELL,2074,11,0.422,1,0,1,0,0,0,2048,0.000,0.000,auto,30,0.036,1073741824,0,
lltp,petri-nets/MCC,,,Peterson-4_100_1.p,intuitionistic,horn,1,,5,0,3,provable,unknown,timeout,,horn,IMELL,4294,18,5015.474,10122608,7930975,2191633,0,0,0,2048,4990.000,8.222,auto,30,,1073741824,0,
lltp,petri-nets/MCC,,,Peterson-4_50_1.p,intuitionistic,horn,1,,5,0,3,provable,unknown,timeout,,horn,IMELL,4294,18,5014.746,9857324,7720786,2136538,0,0,0,2048,4980.000,8.147,auto,30,,1073741824,0,
lltp,petri-nets/MCC,,,Peterson-5_1_1.p,intuitionistic,horn,1,,5,0,3,provable,proved,,ok,horn,IMELL,7722,27,1.433,1,0,1,0,0,0,2048,0.000,0.039,auto,30,0.112,1073741824,0,
lltp,petri-nets/MCC,,,Peterson-6_100_1.p,intuitionistic,horn,1,,5,0,3,provable,unknown,timeout,,horn,IMELL,12622,38,5009.054,4249127,3254365,994762,0,0,0,2048,4990.000,6.226,auto,30,,1073741824,0,
lltp,petri-nets/MCC,,,Peterson-6_50_1.p,intuitionistic,horn,1,,5,0,3,provable,unknown,timeout,,horn,IMELL,12622,38,5008.331,4296039,3315717,980322,0,0,0,2048,4990.000,6.471,auto,30,,1073741824,0,
lltp,petri-nets/MCC,,,Peterson-7_1_1.p,intuitionistic,horn,1,,5,0,3,provable,proved,,ok,horn,IMELL,19258,51,3.333,1,0,1,0,0,0,2048,0.000,0.027,auto,30,0.255,1073741824,0,
lltp,petri-nets/MCC,,,PhaseVariation_10-100_phaseVariation_100_1.p,intuitionistic,horn,1,,5,0,3,provable,proved,,ok,horn,IMELL,45312,3237,5.411,100,0,100,0,0,0,2048,10.000,0.028,auto,30,0.427,1073741824,0,
lltp,petri-nets/MCC,,,PhaseVariation_10-100_phaseVariation_5_1.p,intuitionistic,horn,1,,5,0,3,provable,proved,,ok,horn,IMELL,45122,3237,4.012,5,0,5,0,0,0,2048,10.000,0.026,auto,30,0.360,1073741824,0,
lltp,petri-nets/MCC,,,PhaseVariation_10-10_phaseVariation_50_1.p,intuitionistic,horn,1,,5,0,3,provable,proved,,ok,horn,IMELL,44452,3147,4.582,50,0,50,0,0,0,2048,10.000,0.037,auto,30,0.377,1073741824,0,
lltp,petri-nets/MCC,,,PhaseVariation_2-100_phaseVariation_100_1.p,intuitionistic,horn,1,,5,0,3,provable,proved,,ok,horn,IMELL,1920,201,0.313,100,0,100,0,0,0,2048,0.000,0.000,auto,30,0.113,1073741824,0,
lltp,petri-nets/MCC,,,PhaseVariation_2-100_phaseVariation_50_1.p,intuitionistic,horn,1,,5,0,3,provable,proved,,ok,horn,IMELL,1820,165,0.284,50,0,50,0,0,0,2048,0.000,0.000,auto,30,0.078,1073741824,0,
lltp,petri-nets/MCC,,,PhaseVariation_2-10_phaseVariation_20_1.p,intuitionistic,horn,1,,5,0,3,provable,proved,,ok,horn,IMELL,1012,75,0.169,12,0,12,0,0,0,2048,0.000,0.000,auto,30,0.027,1073741824,0,
lltp,petri-nets/MCC,,,PhaseVariation_20-100_phaseVariation_20_1.p,intuitionistic,horn,1,,5,0,3,provable,proved,,ok,horn,IMELL,190432,13557,18.350,20,0,20,0,0,0,2048,20.000,0.049,auto,30,1.427,1073741824,0,
lltp,petri-nets/MCC,,,PhaseVariation_20-10_phaseVariation_1_1.p,intuitionistic,horn,1,,5,0,3,provable,proved,,ok,horn,IMELL,190034,13467,18.761,1,0,1,0,0,0,2048,20.000,0.055,auto,30,1.397,1073741824,0,
lltp,petri-nets/MCC,,,PhaseVariation_30-100_phaseVariation_20_1.p,intuitionistic,horn,1,,5,0,3,provable,proved,,ok,horn,IMELL,437712,31077,48.097,20,0,20,0,0,0,2048,60.000,0.172,auto,30,3.747,1073741824,0,
lltp,petri-nets/MCC,,,PhaseVariation_30-10_phaseVariation_1_1.p,intuitionistic,horn,1,,5,0,3,provable,proved,,ok,horn,IMELL,437314,30987,49.263,1,0,1,0,0,0,2048,50.000,0.148,auto,30,3.735,1073741824,0,
lltp,petri-nets/MCC,,,PhaseVariation_5-100_phaseVariation_100_1.p,intuitionistic,horn,1,,5,0,3,provable,proved,,ok,horn,IMELL,10572,777,1.401,100,0,100,0,0,0,2048,0.000,0.000,auto,30,0.190,1073741824,0,
lltp,petri-nets/MCC,,,PhaseVariation_5-100_phaseVariation_5_1.p,intuitionistic,horn,1,,5,0,3,provable,proved,,ok,horn,IMELL,10382,777,0.944,5,0,5,0,0,0,2048,0.000,0.000,auto,30,0.107,1073741824,0,
lltp,petri-nets/MCC,,,PhaseVariation_5-10_phaseVariation_5_1.p,intuitionistic,horn,1,,5,0,3,provable,proved,,ok,horn,IMELL,9622,687,0.888,5,0,5,0,0,0,2048,0.000,0.000,auto,30,0.080,1073741824,0,
lltp,petri-nets/MCC,,,Philosophers-10000_50_1.p,intuitionistic,horn,1,,5,0,3,provable,proved,,ok,horn,IMELL,399898,5,102.383,50,0,50,0,0,0,2048,100.000,0.217,auto,30,8.621,1073741824,0,
lltp,petri-nets/MCC,,,Philosophers-1000_20_1.p,intuitionistic,horn,1,,5,0,3,provable,proved,,ok,horn,IMELL,39958,5,6.698,20,0,20,0,0,0,2048,10.000,0.029,auto,30,0.805,1073741824,0,
lltp,petri-nets/MCC,,,Philosophers-100_1_1.p,intuitionistic,horn,1,,5,0,3,provable,proved,,ok,horn,IMELL,3996,5,0.663,1,0,1,0,0,0,2048,0.000,0.064,auto,30,0.091,1073741824,0,
lltp,petri-nets/MCC,,,Philosophers-10_100_1.p,intuitionistic,horn,1,,5,0,3,provable,proved,,ok,horn,IMELL,384,5,0.119,7,0,7,0,0,0,2048,0.000,0.000,auto,30,0.014,1073741824,0,
lltp,petri-nets/MCC,,,Philosophers-10_50_1.p,intuitionistic,horn,1,,5,0,3,provable,proved,,ok,horn,IMELL,388,5,0.112,5,0,5,0,0,0,2048,0.000,0.000,auto,30,0.013,1073741824,0,
lltp,petri-nets/MCC,,,Philosophers-2000_20_1.p,intuitionistic,horn,1,,5,0,3,provable,proved,,ok,horn,IMELL,79958,5,13.512,20,0,20,0,0,0,2048,10.000,0.038,auto,30,1.631,1073741824,0,
lltp,petri-nets/MCC,,,Philosophers-200_1_1.p,intuitionistic,horn,1,,5,0,3,provable,proved,,ok,horn,IMELL,7996,5,1.138,1,0,1,0,0,0,2048,0.000,0.000,auto,30,0.180,1073741824,0,
lltp,petri-nets/MCC,,,Philosophers-20_1_1.p,intuitionistic,horn,1,,5,0,3,provable,proved,,ok,horn,IMELL,796,5,0.169,1,0,1,0,0,0,2048,0.000,0.000,auto,30,0.023,1073741824,0,
lltp,petri-nets/MCC,,,Philosophers-5000_1_1.p,intuitionistic,horn,1,,5,0,3,provable,proved,,ok,horn,IMELL,199996,5,32.053,1,0,1,0,0,0,2048,40.000,0.076,auto,30,4.447,1073741824,0,
lltp,petri-nets/MCC,,,Philosophers-500_100_1.p,intuitionistic,horn,1,,5,0,3,provable,proved,,ok,horn,IMELL,19798,5,6.179,100,0,100,0,0,0,2048,10.000,0.097,auto,30,0.440,1073741824,0,
lltp,petri-nets/MCC,,,Philosophers-500_5_1.p,intuitionistic,horn,1,,5,0,3,provable,proved,,ok,horn,IMELL,19988,5,2.830,5,0,5,0,0,0,2048,0.000,0.036,auto,30,0.395,1073741824,0,
lltp,petri-nets/MCC,,,Philosophers-50_5_1.p,intuitionistic,horn,1,,5,0,3,provable,proved,,ok,horn,IMELL,1988,5,0.329,5,0,5,0,0,0,2048,0.000,0.000,auto,30,0.054,1073741824,0,
lltp,petri-nets/MCC,,,Philosophers-5_20_1.p,intuitionistic,horn,1,,5,0,3,provable,proved,,ok,horn,IMELL,194,5,0.077,2,0,2,0,0,0,2048,0.000,0.000,auto,30,0.008,1073741824,0,
lltp,petri-nets/MCC,,,PhilosophersDyn_philo_dyn-10-unfolded_20_1.p,intuitionistic,horn,1,,5,0,3,provable,proved,,ok,horn,IMELL,36886,311,106.268,38162,21703,16459,0,0,0,2048,100.000,0.217,auto,30,0.299,1073741824,0,
lltp,petri-nets/MCC,,,PhilosophersDyn_philo_dyn-20-unfolded_5_1.p,intuitionistic,horn,1,,5,0,3,provable,proved,,ok,horn,IMELL,283362,1221,856.554,28409,11973,16436,0,0,0,2048,860.000,1.285,auto,30,2.200,1073741824,0,
lltp,petri-nets/MCC,,,PhilosophersDyn_philo_dyn-3-unfolded_20_1.p,intuitionistic,horn,1,,5,0,3,provable,proved,,ok,horn,IMELL,1206,32,0.222,4,0,4,0,0,0,2048,0.000,0.000,auto,30,0.021,1073741824,0,
lltp,petri-nets/MCC,,,Planning_planning_1_1.p,intuitionistic,horn,1,,5,0,3,provable,proved,,ok,horn,IMELL,1560,17,0.265,1,0,1,0,0,0,2048,0.000,0.000,auto,30,0.034,1073741824,0,
lltp,petri-nets/MCC,,,PolyORBLF_PolyORB-LF-S02-J04-T06-unfolded_100_1.p,intuitionistic,horn,1,,5,0,3,provable,proved,,ok,horn,IMELL,14732,1224,341.741,267168,138657,128511,0,0,0,2048,330.000,0.460,auto,30,0.217,1073741824,0,
lltp,petri-nets/MCC,,,PolyORBLF_PolyORB-LF-S02-J04-T06-unfolded_50_1.p,intuitionistic,horn,1,,5,0,3,provable,unknown,timeout,,horn,IMELL,14730,1224,5009.450,3943804,2340262,1603542,0,0,0,2048,4980.000,6.525,auto,30,,1073741824,0,
lltp,petri-nets/MCC,,,PolyORBLF_PolyORB-LF-S02-J04-T08-unfolded_1_1.p,intuitionistic,horn,1,,5,0,3,provable,proved,,ok,horn,IMELL,19738,1627,2.338,1,0,1,0,0,0,2048,0.000,0.032,auto,30,0.187,1073741824,0,
lltp,petri-nets/MCC,,,PolyORBLF_PolyORB-LF-S02-J04-T10-unfolded_100_1.p,intuitionistic,horn,1,,5,0,3,provable,proved,,ok,horn,IMELL,24820,2032,1291.142,590148,294059,296089,0,0,0,2048,1280.000,2.211,auto,30,0.294,1073741824,0,
lltp,petri-nets/MCC,,,PolyORBLF_PolyORB-LF-S02-J04-T10-unfolded_50_1.p,intuitionistic,horn,1,,5,0,3,provable,unknown,timeout,,horn,IMELL,24818,2032,5008.071,2475946,1446763,1029183,0,0,0,2048,4980.000,6.872,auto,30,,1073741824,0,
lltp,petri-nets/MCC,,,PolyORBLF_PolyORB-LF-S02-J06-T06-unfolded_1_1.p,intuitionistic,horn,1,,5,0,3,provable,proved,,ok,horn,IMELL,15990,1223,1.917,1,0,1,0,0,0,2048,0.000,0.000,auto,30,0.162,1073741824,0,
lltp,petri-nets/MCC,,,PolyORBLF_PolyORB-LF-S02-J06-T08-unfolded_100_1.p,intuitionistic,horn,1,,5,0,3,provable,proved,,ok,horn,IMELL,21408,1628,70.726,34919,19896,15023,0,0,0,2048,60.000,0.182,auto,30,0.272,1073741824,0,
lltp,petri-nets/MCC,,,PolyORBLF_PolyORB-LF-S02-J06-T08-unfolded_50_1.p,intuitionistic,horn,1,,5,0,3,provable,unknown,timeout,,horn,IMELL,21408,1628,5010.074,2666176,1582308,1083868,0,0,0,2048,4980.000,6.972,auto,30,,1073741824,0,
lltp,petri-nets/MCC,,,PolyORBLF_PolyORB-LF-S02-J06-T10-unfolded_1_1.p,intuitionistic,horn,1,,5,0,3,provable,proved,,ok,horn,IMELL,26910,2031,3.045,1,0,1,0,0,0,2048,0.000,0.027,auto,30,0.266,1073741824,0,
lltp,petri-nets/MCC,,,PolyORBLF_PolyORB-LF-S04-J04-T06-unfolded_100_1.p,intuitionistic,horn,1,,5,0,3,provable,unknown,timeout,,horn,IMELL,86634,12892,5008.766,3391293,2240919,1150374,0,0,0,2048,4980.000,5.910,auto,30,,1073741824,0,
lltp,petri-nets/MCC,,,PolyORBLF_PolyORB-LF-S04-J04-T06-unfolded_50_1.p,intuitionistic,horn,1,,5,0,3,provable,proved,,ok,horn,IMELL,86648,12902,97.150,41786,22622,19164,0,0,0,2048,100.000,0.129,auto,30,0.523,1073741824,0,
lltp,petri-nets/MCC,,,PolyORBLF_PolyORB-LF-S04-J04-T08-unfolded_1_1.p,intuitionistic,horn,1,,5,0,3,provable,proved,,ok,horn,IMELL,115618,17197,9.209,1,0,1,0,0,0,2048,0.000,0.035,auto,30,0.705,1073741824,0,
lltp,petri-nets/MCC,,,PolyORBLF_PolyORB-LF-S04-J04-T10-unfolded_100_1.p,intuitionistic,horn,1,,5,0,3,provable,unknown,timeout,,horn,IMELL,144642,21484,5008.180,2328811,1502862,825949,0,0,0,2048,4990.000,5.792,auto,30,,1073741824,0,
lltp,petri-nets/MCC,,,PolyORBLF_PolyORB-LF-S04-J04-T10-unfolded_50_1.p,intuitionistic,horn,1,,5,0,3,provable,proved,,ok,horn,IMELL,144656,21494,150.827,42680,22788,19892,0,0,0,2048,150.000,0.253,auto,30,0.865,1073741824,0,
lltp,petri-nets/MCC,,,PolyORBLF_PolyORB-LF-S04-J06-T06-unfolded_1_1.p,intuitionistic,horn,1,,5,0,3,provable,proved,,ok,horn,IMELL,88294,12901,6.603,1,0,1,0,0,0,2048,0.000,0.027,auto,30,0.488,1073741824,0,
lltp,petri-nets/MCC,,,PolyORBLF_PolyORB-LF-S04-J06-T08-unfolded_100_1.p,intuitionistic,horn,1,,5,0,3,provable,unknown,timeout,,horn,IMELL,117782,17188,5009.107,2401898,1553814,848084,0,0,0,2048,4990.000,8.907,auto,30,,1073741824,0,
lltp,petri-nets/MCC,,,PolyORBLF_PolyORB-LF-S04-J06-T08-unfolded_50_1.p,intuitionistic,horn,1,,5,0,3,provable,proved,,ok,horn,IMELL,117796,17198,140.319,43160,23434,19726,0,0,0,2048,130.000,0.459,auto,30,0.778,1073741824,0,
lltp,petri-nets/MCC,,,PolyORBLF_PolyORB-LF-S04-J06-T10-unfolded_1_1.p,intuitionistic,horn,1,,5,0,3,provable,proved,,ok,horn,IMELL,147390,21493,11.423,1,0,1,0,0,0,2048,10.000,0.046,auto,30,0.831,1073741824,0,
lltp,petri-nets/MCC,,,PolyORBLF_PolyORB-LF-S06-J04-T04-unfolded_10_1.p,intuitionistic,horn,1,,5,0,3,provable,proved,,ok,horn,IMELL,241326,38526,17.195,10,0,10,0,0,0,2048,20.000,0.102,auto,30,1.128,1073741824,0,
lltp,petri-nets/MCC,,,PolyORBLF_PolyORB-LF-S06-J04-T06-unfolded_10_1.p,intuitionistic,horn,1,,5,0,3,provable,proved,,ok,horn,IMELL,361980,57786,25.221,10,0,10,0,0,0,2048,40.000,0.068,auto,30,1.713,1073741824,0,
lltp,petri-nets/MCC,,,PolyORBLF_PolyORB-LF-S06-J04-T08-unfolded_10_1.p,intuitionistic,horn,1,,5,0,3,provable,proved,,ok,horn,IMELL,482712,77046,36.763,10,0,10,0,0,0,2048,30.000,0.144,auto,30,2.347,1073741824,0,
lltp,petri-nets/MCC,,,PolyORBLF_PolyORB-LF-S06-J06-T04-unfolded_10_1.p,intuitionistic,horn,1,,5,0,3,provable,proved,,ok,horn,IMELL,242680,38526,18.554,10,0,10,0,0,0,2048,20.000,0.067,auto,30,1.239,1073741824,0,
lltp,petri-nets/MCC,,,PolyORBLF_PolyORB-LF-S06-J06-T06-unfolded_10_1.p,intuitionistic,horn,1,,5,0,3,provable,proved,,ok,horn,IMELL,364002,57786,26.170,10,0,10,0,0,0,2048,30.000,0.063,auto,30,1.802,1073741824,0,
lltp,petri-nets/MCC,,,PolyORBLF_PolyORB-LF-S06-J06-T08-unfolded_10_1.p,intuitionistic,horn,1,,5,0,3,provable,proved,,ok,horn,IMELL,485408,77046,34.706,10,0,10,0,0,0,2048,30.000,0.141,auto,30,2.585,1073741824,0,
lltp,petri-nets/MCC,,,PolyORBNT_PolyORB-NT-S05-J20-unfolded_10_1.p,intuitionistic,horn,1,,5,0,3,provable,proved,,ok,horn,IMELL,33358,4880,2.666,10,0,10,0,0,0,2048,0.000,0.029,auto,30,0.208,1073741824,0,
lltp,petri-nets/MCC,,,PolyORBNT_PolyORB-NT-S05-J30-unfolded_10_1.p,intuitionistic,horn,1,,5,0,3,provable,proved,,ok,horn,IMELL,35278,4880,2.982,10,0,10,0,0,0,2048,0.000,0.020,auto,30,0.224,1073741824,0,
lltp,petri-nets/MCC,,,PolyORBNT_PolyORB-NT-S05-J40-unfolded_10_1.p,intuitionistic,horn,1,,5,0,3,provable,proved,,ok,horn,IMELL,37200,4881,3.255,10,0,10,0,0,0,2048,0.000,0.029,auto,30,0.245,1073741824,0,
lltp,petri-nets/MCC,,,PolyORBNT_PolyORB-NT-S05-J60-unfolded_10_1.p,intuitionistic,horn,1,,5,0,3,provable,proved,,ok,horn,IMELL,41040,4881,3.797,10,0,10,0,0,0,2048,0.000,0.020,auto,30,0.313,1073741824,0,
lltp,petri-nets/MCC,,,PolyORBNT_PolyORB-NT-S05-J80-unfolded_10_1.p,intuitionistic,horn,1,,5,0,3,provable,proved,,ok,horn,IMELL,44878,4880,4.388,10,0,10,0,0,0,2048,0.000,0.033,auto,30,0.350,1073741824,0,
lltp,petri-nets/MCC,,,PolyORBNT_PolyORB-NT-S10-J20-unfolded_10_1.p,intuitionistic,horn,1,,5,0,3,provable,proved,,ok,horn,IMELL,423980,67903,29.358,10,0,10,0,0,0,2048,30.000,0.067,auto,30,1.950,1073741824,0,
lltp,petri-nets/MCC,,,PolyORBNT_PolyORB-NT-S10-J30-unfolded_10_1.p,intuitionistic,horn,1,,5,0,3,provable,proved,,ok,horn,IMELL,426904,67904,29.670,10,0,10,0,0,0,2048,30.000,0.074,auto,30,1.945,1073741824,0,
lltp,petri-nets/MCC,,,PolyORBNT_PolyORB-NT-S10-J40-unfolded_10_1.p,intuitionistic,horn,1,,5,0,3,provable,proved,,ok,horn,IMELL,429816,67902,31.275,10,0,10,0,0,0,2048,30.000,0.080,auto,30,1.988,1073741824,0,
lltp,petri-nets/MCC,,,PolyORBNT_PolyORB-NT-S10-J60-unfolded_10_1.p,intuitionistic,horn,1,,5,0,3,provable,proved,,ok,horn,IMELL,435664,67904,31.552,10,0,10,0,0,0,2048,30.000,0.960,auto,30,2.177,1073741824,0,
lltp,petri-nets/MCC,,,PolyORBNT_PolyORB-NT-S10-J80-unfolded_10_1.p,intuitionistic,horn,1,,5,0,3,provable,proved,,ok,horn,IMELL,441496,67902,33.122,10,0,10,0,0,0,2048,30.000,0.121,auto,30,2.104,1073741824,0,
lltp,petri-nets/MCC,,,ProductionCell_100_1.p,intuitionistic,horn,1,,5,0,3,provable,proved,,ok,horn,IMELL,1076,13,0.586,624,182,442,0,0,0,2048,0.000,0.000,auto,30,0.056,1073741824,0,
lltp,petri-nets/MCC,,,ProductionCell_50_1.p,intuitionistic,horn,1,,5,0,3,provable,proved,,ok,horn,IMELL,1074,13,0.387,188,22,166,0,0,0,2048,0.000,0.000,auto,30,0.039,1073741824,0,
lltp,petri-nets/MCC,,,QuasiCertifProtocol_QCertifProtocol_02-unfold_20_1.p,intuitionistic,horn,1,,5,0,3,provable,proved,,ok,horn,IMELL,498,21,0.275,406,203,203,0,0,0,2048,0.000,0.000,auto,30,0.025,1073741824,0,
lltp,petri-nets/MCC,,,QuasiCertifProtocol_QCertifProtocol_06-unfold_20_1.p,intuitionistic,horn,1,,5,0,3,provable,proved,,ok,horn,IMELL,1396,49,41.284,139550,106945,32605,0,0,0,2048,30.000,0.113,auto,30,0.037,1073741824,0,
lltp,petri-nets/MCC,,,QuasiCertifProtocol_QCertifProtocol_10-unfold_1_1.p,intuitionistic,horn,1,,5,0,3,provable,proved,,ok,horn,IMELL,2686,82,0.442,1,0,1,0,0,0,2048,0.000,0.000,auto,30,0.034,1073741824,0,
lltp,petri-nets/MCC,,,QuasiCertifProtocol_QCertifProtocol_18-unfold_20_1.p,intuitionistic,horn,1,,5,0,3,provable,proved,,ok,horn,IMELL,6450,133,0.992,20,0,20,0,0,0,2048,0.000,0.054,auto,30,0.065,1073741824,0,
lltp,petri-nets/MCC,,,QuasiCertifProtocol_QCertifProtocol_22-unfold_20_1.p,intuitionistic,horn,1,,5,0,3,provable,proved,,ok,horn,IMELL,8904,161,1.200,20,0,20,0,0,0,2048,0.000,0.000,auto,30,0.077,1073741824,0,
lltp,petri-nets/MCC,,,QuasiCertifProtocol_QCertifProtocol_28-unfold_20_1.p,intuitionistic,horn,1,,5,0,3,provable,proved,,ok,horn,IMELL,13302,203,1.713,20,0,20,0,0,0,2048,0.000,0.000,auto,30,0.101,1073741824,0,
lltp,petri-nets/MCC,,,QuasiCertifProtocol_QCertifProtocol_32-unfold_20_1.p,intuitionistic,horn,1,,5,0,3,provable,proved,,ok,horn,IMELL,16716,231,2.137,20,0,20,0,0,0,2048,0.000,0.021,auto,30,0.129,1073741824,0,
lltp,petri-nets/MCC,,,Raft_raft_02_10_1.p,intuitionistic,horn,1,,5,0,3,provable,proved,,ok,horn,IMELL,332,17,0.104,3,0,3,0,0,0,2048,0.000,0.000,auto,30,0.010,1073741824,0,
lltp,petri-nets/MCC,,,Raft_raft_02_5_1.p,intuitionistic,horn,1,,5,0,3,provable,proved,,ok,horn,IMELL,332,17,0.102,3,0,3,0,0,0,2048,0.000,0.000,auto,30,0.010,1073741824,0,
lltp,petri-nets/MCC,,,Raft_raft_03_5_1.p,intuitionistic,horn,1,,5,0,3,provable,proved,,ok,horn,IMELL,680,23,0.150,1,0,1,0,0,0,2048,0.000,0.000,auto,30,0.015,1073741824,0,
lltp,petri-nets/MCC,,,Raft_raft_04_5_1.p,intuitionistic,horn,1,,5,0,3,provable,proved,,ok,horn,IMELL,1164,31,0.223,2,0,2,0,0,0,2048,0.000,0.000,auto,30,0.024,1073741824,0,
lltp,petri-nets/MCC,,,Raft_raft_05_5_1.p,intuitionistic,horn,1,,5,0,3,provable,proved,,ok,horn,IMELL,1784,39,0.300,3,0,3,0,0,0,2048,0.000,0.000,auto,30,0.036,1073741824,0,
lltp,petri-nets/MCC,,,Raft_raft_06_5_1.p,intuitionistic,horn,1,,5,0,3,provable,proved,,ok,horn,IMELL,2540,47,0.416,5,0,5,0,0,0,2048,0.000,0.000,auto,30,0.044,1073741824,0,
lltp,petri-nets/MCC,,,Raft_raft_07_50_1.p,intuitionistic,horn,1,,5,0,3,provable,proved,,ok,horn,IMELL,3432,54,215.570,239282,106176,133106,0,0,0,2048,210.000,0.386,auto,30,0.188,1073741824,0,
lltp,petri-nets/MCC,,,Raft_raft_08_20_1.p,intuitionistic,horn,1,,5,0,3,provable,proved,,ok,horn,IMELL,4460,63,0.836,20,0,20,0,0,0,2048,0.000,0.070,auto,30,0.078,1073741824,0,
lltp,petri-nets/MCC,,,Raft_raft_09_1_1.p,intuitionistic,horn,1,,5,0,3,provable,proved,,ok,horn,IMELL,5624,71,0.897,1,0,1,0,0,0,2048,0.000,0.070,auto,30,0.083,1073741824,0,
lltp,petri-nets/MCC,,,Raft_raft_10_100_1.p,intuitionistic,horn,1,,5,0,3,provable,proved,,ok,horn,IMELL,6924,79,1.743,113,2,111,0,0,0,2048,0.000,0.057,auto,30,0.130,1073741824,0,
lltp,petri-nets/MCC,,,Raft_raft_10_5_1.p,intuitionistic,horn,1,,5,0,3,provable,proved,,ok,horn,IMELL,6924,79,0.913,5,0,5,0,0,0,2048,0.000,0.000,auto,30,0.095,1073741824,0,
lltp,petri-nets/MCC,,,Railroad_railroad-005-pt_20_1.p,intuitionistic,horn,1,,5,0,3,provable,proved,,ok,horn,IMELL,684,35,0.154,17,0,17,0,0,0,2048,0.000,0.000,auto,30,0.020,1073741824,0,
lltp,petri-nets/MCC,,,Railroad_railroad-010-pt_10_1.p,intuitionistic,horn,1,,5,0,3,provable,proved,,ok,horn,IMELL,1894,121,0.274,10,0,10,0,0,0,2048,0.000,0.000,auto,30,0.033,1073741824,0,
lltp,petri-nets/MCC,,,Railroad_railroad-010-pt_5_1.p,intuitionistic,horn,1,,5,0,3,provable,proved,,ok,horn,IMELL,1892,121,0.264,5,0,5,0,0,0,2048,0.000,0.000,auto,30,0.030,1073741824,0,
lltp,petri-nets/MCC,,,Railroad_railroad-020-pt_5_1.p,intuitionistic,horn,1,,5,0,3,provable,proved,,ok,horn,IMELL,6112,441,0.687,5,0,5,0,0,0,2048,0.000,0.000,auto,30,0.071,1073741824,0,
lltp,petri-nets/MCC,,,Railroad_railroad-050-pt_20_1.p,intuitionistic,horn,1,,5,0,3,provable,proved,,ok,horn,IMELL,33172,2600,3.318,4,0,4,0,0,0,2048,0.000,0.039,auto,30,0.282,1073741824,0,
lltp,petri-nets/MCC,,,Railroad_railroad-100-pt_1_1.p,intuitionistic,horn,1,,5,0,3,provable,proved,,ok,horn,IMELL,126272,10201,13.949,1,0,1,0,0,0,2048,20.000,0.040,auto,30,1.053,1073741824,0,
lltp,petri-nets/MCC,,,Referendum_referendum-unfolded-1000_100_1.p,intuitionistic,horn,1,,5,0,3,provable,proved,,ok,horn,IMELL,12002,3,6.056,100,0,100,0,0,0,2048,0.000,0.077,auto,30,0.378,1073741824,0,
lltp,petri-nets/MCC,,,Referendum_referendum-unfolded-1000_5_1.p,intuitionistic,horn,1,,5,0,3,provable,proved,,ok,horn,IMELL,12002,3,2.164,5,0,5,0,0,0,2048,0.000,0.018,auto,30,0.367,1073741824,0,
lltp,petri-nets/MCC,,,Referendum_referendum-unfolded-100_50_1.p,intuitionistic,horn,1,,5,0,3,provable,proved,,ok,horn,IMELL,1202,3,0.474,50,0,50,0,0,0,2048,0.000,0.000,auto,30,0.054,1073741824,0,
lltp,petri-nets/MCC,,,Referendum_referendum-unfolded-10_20_1.p,intuitionistic,horn,1,,5,0,3,provable,proved,,ok,horn,IMELL,122,2,0.075,11,0,11,0,0,0,2048,0.000,0.000,auto,30,0.010,1073741824,0,
lltp,petri-nets/MCC,,,Referendum_referendum-unfolded-15_20_1.p,intuitionistic,horn,1,,5,0,3,provable,proved,,ok,horn,IMELL,182,2,0.093,16,0,16,0,0,0,2048,0.000,0.000,auto,30,0.012,1073741824,0,
lltp,petri-nets/MCC,,,Referendum_referendum-unfolded-200_20_1.p,intuitionistic,horn,1,,5,0,3,provable,proved,,ok,horn,IMELL,2402,3,0.597,20,0,20,0,0,0,2048,0.000,0.000,auto,30,0.084,1073741824,0,
lltp,petri-nets/MCC,,,Referendum_referendum-unfolded-20_20_1.p,intuitionistic,horn,1,,5,0,3,provable,proved,,ok,horn,IMELL,242,3,0.113,20,0,20,0,0,0,2048,0.000,0.000,auto,30,0.016,1073741824,0,
lltp,petri-nets/MCC,,,Referendum_referendum-unfolded-500_1_1.p,intuitionistic,horn,1,,5,0,3,provable,proved,,ok,horn,IMELL,6002,3,1.032,1,0,1,0,0,0,2048,0.000,0.050,auto,30,0.188,1073741824,0,
lltp,petri-nets/MCC,,,Referendum_referendum-unfolded-50_100_1.p,intuitionistic,horn,1,,5,0,3,provable,proved,,ok,horn,IMELL,602,2,0.248,51,0,51,0,0,0,2048,0.000,0.000,auto,30,0.033,1073741824,0,
lltp,petri-nets/MCC,,,Referendum_referendum-unfolded-50_5_1.p,intuitionistic,horn,1,,5,0,3,provable,proved,,ok,horn,IMELL,602,3,0.171,5,0,5,0,0,0,2048,0.000,0.000,auto,30,0.026,1073741824,0,
lltp,petri-nets/MCC,,,ResAllocation_RAS-C-100_50_1.p,intuitionistic,horn,1,,5,0,3,provable,proved,,ok,horn,IMELL,4686,3,0.800,50,0,50,0,0,0,2048,0.000,0.016,auto,30,0.109,1073741824,0,
lltp,petri-nets/MCC,,,ResAllocation_RAS-C-10_20_1.p,intuitionistic,horn,1,,5,0,3,provable,proved,,ok,horn,IMELL,444,3,0.137,16,0,16,0,0,0,2048,0.000,0.000,auto,30,0.020,1073741824,0,
lltp,petri-nets/MCC,,,ResAllocation_RAS-C-15_1_1.p,intuitionistic,horn,1,,5,0,3,provable,proved,,ok,horn,IMELL,704,3,0.149,1,0,1,0,0,0,2048,0.000,0.000,auto,30,0.022,1073741824,0,
lltp,petri-nets/MCC,,,ResAllocation_RAS-C-20_1_1.p,intuitionistic,horn,1,,5,0,3,provable,proved,,ok,horn,IMELL,944,3,0.174,1,0,1,0,0,0,2048,0.000,0.000,auto,30,0.028,1073741824,0,
lltp,petri-nets/MCC,,,ResAllocation_RAS-C-3_100_1.p,intuitionistic,horn,1,,5,0,3,provable,proved,,ok,horn,IMELL,126,3,0.075,50,22,28,0,0,0,2048,0.000,0.000,auto,30,0.008,1073741824,0,
lltp,petri-nets/MCC,,,ResAllocation_RAS-C-3_50_1.p,intuitionistic,horn,1,,5,0,3,provable,proved,,ok,horn,IMELL,124,3,0.064,6,0,6,0,0,0,2048,0.000,0.000,auto,30,0.009,1073741824,0,
lltp,petri-nets/MCC,,,ResAllocation_RAS-C-50_20_1.p,intuitionistic,horn,1,,5,0,3,provable,proved,,ok,horn,IMELL,2346,3,0.391,20,0,20,0,0,0,2048,0.000,0.000,auto,30,0.060,1073741824,0,
lltp,petri-nets/MCC,,,ResAllocation_RAS-C-5_10_1.p,intuitionistic,horn,1,,5,0,3,provable,proved,,ok,horn,IMELL,220,3,0.079,6,0,6,0,0,0,2048,0.000,0.000,auto,30,0.011,1073741824,0,
lltp,petri-nets/MCC,,,ResAllocation_RAS-C-5_5_1.p,intuitionistic,horn,1,,5,0,3,provable,proved,,ok,horn,IMELL,222,3,0.116,81,34,47,0,0,0,2048,0.000,0.000,auto,30,0.012,1073741824,0,
lltp,petri-nets/MCC,,,ResAllocation_RAS-R-100_20_1.p,intuitionistic,horn,1,,5,0,3,provable,proved,,ok,horn,IMELL,2798,3,0.498,20,0,20,0,0,0,2048,0.000,0.086,auto,30,0.080,1073741824,0,
lltp,petri-nets/MCC,,,ResAllocation_RAS-R-10_10_1.p,intuitionistic,horn,1,,5,0,3,provable,proved,,ok,horn,IMELL,272,3,0.426,944,469,475,0,0,0,2048,0.000,0.000,auto,30,0.017,1073741824,0,
lltp,petri-nets/MCC,,,ResAllocation_RAS-R-10_5_1.p,intuitionistic,horn,1,,5,0,3,provable,proved,,ok,horn,IMELL,274,3,0.202,268,131,137,0,0,0,2048,0.000,0.000,auto,30,0.013,1073741824,0,
lltp,petri-nets/MCC,,,ResAllocation_RAS-R-15_20_1.p,intuitionistic,horn,1,,5,0,3,provable,proved,,ok,horn,IMELL,408,3,0.534,1031,529,502,0,0,0,2048,0.000,0.000,auto,30,0.024,1073741824,0,
lltp,petri-nets/MCC,,,ResAllocation_RAS-R-20_10_1.p,intuitionistic,horn,1,,5,0,3,provable,proved,,ok,horn,IMELL,552,3,14.281,30736,19589,11147,0,0,0,2048,10.000,0.101,auto,30,0.025,1073741824,0,
lltp,petri-nets/MCC,,,ResAllocation_RAS-R-20_5_1.p,intuitionistic,horn,1,,5,0,3,provable,proved,,ok,horn,IMELL,554,3,1.213,2264,1296,968,0,0,0,2048,0.000,0.000,auto,30,0.022,1073741824,0,
lltp,petri-nets/MCC,,,ResAllocation_RAS-R-2_20_1.p,intuitionistic,horn,1,,5,0,3,provable,proved,,ok,horn,IMELL,52,3,0.051,8,2,6,0,0,0,2048,0.000,0.000,auto,30,0.005,1073741824,0,
lltp,petri-nets/MCC,,,ResAllocation_RAS-R-3_10_1.p,intuitionistic,horn,1,,5,0,3,provable,proved,,ok,horn,IMELL,80,3,0.056,8,1,7,0,0,0,2048,0.000,0.000,auto,30,0.006,1073741824,0,
lltp,petri-nets/MCC,,,ResAllocation_RAS-R-3_5_1.p,intuitionistic,horn,1,,5,0,3,provable,proved,,ok,horn,IMELL,80,3,0.046,1,0,1,0,0,0,2048,0.000,0.000,auto,30,0.006,1073741824,0,
lltp,petri-nets/MCC,,,ResAllocation_RAS-R-50_20_1.p,intuitionistic,horn,1,,5,0,3,provable,proved,,ok,horn,IMELL,1398,3,0.234,20,0,20,0,0,0,2048,0.000,0.000,auto,30,0.053,1073741824,0,
lltp,petri-nets/MCC,,,ResAllocation_RAS-R-5_10_1.p,intuitionistic,horn,1,,5,0,3,provable,proved,,ok,horn,IMELL,130,3,0.069,10,0,10,0,0,0,2048,0.000,0.000,auto,30,0.012,1073741824,0,
lltp,petri-nets/MCC,,,ResAllocation_RAS-R-5_5_1.p,intuitionistic,horn,1,,5,0,3,provable,proved,,ok,horn,IMELL,134,3,0.083,56,18,38,0,0,0,2048,0.000,0.000,auto,30,0.010,1073741824,0,
lltp,petri-nets/MCC,,,Ring_ring_20_1.p,intuitionistic,horn,1,,5,0,3,provable,proved,,ok,horn,IMELL,1040,5,0.230,20,0,20,0,0,0,2048,0.000,0.000,auto,30,0.035,1073741824,0,
lltp,petri-nets/MCC,,,RobotManipulation_robot-manipulation-1000_10_1.p,intuitionistic,horn,1,,5,0,3,provable,proved,,ok,horn,IMELL,24068,2002,1.130,4,0,4,0,0,0,2048,0.000,0.000,auto,30,1.515,1073741824,0,
lltp,petri-nets/MCC,,,RobotManipulation_robot-manipulation-1000_5_1.p,intuitionistic,horn,1,,5,0,3,provable,proved,,ok,horn,IMELL,24070,2002,1.058,5,0,5,0,0,0,2048,0.000,0.000,auto,30,1.533,1073741824,0,
lltp,petri-nets/MCC,,,RobotManipulation_robot-manipulation-100_20_1.p,intuitionistic,horn,1,,5,0,3,provable,proved,,ok,horn,IMELL,2468,202,0.169,8,0,8,0,0,0,2048,0.000,0.000,auto,30,0.142,1073741824,0,
lltp,petri-nets/MCC,,,RobotManipulation_robot-manipulation-10_10_1.p,intuitionistic,horn,1,,5,0,3,provable,proved,,ok,horn,IMELL,308,22,0.071,4,0,4,0,0,0,2048,0.000,0.000,auto,30,0.022,1073741824,0,
lltp,petri-nets/MCC,,,RobotManipulation_robot-manipulation-10_5_1.p,intuitionistic,horn,1,,5,0,3,provable,proved,,ok,horn,IMELL,310,22,0.101,5,0,5,0,0,0,2048,0.000,0.000,auto,30,0.022,1073741824,0,
lltp,petri-nets/MCC,,,RobotManipulation_robot-manipulation-1_20_1.p,intuitionistic,horn,1,,5,0,3,provable,proved,,ok,horn,IMELL,92,4,0.058,8,0,8,0,0,0,2048,0.000,0.000,auto,30,0.008,1073741824,0,
lltp,petri-nets/MCC,,,RobotManipulation_robot-manipulation-2000_10_1.p,intuitionistic,horn,1,,5,0,3,provable,proved,,ok,horn,IMELL,48068,4002,2.883,4,0,4,0,0,0,2048,0.000,0.073,auto,30,3.301,1073741824,0,
lltp,petri-nets/MCC,,,RobotManipulation_robot-manipulation-2000_5_1.p,intuitionistic,horn,1,,5,0,3,provable,proved,,ok,horn,IMELL,48070,4002,2.467,5,0,5,0,0,0,2048,0.000,0.021,auto,30,3.003,1073741824,0,
lltp,petri-nets/MCC,,,RobotManipulation_robot-manipulation-200_20_1.p,intuitionistic,horn,1,,5,0,3,provable,proved,,ok,horn,IMELL,4868,402,0.261,8,0,8,0,0,0,2048,0.000,0.000,auto,30,0.273,1073741824,0,
lltp,petri-nets/MCC,,,RobotManipulation_robot-manipulation-20_10_1.p,intuitionistic,horn,1,,5,0,3,provable,proved,,ok,horn,IMELL,548,42,0.083,4,0,4,0,0,0,2048,0.000,0.000,auto,30,0.035,1073741824,0,
lltp,petri-nets/MCC,,,RobotManipulation_robot-manipulation-20_5_1.p,intuitionistic,horn,1,,5,0,3,provable,proved,,ok,horn,IMELL,550,42,0.084,5,0,5,0,0,0,2048,0.000,0.000,auto,30,0.036,1073741824,0,
lltp,petri-nets/MCC,,,RobotManipulation_robot-manipulation-2_20_1.p,intuitionistic,horn,1,,5,0,3,provable,proved,,ok,horn,IMELL,116,6,0.061,8,0,8,0,0,0,2048,0.000,0.000,auto,30,0.010,1073741824,0,
lltp,petri-nets/MCC,,,RobotManipulation_robot-manipulation-500_10_1.p,intuitionistic,horn,1,,5,0,3,provable,proved,,ok,horn,IMELL,12068,1002,0.635,4,0,4,0,0,0,2048,0.000,0.062,auto,30,0.731,1073741824,0,
lltp,petri-nets/MCC,,,RobotManipulation_robot-manipulation-500_5_1.p,intuitionistic,horn,1,,5,0,3,provable,proved,,ok,horn,IMELL,12070,1002,0.612,5,0,5,0,0,0,2048,0.000,0.055,auto,30,0.719,1073741824,0,
lltp,petri-nets/MCC,,,RobotManipulation_robot-manipulation-50_20_1.p,intuitionistic,horn,1,,5,0,3,provable,proved,,ok,horn,IMELL,1268,102,0.121,8,0,8,0,0,0,2048,0.000,0.000,auto,30,0.076,1073741824,0,
lltp,petri-nets/MCC,,,RobotManipulation_robot-manipulation-5_10_1.p,intuitionistic,horn,1,,5,0,3,provable,proved,,ok,horn,IMELL,188,12,0.066,4,0,4,0,0,0,2048,0.000,0.000,auto,30,0.014,1073741824,0,
lltp,petri-nets/MCC,,,RobotManipulation_robot-manipulation-5_5_1.p,intuitionistic,horn,1,,5,0,3,provable,proved,,ok,horn,IMELL,190,12,0.070,5,0,5,0,0,0,2048,0.000,0.000,auto,30,0.015,1073741824,0,
lltp,petri-nets/MCC,,,RwMutex_rwmutex-r1000w10_50_1.p,intuitionistic,horn,1,,5,0,3,provable,proved,,ok,horn,IMELL,60018,12,7.091,50,0,50,0,0,0,2048,10.000,0.026,auto,30,0.732,1073741824,0,
lltp,petri-nets/MCC,,,RwMutex_rwmutex-r100w10_20_1.p,intuitionistic,horn,1,,5,0,3,provable,proved,,ok,horn,IMELL,6078,12,0.621,20,0,20,0,0,0,2048,0.000,0.058,auto,30,0.088,1073741824,0,
lltp,petri-nets/MCC,,,RwMutex_rwmutex-r10w1000_1_1.p,intuitionistic,horn,1,,5,0,3,provable,proved,,ok,horn,IMELL,52196,1002,5.277,1,0,1,0,0,0,2048,0.000,0.027,auto,30,0.529,1073741824,0,
lltp,petri-nets/MCC,,,RwMutex_rwmutex-r10w100_100_1.p,intuitionistic,horn,1,,5,0,3,provable,proved,,ok,horn,IMELL,5398,102,0.569,0,0,0,0,0,0,2048,0.000,0.000,auto,30,0.058,1073741824,0,
lltp,petri-nets/MCC,,,RwMutex_rwmutex-r10w100_50_1.p,intuitionistic,horn,1,,5,0,3,provable,proved,,ok,horn,IMELL,5398,102,0.582,0,0,0,0,0,0,2048,0.000,0.000,auto,30,0.059,1073741824,0,
lltp,petri-nets/MCC,,,RwMutex_rwmutex-r10w10_1_1.p,intuitionistic,horn,1,,5,0,3,provable,proved,,ok,horn,IMELL,698,12,0.133,1,0,1,0,0,0,2048,0.000,0.000,auto,30,0.016,1073741824,0,
lltp,petri-nets/MCC,,,RwMutex_rwmutex-r10w2000_10_1.p,intuitionistic,horn,1,,5,0,3,provable,proved,,ok,horn,IMELL,104198,2002,11.615,0,0,0,0,0,0,2048,10.000,0.045,auto,30,0.995,1073741824,0,
lltp,petri-nets/MCC,,,RwMutex_rwmutex-r10w20_100_1.p,intuitionistic,horn,1,,5,0,3,provable,proved,,ok,horn,IMELL,1238,22,0.198,0,0,0,0,0,0,2048,0.000,0.000,auto,30,0.022,1073741824,0,
lltp,petri-nets/MCC,,,RwMutex_rwmutex-r10w20_50_1.p,intuitionistic,horn,1,,5,0,3,provable,proved,,ok,horn,IMELL,1238,22,0.185,0,0,0,0,0,0,2048,0.000,0.000,auto,30,0.021,1073741824,0,
lltp,petri-nets/MCC,,,RwMutex_rwmutex-r10w500_1_1.p,intuitionistic,horn,1,,5,0,3,provable,proved,,ok,horn,IMELL,26178,502,2.734,1,0,1,0,0,0,2048,0.000,0.067,auto,30,0.258,1073741824,0,
lltp,petri-nets/MCC,,,RwMutex_rwmutex-r10w50_100_1.p,intuitionistic,horn,1,,5,0,3,provable,proved,,ok,horn,IMELL,2798,52,0.362,0,0,0,0,0,0,2048,0.000,0.000,auto,30,0.036,1073741824,0,
lltp,petri-nets/MCC,,,RwMutex_rwmutex-r10w50_50_1.p,intuitionistic,horn,1,,5,0,3,provable,proved,,ok,horn,IMELL,2798,52,0.350,0,0,0,0,0,0,2048,0.000,0.000,auto,30,0.038,1073741824,0,
lltp,petri-nets/MCC,,,RwMutex_rwmutex-r2000w10_20_1.p,intuitionistic,horn,1,,5,0,3,provable,proved,,ok,horn,IMELL,120078,12,11.238,20,0,20,0,0,0,2048,10.000,0.034,auto,30,1.403,1073741824,0,
lltp,petri-nets/MCC,,,RwMutex_rwmutex-r20w10_1_1.p,intuitionistic,horn,1,,5,0,3,provable,proved,,ok,horn,IMELL,1316,12,0.197,1,0,1,0,0,0,2048,0.000,0.000,auto,30,0.026,1073741824,0,
lltp,petri-nets/MCC,,,RwMutex_rwmutex-r500w10_1_1.p,intuitionistic,horn,1,,5,0,3,provable,proved,,ok,horn,IMELL,30116,12,2.456,1,0,1,0,0,0,2048,0.000,0.031,auto,30,0.365,1073741824,0,
lltp,petri-nets/MCC,,,SafeBus-03-unfolded_100_1.p,intuitionistic,horn,1,,5,0,3,provable,proved,,ok,horn,IMELL,1128,43,0.340,216,67,149,0,0,0,2048,0.000,0.000,auto,30,0.025,1073741824,0,
lltp,petri-nets/MCC,,,SafeBus-03-unfolded_50_1.p,intuitionistic,horn,1,,5,0,3,provable,proved,,ok,horn,IMELL,1128,43,0.351,191,43,148,0,0,0,2048,0.000,0.000,auto,30,0.050,1073741824,0,
lltp,petri-nets/MCC,,,SafeBus-06-unfolded_1_1.p,intuitionistic,horn,1,,5,0,3,provable,proved,,ok,horn,IMELL,6004,283,0.781,1,0,1,0,0,0,2048,0.000,0.067,auto,30,0.063,1073741824,0,
lltp,petri-nets/MCC,,,SafeBus-10-unfolded_100_1.p,intuitionistic,horn,1,,5,0,3,provable,proved,,ok,horn,IMELL,22870,1191,18.856,5290,1869,3421,0,0,0,2048,20.000,0.043,auto,30,0.239,1073741824,0,
lltp,petri-nets/MCC,,,SafeBus-10-unfolded_5_1.p,intuitionistic,horn,1,,5,0,3,provable,proved,,ok,horn,IMELL,22876,1191,2.360,5,0,5,0,0,0,2048,0.000,0.022,auto,30,0.185,1073741824,0,
lltp,petri-nets/MCC,,,SafeBus-15-unfolded_50_1.p,intuitionistic,horn,1,,5,0,3,provable,proved,,ok,horn,IMELL,69238,3810,49.898,9877,565,9312,0,0,0,2048,50.000,0.066,auto,30,0.611,1073741824,0,
lltp,petri-nets/MCC,,,SafeBus-20-unfolded_20_1.p,intuitionistic,horn,1,,5,0,3,provable,proved,,ok,horn,IMELL,154944,8781,15.361,20,0,20,0,0,0,2048,20.000,0.054,auto,30,1.098,1073741824,0,
lltp,petri-nets/MCC,,,SharedMemory_shared_memory-pt-100_1_1.p,intuitionistic,horn,1,,5,0,3,provable,proved,,ok,horn,IMELL,160802,9901,23.856,1,0,1,0,0,0,2048,20.000,0.054,auto,30,1.920,1073741824,0,
lltp,petri-nets/MCC,,,SharedMemory_shared_memory-pt-10_1_1.p,intuitionistic,horn,1,,5,0,3,provable,proved,,ok,horn,IMELL,1682,91,0.302,1,0,1,0,0,0,2048,0.000,0.000,auto,30,0.031,1073741824,0,
lltp,petri-nets/MCC,,,SharedMemory_shared_memory-pt-200_100_1.p,intuitionistic,horn,1,,5,0,3,provable,proved,,ok,horn,IMELL,641598,39801,116.232,191,63,128,0,0,0,2048,120.000,0.243,auto,30,7.660,1073741824,0,
lltp,petri-nets/MCC,,,SharedMemory_shared_memory-pt-200_5_1.p,intuitionistic,horn,1,,5,0,3,provable,proved,,ok,horn,IMELL,641598,39801,104.673,5,1,4,0,0,0,2048,100.000,0.249,auto,30,7.613,1073741824,0,
lltp,petri-nets/MCC,,,SharedMemory_shared_memory-pt-20_50_1.p,intuitionistic,horn,1,,5,0,3,provable,proved,,ok,horn,IMELL,6558,381,0.988,78,15,63,0,0,0,2048,0.000,0.000,auto,30,0.081,1073741824,0,
lltp,petri-nets/MCC,,,SharedMemory_shared_memory-pt-50_20_1.p,intuitionistic,horn,1,,5,0,3,provable,proved,,ok,horn,IMELL,40398,2451,5.629,35,11,24,0,0,0,2048,10.000,0.029,auto,30,0.428,1073741824,0,
lltp,petri-nets/MCC,,,SharedMemory_shared_memory-pt-5_10_1.p,intuitionistic,horn,1,,5,0,3,provable,proved,,ok,horn,IMELL,442,21,0.127,0,0,0,0,0,0,2048,0.000,0.000,auto,30,0.012,1073741824,0,
lltp,petri-nets/MCC,,,SharedMemory_shared_memory-pt-5_5_1.p,intuitionistic,horn,1,,5,0,3,provable,proved,,ok,horn,IMELL,442,21,0.113,1,0,1,0,0,0,2048,0.000,0.000,auto,30,0.013,1073741824,0,
lltp,petri-nets/MCC,,,SimpleLoadBal_simple_lbs-10_20_1.p,intuitionistic,horn,1,,5,0,3,provable,proved,,ok,horn,IMELL,8362,512,1.138,266,83,183,0,0,0,2048,0.000,0.000,auto,30,0.077,1073741824,0,
lltp,petri-nets/MCC,,,SimpleLoadBal_simple_lbs-15_1_1.p,intuitionistic,horn,1,,5,0,3,provable,proved,,ok,horn,IMELL,18056,1142,1.889,1,0,1,0,0,0,2048,0.000,0.022,auto,30,0.151,1073741824,0,
lltp,petri-nets/MCC,,,SimpleLoadBal_simple_lbs-20_100_1.p,intuitionistic,horn,1,,5,0,3,provable,proved,,ok,horn,IMELL,31494,2022,3.812,208,0,208,0,0,0,2048,0.000,0.030,auto,30,0.278,1073741824,0,
lltp,petri-nets/MCC,,,SimpleLoadBal_simple_lbs-20_5_1.p,intuitionistic,horn,1,,5,0,3,provable,proved,,ok,horn,IMELL,31460,2022,3.249,5,0,5,0,0,0,2048,0.000,0.025,auto,30,0.257,1073741824,0,
lltp,petri-nets/MCC,,,SimpleLoadBal_simple_lbs-2_20_1.p,intuitionistic,horn,1,,5,0,3,provable,proved,,ok,horn,IMELL,534,24,0.137,13,0,13,0,0,0,2048,0.000,0.000,auto,30,0.016,1073741824,0,
lltp,petri-nets/MCC,,,SimpleLoadBal_simple_lbs-5_10_1.p,intuitionistic,horn,1,,5,0,3,provable,proved,,ok,horn,IMELL,2360,132,0.331,10,0,10,0,0,0,2048,0.000,0.000,auto,30,0.032,1073741824,0,
lltp,petri-nets/MCC,,,SimpleLoadBal_simple_lbs-5_5_1.p,intuitionistic,horn,1,,5,0,3,provable,proved,,ok,horn,IMELL,2360,132,0.319,5,0,5,0,0,0,2048,0.000,0.000,auto,30,0.029,1073741824,0,
lltp,petri-nets/MCC,,,SmallOperatingSystem-MT0016DC0008_20_1.p,intuitionistic,horn,1,,5,0,3,provable,proved,,ok,horn,IMELL,236,18,0.082,29,6,23,0,0,0,2048,0.000,0.000,auto,30,0.024,1073741824,0,
lltp,petri-nets/MCC,,,SmallOperatingSystem-MT0032DC0008_10_1.p,intuitionistic,horn,1,,5,0,3,provable,proved,,ok,horn,IMELL,372,34,0.079,10,0,10,0,0,0,2048,0.000,0.000,auto,30,0.027,1073741824,0,
lltp,petri-nets/MCC,,,SmallOperatingSystem-MT0032DC0008_5_1.p,intuitionistic,horn,1,,5,0,3,provable,proved,,ok,horn,IMELL,384,34,0.075,5,0,5,0,0,0,2048,0.000,0.000,auto,30,0.026,1073741824,0,
lltp,petri-nets/MCC,,,SmallOperatingSystem-MT0032DC0016_20_1.p,intuitionistic,horn,1,,5,0,3,provable,proved,,ok,horn,IMELL,438,34,0.087,20,0,20,0,0,0,2048,0.000,0.000,auto,30,0.035,1073741824,0,
lltp,petri-nets/MCC,,,SmallOperatingSystem-MT0064DC0016_10_1.p,intuitionistic,horn,1,,5,0,3,provable,proved,,ok,horn,IMELL,716,66,0.090,10,0,10,0,0,0,2048,0.000,0.000,auto,30,0.046,1073741824,0,
lltp,petri-nets/MCC,,,SmallOperatingSystem-MT0064DC0016_5_1.p,intuitionistic,horn,1,,5,0,3,provable,proved,,ok,horn,IMELL,736,66,0.088,5,0,5,0,0,0,2048,0.000,0.000,auto,30,0.046,1073741824,0,
lltp,petri-nets/MCC,,,SmallOperatingSystem-MT0064DC0032_50_1.p,intuitionistic,horn,1,,5,0,3,provable,proved,,ok,horn,IMELL,808,66,0.118,65,10,55,0,0,0,2048,0.000,0.000,auto,30,0.064,1073741824,0,
lltp,petri-nets/MCC,,,SmallOperatingSystem-MT0128DC0032_20_1.p,intuitionistic,horn,1,,5,0,3,provable,proved,,ok,horn,IMELL,1380,130,0.122,20,0,20,0,0,0,2048,0.000,0.000,auto,30,0.088,1073741824,0,
lltp,petri-nets/MCC,,,SmallOperatingSystem-MT0128DC0064_10_1.p,intuitionistic,horn,1,,5,0,3,provable,proved,,ok,horn,IMELL,1804,130,0.127,10,0,10,0,0,0,2048,0.000,0.000,auto,30,0.109,1073741824,0,
lltp,petri-nets/MCC,,,SmallOperatingSystem-MT0128DC0064_5_1.p,intuitionistic,horn,1,,5,0,3,provable,proved,,ok,horn,IMELL,1824,130,0.122,5,0,5,0,0,0,2048,0.000,0.000,auto,30,0.116,1073741824,0,
lltp,petri-nets/MCC,,,SmallOperatingSystem-MT0256DC0064_20_1.p,intuitionistic,horn,1,,5,0,3,provable,proved,,ok,horn,IMELL,2788,258,0.174,20,0,20,0,0,0,2048,0.000,0.000,auto,30,0.169,1073741824,0,
lltp,petri-nets/MCC,,,SmallOperatingSystem-MT0256DC0128_10_1.p,intuitionistic,horn,1,,5,0,3,provable,proved,,ok,horn,IMELL,3596,258,0.185,10,0,10,0,0,0,2048,0.000,0.000,auto,30,0.217,1073741824,0,
lltp,petri-nets/MCC,,,SmallOperatingSystem-MT0256DC0128_5_1.p,intuitionistic,horn,1,,5,0,3,provable,proved,,ok,horn,IMELL,3616,258,0.190,5,0,5,0,0,0,2048,0.000,0.000,auto,30,0.213,1073741824,0,
lltp,petri-nets/MCC,,,SmallOperatingSystem-MT0512DC0128_20_1.p,intuitionistic,horn,1,,5,0,3,provable,proved,,ok,horn,IMELL,5604,514,0.284,20,0,20,0,0,0,2048,0.000,0.000,auto,30,0.327,1073741824,0,
lltp,petri-nets/MCC,,,SmallOperatingSystem-MT0512DC0256_10_1.p,intuitionistic,horn,1,,5,0,3,provable,proved,,ok,horn,IMELL,7180,514,0.340,10,0,10,0,0,0,2048,0.000,0.000,auto,30,0.501,1073741824,0,
lltp,petri-nets/MCC,,,SmallOperatingSystem-MT0512DC0256_5_1.p,intuitionistic,horn,1,,5,0,3,provable,proved,,ok,horn,IMELL,7200,514,0.352,5,0,5,0,0,0,2048,0.000,0.000,auto,30,0.492,1073741824,0,
lltp,petri-nets/MCC,,,SmallOperatingSystem-MT1024DC0256_20_1.p,intuitionistic,horn,1,,5,0,3,provable,proved,,ok,horn,IMELL,11236,1026,0.529,20,0,20,0,0,0,2048,0.000,0.018,auto,30,0.676,1073741824,0,
lltp,petri-nets/MCC,,,SmallOperatingSystem-MT1024DC0512_10_1.p,intuitionistic,horn,1,,5,0,3,provable,proved,,ok,horn,IMELL,14348,1026,0.600,10,0,10,0,0,0,2048,0.000,0.000,auto,30,0.832,1073741824,0,
lltp,petri-nets/MCC,,,SmallOperatingSystem-MT1024DC0512_5_1.p,intuitionistic,horn,1,,5,0,3,provable,proved,,ok,horn,IMELL,14368,1026,0.629,5,0,5,0,0,0,2048,0.000,0.022,auto,30,0.825,1073741824,0,
lltp,petri-nets/MCC,,,SmallOperatingSystem-MT2048DC0512_20_1.p,intuitionistic,horn,1,,5,0,3,provable,proved,,ok,horn,IMELL,22500,2050,1.043,20,0,20,0,0,0,2048,0.000,0.019,auto,30,1.421,1073741824,0,
lltp,petri-nets/MCC,,,SmallOperatingSystem-MT2048DC1024_10_1.p,intuitionistic,horn,1,,5,0,3,provable,proved,,ok,horn,IMELL,28684,2050,1.196,10,0,10,0,0,0,2048,0.000,0.000,auto,30,1.827,1073741824,0,
lltp,petri-nets/MCC,,,SmallOperatingSystem-MT2048DC1024_5_1.p,intuitionistic,horn,1,,5,0,3,provable,proved,,ok,horn,IMELL,28704,2050,1.193,5,0,5,0,0,0,2048,0.000,0.000,auto,30,1.835,1073741824,0,
lltp,petri-nets/MCC,,,SmallOperatingSystem-MT4096DC1024_20_1.p,intuitionistic,horn,1,,5,0,3,provable,proved,,ok,horn,IMELL,45028,4098,2.365,20,0,20,0,0,0,2048,0.000,0.000,auto,30,3.148,1073741824,0,
lltp,petri-nets/MCC,,,SmallOperatingSystem-MT4096DC2048_10_1.p,intuitionistic,horn,1,,5,0,3,provable,proved,,ok,horn,IMELL,57356,4098,2.564,10,0,10,0,0,0,2048,0.000,0.024,auto,30,3.885,1073741824,0,
lltp,petri-nets/MCC,,,SmallOperatingSystem-MT4096DC2048_5_1.p,intuitionistic,horn,1,,5,0,3,provable,proved,,ok,horn,IMELL,57376,4098,2.561,5,0,5,0,0,0,2048,0.000,0.032,auto,30,3.565,1073741824,0,
lltp,petri-nets/MCC,,,SmallOperatingSystem-MT8192DC2048_50_1.p,intuitionistic,horn,1,,5,0,3,provable,proved,,ok,horn,IMELL,89964,8194,4.349,50,0,50,0,0,0,2048,10.000,0.039,auto,30,5.782,1073741824,0,
lltp,petri-nets/MCC,,,Solitaire_soli0_counter_square5_5_1.p,intuitionistic,horn,1,,5,0,3,provable,proved,,ok,horn,IMELL,1264,103,0.191,5,0,5,0,0,0,2048,0.000,0.000,auto,30,0.028,1073741824,0,
lltp,petri-nets/MCC,,,Solitaire_soli1_10_1.p,intuitionistic,horn,1,,5,0,3,provable,proved,,ok,horn,IMELL,1042,9,21.377,28503,11954,16549,0,0,0,2048,20.000,0.158,auto,30,0.031,1073741824,0,
lltp,petri-nets/MCC,,,Solitaire_soli1_5_1.p,intuitionistic,horn,1,,5,0,3,provable,proved,,ok,horn,IMELL,1042,9,21.995,26345,11128,15217,0,0,0,2048,20.000,0.155,auto,30,0.030,1073741824,0,
lltp,petri-nets/MCC,,,Solitaire_soli1_counter_50_1.p,intuitionistic,horn,1,,5,0,3,provable,proved,,ok,horn,IMELL,1272,83,0.533,625,309,316,0,0,0,2048,0.000,0.000,auto,30,0.042,1073741824,0,
lltp,petri-nets/MCC,,,Solitaire_soli2_20_1.p,intuitionistic,horn,1,,5,0,3,provable,proved,,ok,horn,IMELL,1250,9,103.764,152660,77258,75402,0,0,0,2048,90.000,0.775,auto,30,0.046,1073741824,0,
lltp,petri-nets/MCC,,,Solitaire_soli2_counter_20_1.p,intuitionistic,horn,1,,5,0,3,provable,proved,,ok,horn,IMELL,1538,108,70.652,117129,70987,46142,0,0,0,2048,70.000,0.409,auto,30,0.047,1073741824,0,
lltp,petri-nets/MCC,,,SquareGrid_sg-10-5-10_1_1.p,intuitionistic,horn,1,,5,0,3,provable,proved,,ok,horn,IMELL,26878,23,2.302,1,0,1,0,0,0,2048,0.000,0.000,auto,30,0.976,1073741824,0,
lltp,petri-nets/MCC,,,SquareGrid_sg-13-6-13_100_1.p,intuitionistic,horn,1,,5,0,3,provable,proved,,ok,horn,IMELL,49970,26,7.787,100,0,100,0,0,0,2048,10.000,0.043,auto,30,1.881,1073741824,0,
lltp,petri-nets/MCC,,,SquareGrid_sg-13-6-13_5_1.p,intuitionistic,horn,1,,5,0,3,provable,proved,,ok,horn,IMELL,49970,26,4.574,5,0,5,0,0,0,2048,10.000,0.046,auto,30,1.971,1073741824,0,
lltp,petri-nets/MCC,,,SquareGrid_sg-2-1-2_50_1.p,intuitionistic,horn,1,,5,0,3,provable,proved,,ok,horn,IMELL,766,17,2.488,2790,1465,1325,0,0,0,2048,0.000,0.063,auto,30,0.055,1073741824,0,
lltp,petri-nets/MCC,,,SquareGrid_sg-4-2-4_20_1.p,intuitionistic,horn,1,,5,0,3,provable,proved,,ok,horn,IMELL,3262,18,0.448,20,0,20,0,0,0,2048,0.000,0.000,auto,30,0.092,1073741824,0,
lltp,petri-nets/MCC,,,SquareGrid_sg-8-4-8_1_1.p,intuitionistic,horn,1,,5,0,3,provable,proved,,ok,horn,IMELL,15742,21,1.464,1,0,1,0,0,0,2048,0.000,0.000,auto,30,0.467,1073741824,0,
lltp,petri-nets/MCC,,,SwimmingPool-10_100_1.p,intuitionistic,horn,1,,5,0,3,provable,proved,,ok,horn,IMELL,1838,201,0.164,100,0,100,0,0,0,2048,0.000,0.000,auto,30,0.122,1073741824,0,
lltp,petri-nets/MCC,,,SwimmingPool-10_50_1.p,intuitionistic,horn,1,,5,0,3,provable,proved,,ok,horn,IMELL,1838,201,0.152,50,0,50,0,0,0,2048,0.000,0.000,auto,30,0.121,1073741824,0,
lltp,petri-nets/MCC,,,SwimmingPool-1_1_1.p,intuitionistic,horn,1,,5,0,3,provable,proved,,ok,horn,IMELL,218,21,0.059,1,0,1,0,0,0,2048,0.000,0.000,auto,30,0.018,1073741824,0,
lltp,petri-nets/MCC,,,SwimmingPool-2_100_1.p,intuitionistic,horn,1,,5,0,3,provable,proved,,ok,horn,IMELL,360,41,0.099,58,0,58,0,0,0,2048,0.000,0.000,auto,30,0.032,1073741824,0,
lltp,petri-nets/MCC,,,SwimmingPool-2_50_1.p,intuitionistic,horn,1,,5,0,3,provable,proved,,ok,horn,IMELL,378,41,0.094,50,0,50,0,0,0,2048,0.000,0.000,auto,30,0.033,1073741824,0,
lltp,petri-nets/MCC,,,SwimmingPool-3_1_1.p,intuitionistic,horn,1,,5,0,3,provable,proved,,ok,horn,IMELL,578,61,0.072,1,0,1,0,0,0,2048,0.000,0.000,auto,30,0.037,1073741824,0,
lltp,petri-nets/MCC,,,SwimmingPool-4_100_1.p,intuitionistic,horn,1,,5,0,3,provable,proved,,ok,horn,IMELL,718,81,0.121,100,0,100,0,0,0,2048,0.000,0.000,auto,30,0.058,1073741824,0,
lltp,petri-nets/MCC,,,SwimmingPool-4_50_1.p,intuitionistic,horn,1,,5,0,3,provable,proved,,ok,horn,IMELL,758,81,0.108,50,0,50,0,0,0,2048,0.000,0.000,auto,30,0.052,1073741824,0,
lltp,petri-nets/MCC,,,SwimmingPool-5_1_1.p,intuitionistic,horn,1,,5,0,3,provable,proved,,ok,horn,IMELL,938,101,0.088,1,0,1,0,0,0,2048,0.000,0.000,auto,30,0.059,1073741824,0,
lltp,petri-nets/MCC,,,SwimmingPool-6_100_1.p,intuitionistic,horn,1,,5,0,3,provable,proved,,ok,horn,IMELL,1118,121,0.129,100,0,100,0,0,0,2048,0.000,0.000,auto,30,0.083,1073741824,0,
lltp,petri-nets/MCC,,,SwimmingPool-6_50_1.p,intuitionistic,horn,1,,5,0,3,provable,proved,,ok,horn,IMELL,1118,121,0.115,50,0,50,0,0,0,2048,0.000,0.000,auto,30,0.074,1073741824,0,
lltp,petri-nets/MCC,,,SwimmingPool-7_1_1.p,intuitionistic,horn,1,,5,0,3,provable,proved,,ok,horn,IMELL,1298,141,0.101,1,0,1,0,0,0,2048,0.000,0.000,auto,30,0.078,1073741824,0,
lltp,petri-nets/MCC,,,SwimmingPool-8_100_1.p,intuitionistic,horn,1,,5,0,3,provable,proved,,ok,horn,IMELL,1478,161,0.146,100,0,100,0,0,0,2048,0.000,0.000,auto,30,0.102,1073741824,0,
lltp,petri-nets/MCC,,,SwimmingPool-8_50_1.p,intuitionistic,horn,1,,5,0,3,provable,proved,,ok,horn,IMELL,1478,161,0.135,50,0,50,0,0,0,2048,0.000,0.000,auto,30,0.097,1073741824,0,
lltp,petri-nets/MCC,,,SwimmingPool-9_1_1.p,intuitionistic,horn,1,,5,0,3,provable,proved,,ok,horn,IMELL,1658,181,0.132,1,0,1,0,0,0,2048,0.000,0.000,auto,30,0.110,1073741824,0,
lltp,petri-nets/MCC,,,TCPcondis_tcp10_100_1.p,intuitionistic,horn,1,,5,0,3,provable,proved,,ok,horn,IMELL,294,12,0.360,1101,646,455,0,0,0,2048,0.000,0.000,auto,30,0.037,1073741824,0,
lltp,petri-nets/MCC,,,TCPcondis_tcp10_50_1.p,intuitionistic,horn,1,,5,0,3,provable,proved,,ok,horn,IMELL,308,12,0.194,79,11,68,0,0,0,2048,0.000,0.000,auto,30,0.028,1073741824,0,
lltp,petri-nets/MCC,,,TCPcondis_tcp15_1_1.p,intuitionistic,horn,1,,5,0,3,provable,proved,,ok,horn,IMELL,336,17,0.093,1,0,1,0,0,0,2048,0.000,0.000,auto,30,0.021,1073741824,0,
lltp,petri-nets/MCC,,,TCPcondis_tcp20_100_1.p,intuitionistic,horn,1,,5,0,3,provable,proved,,ok,horn,IMELL,398,22,0.549,1163,669,494,0,0,0,2048,0.000,0.063,auto,30,0.044,1073741824,0,
lltp,petri-nets/MCC,,,TCPcondis_tcp20_50_1.p,intuitionistic,horn,1,,5,0,3,provable,proved,,ok,horn,IMELL,410,22,0.167,74,14,60,0,0,0,2048,0.000,0.000,auto,30,0.031,1073741824,0,
lltp,petri-nets/MCC,,,TCPcondis_tcp25_1_1.p,intuitionistic,horn,1,,5,0,3,provable,proved,,ok,horn,IMELL,416,27,0.100,1,0,1,0,0,0,2048,0.000,0.000,auto,30,0.019,1073741824,0,
lltp,petri-nets/MCC,,,TCPcondis_tcp30_100_1.p,intuitionistic,horn,1,,5,0,3,provable,proved,,ok,horn,IMELL,502,32,0.363,780,414,366,0,0,0,2048,0.000,0.000,auto,30,0.051,1073741824,0,
lltp,petri-nets/MCC,,,TCPcondis_tcp30_50_1.p,intuitionistic,horn,1,,5,0,3,provable,proved,,ok,horn,IMELL,512,32,0.128,47,7,40,0,0,0,2048,0.000,0.000,auto,30,0.035,1073741824,0,
lltp,petri-nets/MCC,,,TCPcondis_tcp35_1_1.p,intuitionistic,horn,1,,5,0,3,provable,proved,,ok,horn,IMELL,496,37,0.105,1,0,1,0,0,0,2048,0.000,0.000,auto,30,0.023,1073741824,0,
lltp,petri-nets/MCC,,,TCPcondis_tcp40_100_1.p,intuitionistic,horn,1,,5,0,3,provable,proved,,ok,horn,IMELL,604,42,0.244,403,198,205,0,0,0,2048,0.000,0.000,auto,30,0.057,1073741824,0,
lltp,petri-nets/MCC,,,TCPcondis_tcp40_50_1.p,intuitionistic,horn,1,,5,0,3,provable,proved,,ok,horn,IMELL,594,42,0.129,40,0,40,0,0,0,2048,0.000,0.000,auto,30,0.039,1073741824,0,
lltp,petri-nets/MCC,,,TCPcondis_tcp50_1_1.p,intuitionistic,horn,1,,5,0,3,provable,proved,,ok,horn,IMELL,616,52,0.107,1,0,1,0,0,0,2048,0.000,0.000,auto,30,0.031,1073741824,0,
lltp,petri-nets/MCC,,,TCPcondis_tcp5_100_1.p,intuitionistic,horn,1,,5,0,3,provable,proved,,ok,horn,IMELL,256,7,0.156,125,36,89,0,0,0,2048,0.000,0.000,auto,30,0.023,1073741824,0,
lltp,petri-nets/MCC,,,TCPcondis_tcp5_50_1.p,intuitionistic,horn,1,,5,0,3,provable,proved,,ok,horn,IMELL,256,7,0.205,371,198,173,0,0,0,2048,0.000,0.000,auto,30,0.026,1073741824,0,
lltp,petri-nets/MCC,,,TokenRing-10-unfolded_1_1.p,intuitionistic,horn,1,,5,0,3,provable,proved,,ok,horn,IMELL,8930,21,1.097,1,0,1,0,0,0,2048,0.000,0.000,auto,30,0.096,1073741824,0,
lltp,petri-nets/MCC,,,TokenRing-15-unfolded_100_1.p,intuitionistic,horn,1,,5,0,3,provable,unknown,timeout,,horn,IMELL,28990,31,5008.343,8747343,7181328,1566015,0,0,0,2048,4980.000,8.234,auto,30,,1073741824,0,
lltp,petri-nets/MCC,,,TokenRing-15-unfolded_5_1.p,intuitionistic,horn,1,,5,0,3,provable,proved,,ok,horn,IMELL,28990,31,4.009,5,0,5,0,0,0,2048,0.000,0.037,auto,30,0.342,1073741824,0,
lltp,petri-nets/MCC,,,TokenRing-20-unfolded_50_1.p,intuitionistic,horn,1,,5,0,3,provable,unknown,timeout,,horn,IMELL,67450,41,5006.666,5472595,4466408,1006187,0,0,0,2048,4980.000,8.555,auto,30,,1073741824,0,
lltp,petri-nets/MCC,,,TokenRing-30-unfolded_20_1.p,intuitionistic,horn,1,,5,0,3,provable,proved,,ok,horn,IMELL,223570,61,29.026,19,0,19,0,0,0,2048,30.000,0.104,auto,30,2.146,1073741824,0,
lltp,petri-nets/MCC,,,TokenRing-40-unfolded_1_1.p,intuitionistic,horn,1,,5,0,3,provable,proved,,ok,horn,IMELL,525290,81,93.617,1,0,1,0,0,0,2048,100.000,0.162,auto,30,5.825,1073741824,0,
lltp,petri-nets/MCC,,,TokenRing-5-unfolded_20_1.p,intuitionistic,horn,1,,5,0,3,provable,proved,,ok,horn,IMELL,1270,11,0.294,107,43,64,0,0,0,2048,0.000,0.000,auto,30,0.030,1073741824,0,
lltp,petri-nets/MCC,,,TokenRing-50-unfolded_100_1.p,intuitionistic,horn,1,,5,0,3,provable,unknown,timeout,,horn,IMELL,1020610,101,5008.455,124358,86367,37991,0,0,0,2048,4980.000,9.179,auto,30,,1073741824,0,
lltp,petri-nets/MCC,,,TokenRing-50-unfolded_5_1.p,intuitionistic,horn,1,,5,0,3,provable,proved,,ok,horn,IMELL,1020610,101,190.652,4,0,4,0,0,0,2048,200.000,0.383,auto,30,12.920,1073741824,0,
lltp,petri-nets/MCC,,,TriangularGrid_trg_1-20-0_10_1.p,intuitionistic,horn,1,,5,0,3,provable,proved,,ok,horn,IMELL,358,22,0.101,10,0,10,0,0,0,2048,0.000,0.000,auto,30,0.027,1073741824,0,
lltp,petri-nets/MCC,,,TriangularGrid_trg_1-20-0_5_1.p,intuitionistic,horn,1,,5,0,3,provable,proved,,ok,horn,IMELL,358,22,0.076,5,0,5,0,0,0,2048,0.000,0.000,auto,30,0.023,1073741824,0,
lltp,petri-nets/MCC,,,TriangularGrid_trg_1-50-0_20_1.p,intuitionistic,horn,1,,5,0,3,provable,proved,,ok,horn,IMELL,718,54,0.116,20,0,20,0,0,0,2048,0.000,0.000,auto,30,0.050,1073741824,0,
lltp,petri-nets/MCC,,,TriangularGrid_trg_2-01-1_10_1.p,intuitionistic,horn,1,,5,0,3,provable,proved,,ok,horn,IMELL,470,8,0.114,10,0,10,0,0,0,2048,0.000,0.000,auto,30,0.019,1073741824,0,
lltp,petri-nets/MCC,,,TriangularGrid_trg_2-01-1_5_1.p,intuitionistic,horn,1,,5,0,3,provable,proved,,ok,horn,IMELL,470,8,0.106,5,0,5,0,0,0,2048,0.000,0.000,auto,30,0.017,1073741824,0,
lltp,petri-nets/MCC,,,TriangularGrid_trg_3-01-1_50_1.p,intuitionistic,horn,1,,5,0,3,provable,proved,,ok,horn,IMELL,1006,9,0.254,50,0,50,0,0,0,2048,0.000,0.000,auto,30,0.047,1073741824,0,
lltp,petri-nets/MCC,,,TriangularGrid_trg_3-02-6_20_1.p,intuitionistic,horn,1,,5,0,3,provable,proved,,ok,horn,IMELL,1294,15,0.230,20,0,20,0,0,0,2048,0.000,0.000,auto,30,0.051,1073741824,0,
lltp,petri-nets/MCC,,,TriangularGrid_trg_4-02-2_1_1.p,intuitionistic,horn,1,,5,0,3,provable,proved,,ok,horn,IMELL,1998,9,0.263,1,0,1,0,0,0,2048,0.000,0.000,auto,30,0.061,1073741824,0,
lltp,petri-nets/MCC,,,TriangularGrid_trg_5-02-0_100_1.p,intuitionistic,horn,1,,5,0,3,provable,proved,,ok,horn,IMELL,2878,9,1802.148,550699,281216,269483,0,0,0,2048,1780.000,3.246,auto,30,0.669,1073741824,0,
lltp,petri-nets/MCC,,,TriangularGrid_trg_5-02-0_5_1.p,intuitionistic,horn,1,,5,0,3,provable,proved,,ok,horn,IMELL,2878,7,0.364,5,0,5,0,0,0,2048,0.000,0.000,auto,30,0.079,1073741824,0,
lltp,petri-nets/MCC,,,TriangularGrid_trg_5-04-6_50_1.p,intuitionistic,horn,1,,5,0,3,provable,proved,,ok,horn,IMELL,4078,14,0.626,50,0,50,0,0,0,2048,0.000,0.000,auto,30,0.228,1073741824,0,
lltp,petri-nets/MCC,,,UtahNoC_1_1.p,intuitionistic,horn,1,,5,0,3,provable,proved,,ok,horn,IMELL,5826,99,0.941,1,0,1,0,0,0,2048,0.000,0.060,auto,30,0.127,1073741824,0,
lltp,petri-nets/MCC,,,Vasy2003_20_1.p,intuitionistic,horn,1,,5,0,3,provable,proved,,ok,horn,IMELL,5738,105,0.982,89,37,52,0,0,0,2048,0.000,0.000,auto,30,0.084,1073741824,0,
